solid 
facet normal -0.050863072 -0.9371473 0.34520698
 outer loop
  vertex 1.7655649 -0.42369413 0.73520935
  vertex 1.7649059 -0.42730665 0.7253052
  vertex 1.9809542 -0.4437642 0.7124599
 endloop
endfacet
facet normal 0.18228225 -0.8742811 0.4498952
 outer loop
  vertex 6.005718 -0.3760748 0.40345645
  vertex 6.005234 -0.37303972 0.4095508
  vertex 5.586567 -0.450325 0.4289919
 endloop
endfacet
facet normal 0.21023148 -0.86836076 0.44916856
 outer loop
  vertex 6.005234 -0.37303972 0.4095508
  vertex 6.005718 -0.3760748 0.40345645
  vertex 6.107852 -0.3520069 0.4021827
 endloop
endfacet
facet normal -0.033576224 -0.8283593 0.5591901
 outer loop
  vertex 2.6181679 -0.521255 0.6340426
  vertex 2.6191664 -0.5164857 0.64116764
  vertex 2.1924133 -0.48301888 0.66511977
 endloop
endfacet
facet normal 0.4301435 -0.0068204445 0.90273476
 outer loop
  vertex 6.2886496 -0.0015788078 0.49935067
  vertex 6.2844715 -0.0015788078 0.50134146
  vertex 6.2883577 -0.035729885 0.4992317
 endloop
endfacet
facet normal 0.36904255 -0.76034546 0.5344926
 outer loop
  vertex 6.2874165 -0.28575134 0.4162506
  vertex 6.283186 -0.28763723 0.41648877
  vertex 6.2869473 -0.28981256 0.41079724
 endloop
endfacet
facet normal 0.34382358 -0.80727017 0.47968757
 outer loop
  vertex 6.267622 -0.293921 0.4178332
  vertex 6.249585 -0.30022955 0.42014468
  vertex 6.2674103 -0.29770565 0.41161573
 endloop
endfacet
facet normal 0.2787556 -0.92986876 0.24008201
 outer loop
  vertex 6.1832294 -0.3182397 0.43401217
  vertex 6.1801796 -0.3189602 0.43476272
  vertex 6.1538076 -0.328115 0.42992508
 endloop
endfacet
facet normal 0.14438102 -0.9880901 0.05321589
 outer loop
  vertex 5.26429 -0.48946762 0.49258125
  vertex 5.2295017 -0.49445486 0.49436462
  vertex 5.1652822 -0.5043435 0.48499143
 endloop
endfacet
facet normal -0.05860768 -0.98136723 0.18298526
 outer loop
  vertex 1.8395176 -0.42151356 0.7647451
  vertex 1.8356037 -0.42127466 0.7647728
  vertex 1.7661886 -0.42075348 0.7453352
 endloop
endfacet
facet normal -0.059677802 -0.97360784 0.22028685
 outer loop
  vertex 1.9825058 -0.4373083 0.73076975
  vertex 1.98384 -0.4333105 0.7488004
  vertex 1.7661886 -0.42075348 0.7453352
 endloop
endfacet
facet normal -0.05954645 -0.98063564 0.18656933
 outer loop
  vertex 1.7661886 -0.42075348 0.7453352
  vertex 1.98384 -0.4333105 0.7488004
  vertex 1.8395882 -0.42151785 0.76474416
 endloop
endfacet
facet normal -0.057329718 -0.9823374 0.17811924
 outer loop
  vertex 1.7661886 -0.42075348 0.7453352
  vertex 1.8395882 -0.42151785 0.76474416
  vertex 1.8395176 -0.42151356 0.7647451
 endloop
endfacet
facet normal -0.072286814 -0.9847996 0.15793762
 outer loop
  vertex 2.6256495 -0.49492788 0.69685066
  vertex 2.6263905 -0.4937544 0.704507
  vertex 2.5719395 -0.4893961 0.70676076
 endloop
endfacet
facet normal 0.038394943 -0.9950363 0.09180737
 outer loop
  vertex 4.586791 -0.555532 0.5465766
  vertex 4.293253 -0.5638709 0.5789579
  vertex 4.32802 -0.5642142 0.56069684
 endloop
endfacet
facet normal -0.007987302 -0.9999617 0.0035930998
 outer loop
  vertex 4.32802 -0.5642142 0.56069684
  vertex 4.293253 -0.5638709 0.5789579
  vertex 4.003521 -0.56143904 0.6116872
 endloop
endfacet
facet normal -0.013626656 -0.99938446 -0.032326784
 outer loop
  vertex 4.32802 -0.5642142 0.56069684
  vertex 4.003521 -0.56143904 0.6116872
  vertex 3.9062023 -0.55987453 0.60434306
 endloop
endfacet
facet normal -0.02342648 -0.9948616 0.09849639
 outer loop
  vertex 3.9062023 -0.55987453 0.60434306
  vertex 4.003521 -0.56143904 0.6116872
  vertex 3.706007 -0.552114 0.6351135
 endloop
endfacet
facet normal -0.03535642 -0.9991335 0.021956515
 outer loop
  vertex 3.9062023 -0.55987453 0.60434306
  vertex 3.706007 -0.552114 0.6351135
  vertex 3.4787884 -0.5440254 0.63729703
 endloop
endfacet
facet normal -0.034747504 -0.99652755 0.07566619
 outer loop
  vertex 3.4787884 -0.5440254 0.63729703
  vertex 3.706007 -0.552114 0.6351135
  vertex 3.4735012 -0.542593 0.6537341
 endloop
endfacet
facet normal 0.0866449 -0.9951484 -0.04660675
 outer loop
  vertex 4.7472897 -0.5465727 0.5174762
  vertex 4.9213476 -0.5313258 0.5155095
  vertex 4.838434 -0.5388794 0.5226524
 endloop
endfacet
facet normal 0.083379544 -0.99643564 0.012804122
 outer loop
  vertex 4.838434 -0.5388794 0.5226524
  vertex 4.8074703 -0.5414343 0.52546155
  vertex 4.7472897 -0.5465727 0.5174762
 endloop
endfacet
facet normal 0.07939394 -0.9959361 0.04251974
 outer loop
  vertex 4.7472897 -0.5465727 0.5174762
  vertex 4.8074703 -0.5414343 0.52546155
  vertex 4.748376 -0.545908 0.5310174
 endloop
endfacet
facet normal 0.06696417 -0.9968041 0.043559425
 outer loop
  vertex 4.7472897 -0.5465727 0.5174762
  vertex 4.748376 -0.545908 0.5310174
  vertex 4.636902 -0.5529294 0.5417104
 endloop
endfacet
facet normal 0.18579502 -0.98243994 0.017083554
 outer loop
  vertex 6.0036077 -0.36045885 0.44837213
  vertex 5.6679087 -0.42339087 0.48023295
  vertex 5.5858555 -0.43909025 0.46977663
 endloop
endfacet
facet normal 0.16432263 -0.97173315 0.16950698
 outer loop
  vertex 5.5858555 -0.43909025 0.46977663
  vertex 5.6679087 -0.42339087 0.48023295
  vertex 5.2655687 -0.48928022 0.49254322
 endloop
endfacet
facet normal 0.15162195 -0.9874653 -0.04385178
 outer loop
  vertex 5.5858555 -0.43909025 0.46977663
  vertex 5.2655687 -0.48928022 0.49254322
  vertex 5.1652822 -0.5043435 0.48499143
 endloop
endfacet
facet normal 0.14604972 -0.9887372 0.032683212
 outer loop
  vertex 5.1652822 -0.5043435 0.48499143
  vertex 5.2655687 -0.48928022 0.49254322
  vertex 5.2643566 -0.48945808 0.4925791
 endloop
endfacet
facet normal 0.14321579 -0.9874147 0.067092426
 outer loop
  vertex 5.1652822 -0.5043435 0.48499143
  vertex 5.2643566 -0.48945808 0.4925791
  vertex 5.26429 -0.48946762 0.49258125
 endloop
endfacet
facet normal 0.21836029 -0.96555555 0.14149645
 outer loop
  vertex 6.021137 -0.35485935 0.4595306
  vertex 6.0128345 -0.3566184 0.4603399
  vertex 6.0036077 -0.36045885 0.44837213
 endloop
endfacet
facet normal 0.21275914 -0.9661352 0.14600076
 outer loop
  vertex 6.0036077 -0.36045885 0.44837213
  vertex 6.0128345 -0.3566184 0.4603399
  vertex 5.9537888 -0.36886024 0.4653759
 endloop
endfacet
facet normal 0.19059254 -0.97881615 0.07478968
 outer loop
  vertex 6.0036077 -0.36045885 0.44837213
  vertex 5.9537888 -0.36886024 0.4653759
  vertex 5.6679087 -0.42339087 0.48023295
 endloop
endfacet
facet normal 0.22487524 -0.965509 0.13123831
 outer loop
  vertex 6.021137 -0.35485935 0.4595306
  vertex 6.0036077 -0.36045885 0.44837213
  vertex 6.0824356 -0.34155607 0.45236766
 endloop
endfacet
facet normal 0.22167642 -0.96026707 0.16954865
 outer loop
  vertex 6.0824356 -0.34155607 0.45236766
  vertex 6.0036077 -0.36045885 0.44837213
  vertex 6.1048727 -0.33901548 0.43742132
 endloop
endfacet
facet normal 0.24427839 -0.9476538 0.20562218
 outer loop
  vertex 6.0824356 -0.34155607 0.45236766
  vertex 6.1048727 -0.33901548 0.43742132
  vertex 6.1157207 -0.33406496 0.44734943
 endloop
endfacet
facet normal 0.3295879 -0.84414446 0.42283782
 outer loop
  vertex 6.246662 -0.30479193 0.41338873
  vertex 6.243494 -0.30222082 0.42099106
  vertex 6.2396383 -0.30343676 0.421569
 endloop
endfacet
facet normal 0.30064207 -0.86512667 0.40146005
 outer loop
  vertex 6.246662 -0.30479193 0.41338873
  vertex 6.2396383 -0.30343676 0.421569
  vertex 6.200877 -0.31718874 0.42096126
 endloop
endfacet
facet normal 0.31387436 -0.89827305 0.30755237
 outer loop
  vertex 6.200877 -0.31718874 0.42096126
  vertex 6.2396383 -0.30343676 0.421569
  vertex 6.2159805 -0.3100834 0.42630017
 endloop
endfacet
facet normal 0.30394426 -0.8938163 0.3297125
 outer loop
  vertex 6.200877 -0.31718874 0.42096126
  vertex 6.2159805 -0.3100834 0.42630017
  vertex 6.198944 -0.31442785 0.43022776
 endloop
endfacet
facet normal 0.36440295 -0.80091876 0.47512063
 outer loop
  vertex 6.267622 -0.293921 0.4178332
  vertex 6.2674103 -0.29770565 0.41161573
  vertex 6.283186 -0.28763723 0.41648877
 endloop
endfacet
facet normal 0.39400625 -0.75306696 0.52692425
 outer loop
  vertex 6.2874165 -0.28575134 0.4162506
  vertex 6.2869473 -0.28981256 0.41079724
  vertex 6.3055077 -0.27635288 0.41615498
 endloop
endfacet
facet normal 0.38963774 -0.7058639 0.59155595
 outer loop
  vertex 6.3046227 -0.28098345 0.41121256
  vertex 6.3195133 -0.2710848 0.413216
  vertex 6.3055077 -0.27635288 0.41615498
 endloop
endfacet
facet normal 0.38379562 -0.66012025 0.6457105
 outer loop
  vertex 6.3055077 -0.27635288 0.41615498
  vertex 6.3195133 -0.2710848 0.413216
  vertex 6.316986 -0.2683754 0.41748798
 endloop
endfacet
facet normal 0.39414868 -0.5664341 0.72373974
 outer loop
  vertex 6.343582 -0.2474513 0.42000377
  vertex 6.3323364 -0.24990273 0.4242096
  vertex 6.3360176 -0.26052332 0.41389263
 endloop
endfacet
facet normal 0.4144509 -0.556133 0.7203794
 outer loop
  vertex 6.3360176 -0.26052332 0.41389263
  vertex 6.3323364 -0.24990273 0.4242096
  vertex 6.3287964 -0.2559271 0.42159545
 endloop
endfacet
facet normal 0.38960838 -0.5828879 0.7130548
 outer loop
  vertex 6.3360176 -0.26052332 0.41389263
  vertex 6.3287964 -0.2559271 0.42159545
  vertex 6.323559 -0.26234484 0.41921103
 endloop
endfacet
facet normal 0.49639443 -0.42609587 0.7563299
 outer loop
  vertex 6.3368177 -0.22556734 0.43677223
  vertex 6.3364162 -0.23621511 0.43103707
  vertex 6.343582 -0.2474513 0.42000377
 endloop
endfacet
facet normal 0.4209004 -0.48456204 0.7668393
 outer loop
  vertex 6.343582 -0.2474513 0.42000377
  vertex 6.3364162 -0.23621511 0.43103707
  vertex 6.334937 -0.24321651 0.4274248
 endloop
endfacet
facet normal 0.39638284 -0.51850706 0.7576484
 outer loop
  vertex 6.343582 -0.2474513 0.42000377
  vertex 6.334937 -0.24321651 0.4274248
  vertex 6.3323364 -0.24990273 0.4242096
 endloop
endfacet
facet normal 0.47790697 -0.21099965 0.85269225
 outer loop
  vertex 6.319955 -0.16051054 0.4686854
  vertex 6.3259335 -0.17859173 0.46086037
  vertex 6.3346825 -0.1870985 0.45385182
 endloop
endfacet
facet normal 0.38104388 -0.32210657 0.8666332
 outer loop
  vertex 6.3346825 -0.1870985 0.45385182
  vertex 6.3259335 -0.17859173 0.46086037
  vertex 6.334358 -0.20820475 0.4461497
 endloop
endfacet
facet normal 0.45895794 -0.3107849 0.83232826
 outer loop
  vertex 6.3346825 -0.1870985 0.45385182
  vertex 6.334358 -0.20820475 0.4461497
  vertex 6.3472614 -0.21807528 0.4353491
 endloop
endfacet
facet normal 0.3771271 -0.006448946 0.92613906
 outer loop
  vertex 6.2886496 -0.0015788078 0.49935067
  vertex 6.2883577 -0.035729885 0.4992317
  vertex 6.3014946 -0.0015788078 0.49412012
 endloop
endfacet
facet normal 0.2880837 0.0038016418 0.9575977
 outer loop
  vertex 6.3120556 -0.0015788078 0.49075663
  vertex 6.3063507 -0.0015788078 0.4924729
  vertex 6.2998466 -0.022032738 0.49451077
 endloop
endfacet
facet normal -0.17759176 -0.18497702 0.96656334
 outer loop
  vertex 6.35013 -0.09981108 0.4725057
  vertex 6.3479137 -0.056506634 0.4803859
  vertex 6.33523 -0.017587185 0.48550367
 endloop
endfacet
facet normal 0.18819429 -0.06750888 0.97980887
 outer loop
  vertex 6.33523 -0.017587185 0.48550367
  vertex 6.3479137 -0.056506634 0.4803859
  vertex 6.341316 -0.0015788078 0.48543763
 endloop
endfacet
facet normal 0.123402715 -0.042827323 0.99143213
 outer loop
  vertex 6.33523 -0.017587185 0.48550367
  vertex 6.341316 -0.0015788078 0.48543763
  vertex 6.3294144 -0.0015788078 0.48691905
 endloop
endfacet
facet normal 0.013895937 -0.33729407 0.9412967
 outer loop
  vertex 6.377411 -0.1756978 0.44491053
  vertex 6.3599644 -0.10988903 0.46874928
  vertex 6.35013 -0.09981108 0.4725057
 endloop
endfacet
facet normal 0.14051566 -0.22248052 0.96475786
 outer loop
  vertex 6.35013 -0.09981108 0.4725057
  vertex 6.3599644 -0.10988903 0.46874928
  vertex 6.3569136 -0.09810209 0.4719118
 endloop
endfacet
facet normal 0.12864327 -0.1711679 0.9768073
 outer loop
  vertex 6.35013 -0.09981108 0.4725057
  vertex 6.3569136 -0.09810209 0.4719118
  vertex 6.3479137 -0.056506634 0.4803859
 endloop
endfacet
facet normal 0.15643214 -0.2873835 0.9449549
 outer loop
  vertex 6.35013 -0.09981108 0.4725057
  vertex 6.370945 -0.17629719 0.44579864
  vertex 6.377411 -0.1756978 0.44491053
 endloop
endfacet
facet normal 0.16113402 -0.40412185 0.9004007
 outer loop
  vertex 6.377411 -0.1756978 0.44491053
  vertex 6.370945 -0.17629719 0.44579864
  vertex 6.3763866 -0.21323729 0.4282452
 endloop
endfacet
facet normal -0.08730134 -0.89070517 0.44611976
 outer loop
  vertex 0.8935909 -0.3540597 0.74413407
  vertex 0.9117174 -0.35947037 0.7368785
  vertex 0.9122219 -0.35551357 0.7448772
 endloop
endfacet
facet normal -0.08233728 -0.9029009 0.42188933
 outer loop
  vertex 1.1256685 -0.3754778 0.7443758
  vertex 0.96393967 -0.35955334 0.7468928
  vertex 0.9117174 -0.35947037 0.7368785
 endloop
endfacet
facet normal -0.08682489 -0.89111745 0.44538882
 outer loop
  vertex 0.9117174 -0.35947037 0.7368785
  vertex 0.96393967 -0.35955334 0.7468928
  vertex 0.938159 -0.35753918 0.74589694
 endloop
endfacet
facet normal -0.08710199 -0.89072585 0.44611746
 outer loop
  vertex 0.9117174 -0.35947037 0.7368785
  vertex 0.938159 -0.35753918 0.74589694
  vertex 0.9122219 -0.35551357 0.7448772
 endloop
endfacet
facet normal -0.077220686 -0.9527892 0.29364902
 outer loop
  vertex 1.3398438 -0.3882289 0.7590705
  vertex 1.3300552 -0.3875141 0.75881565
  vertex 1.3393202 -0.39088106 0.75032747
 endloop
endfacet
facet normal -0.07894657 -0.95317906 0.2919199
 outer loop
  vertex 1.3393202 -0.39088106 0.75032747
  vertex 1.3300552 -0.3875141 0.75881565
  vertex 1.2335768 -0.38035107 0.75611293
 endloop
endfacet
facet normal -0.07697409 -0.9459979 0.3149013
 outer loop
  vertex 1.3393202 -0.39088106 0.75032747
  vertex 1.2335768 -0.38035107 0.75611293
  vertex 1.1256685 -0.3754778 0.7443758
 endloop
endfacet
facet normal -0.08222144 -0.924567 0.37204242
 outer loop
  vertex 1.1256685 -0.3754778 0.7443758
  vertex 1.2335768 -0.38035107 0.75611293
  vertex 1.1261969 -0.3721671 0.75272
 endloop
endfacet
facet normal -0.08521577 -0.92426735 0.37211314
 outer loop
  vertex 1.1256685 -0.3754778 0.7443758
  vertex 1.1261969 -0.3721671 0.75272
  vertex 0.96393967 -0.35955334 0.7468928
 endloop
endfacet
facet normal -0.074197896 -0.95305985 0.29355013
 outer loop
  vertex 1.3398438 -0.3882289 0.7590705
  vertex 1.3393202 -0.39088106 0.75032747
  vertex 1.4929905 -0.39908934 0.7625197
 endloop
endfacet
facet normal -0.06948455 -0.9728338 0.22083081
 outer loop
  vertex 1.4929905 -0.39908934 0.7625197
  vertex 1.3393202 -0.39088106 0.75032747
  vertex 1.5528994 -0.40520906 0.7544106
 endloop
endfacet
facet normal -0.07039943 -0.974072 0.21500626
 outer loop
  vertex 1.4929905 -0.39908934 0.7625197
  vertex 1.5528994 -0.40520906 0.7544106
  vertex 1.5313377 -0.40171194 0.7631942
 endloop
endfacet
facet normal -0.06162189 -0.9700516 0.23495236
 outer loop
  vertex 1.5313377 -0.40171194 0.7631942
  vertex 1.5528994 -0.40520906 0.7544106
  vertex 1.7667732 -0.41849804 0.75563776
 endloop
endfacet
facet normal -0.064780556 -0.9838095 0.16710001
 outer loop
  vertex 1.5313377 -0.40171194 0.7631942
  vertex 1.7667732 -0.41849804 0.75563776
  vertex 1.797349 -0.41892624 0.7649702
 endloop
endfacet
facet normal -0.024266304 -0.7557567 0.65440273
 outer loop
  vertex 1.975626 -0.4758296 0.66426563
  vertex 1.9774876 -0.4631729 0.6789516
  vertex 1.761179 -0.45477438 0.68062985
 endloop
endfacet
facet normal -0.011358108 -0.6635814 0.74801785
 outer loop
  vertex 2.1881218 -0.50704527 0.6398002
  vertex 2.189209 -0.50051403 0.6456107
  vertex 1.975626 -0.4758296 0.66426563
 endloop
endfacet
facet normal -0.01405438 -0.83001566 0.557563
 outer loop
  vertex 2.6191664 -0.5164857 0.64116764
  vertex 2.6181679 -0.521255 0.6340426
  vertex 3.0460825 -0.5384097 0.61929166
 endloop
endfacet
facet normal -0.018529233 -0.8762436 0.48151192
 outer loop
  vertex 3.0460825 -0.5384097 0.61929166
  vertex 2.6181679 -0.521255 0.6340426
  vertex 3.0452385 -0.54272795 0.61140096
 endloop
endfacet
facet normal -0.0063804807 -0.87692475 0.4805852
 outer loop
  vertex 3.0460825 -0.5384097 0.61929166
  vertex 3.0452385 -0.54272795 0.61140096
  vertex 3.4742756 -0.5580163 0.5892004
 endloop
endfacet
facet normal -0.008230432 -0.89077437 0.4543714
 outer loop
  vertex 3.4742756 -0.5580163 0.5892004
  vertex 3.0452385 -0.54272795 0.61140096
  vertex 3.4735022 -0.5618191 0.5817312
 endloop
endfacet
facet normal 0.003098924 -0.8912747 0.4534531
 outer loop
  vertex 3.4742756 -0.5580163 0.5892004
  vertex 3.4735022 -0.5618191 0.5817312
  vertex 3.9008865 -0.57879925 0.5454354
 endloop
endfacet
facet normal 0.27335894 -0.2116761 0.9383327
 outer loop
  vertex 6.336725 -0.10341883 0.47459805
  vertex 6.3301315 -0.10530996 0.47609234
  vertex 6.347946 -0.14242887 0.46252894
 endloop
endfacet
facet normal 0.26327014 -0.21711735 0.9399728
 outer loop
  vertex 6.347946 -0.14242887 0.46252894
  vertex 6.3301315 -0.10530996 0.47609234
  vertex 6.341604 -0.14445734 0.46383667
 endloop
endfacet
facet normal 0.28122073 -0.28935093 0.9149814
 outer loop
  vertex 6.347946 -0.14242887 0.46252894
  vertex 6.341604 -0.14445734 0.46383667
  vertex 6.3585567 -0.1795454 0.44753015
 endloop
endfacet
facet normal 0.26969483 -0.2956029 0.91645163
 outer loop
  vertex 6.3585567 -0.1795454 0.44753015
  vertex 6.341604 -0.14445734 0.46383667
  vertex 6.35246 -0.18130636 0.44875634
 endloop
endfacet
facet normal 0.28601572 -0.37676203 0.8810479
 outer loop
  vertex 6.3585567 -0.1795454 0.44753015
  vertex 6.35246 -0.18130636 0.44875634
  vertex 6.364544 -0.21487188 0.43047988
 endloop
endfacet
facet normal -0.017308133 -0.74295336 0.6691194
 outer loop
  vertex 2.1913586 -0.488482 0.65829027
  vertex 2.1902885 -0.49431992 0.6517805
  vertex 2.6171598 -0.52640915 0.62719226
 endloop
endfacet
facet normal -0.020138603 -0.76297677 0.64611214
 outer loop
  vertex 2.6171598 -0.52640915 0.62719226
  vertex 2.1902885 -0.49431992 0.6517805
  vertex 2.6161451 -0.5319333 0.6206373
 endloop
endfacet
facet normal -0.002389449 -0.7644858 0.64463615
 outer loop
  vertex 2.6171598 -0.52640915 0.62719226
  vertex 2.6161451 -0.5319333 0.6206373
  vertex 3.0443916 -0.547493 0.60377216
 endloop
endfacet
facet normal -0.006868199 -0.81581765 0.57826847
 outer loop
  vertex 3.0443916 -0.547493 0.60377216
  vertex 2.6161451 -0.5319333 0.6206373
  vertex 3.043542 -0.55268955 0.5964308
 endloop
endfacet
facet normal 0.004183868 -0.81643313 0.5774248
 outer loop
  vertex 3.0443916 -0.547493 0.60377216
  vertex 3.043542 -0.55268955 0.5964308
  vertex 3.4727278 -0.56601715 0.57447684
 endloop
endfacet
facet normal 0.001945015 -0.8374944 0.54644245
 outer loop
  vertex 3.4727278 -0.56601715 0.57447684
  vertex 3.043542 -0.55268955 0.5964308
  vertex 3.4719553 -0.5705986 0.5674579
 endloop
endfacet
facet normal 0.012658433 -0.83796805 0.5455725
 outer loop
  vertex 3.4727278 -0.56601715 0.57447684
  vertex 3.4719553 -0.5705986 0.5674579
  vertex 3.8995762 -0.58706474 0.53224516
 endloop
endfacet
facet normal 0.24125746 -0.38836193 0.8893649
 outer loop
  vertex 6.364544 -0.21487188 0.43047988
  vertex 6.3704386 -0.21400356 0.42926002
  vertex 6.3585567 -0.1795454 0.44753015
 endloop
endfacet
facet normal 0.24686906 -0.38612637 0.88879806
 outer loop
  vertex 6.3585567 -0.1795454 0.44753015
  vertex 6.3704386 -0.21400356 0.42926002
  vertex 6.3647213 -0.17787504 0.44654357
 endloop
endfacet
facet normal 0.23095681 -0.3070578 0.9232413
 outer loop
  vertex 6.3585567 -0.1795454 0.44753015
  vertex 6.3647213 -0.17787504 0.44654357
  vertex 6.347946 -0.14242887 0.46252894
 endloop
endfacet
facet normal 0.44709706 -0.18324447 0.8755145
 outer loop
  vertex 6.347946 -0.14242887 0.46252894
  vertex 6.3647213 -0.17787504 0.44654357
  vertex 6.343395 -0.101584435 0.47340167
 endloop
endfacet
facet normal 0.2318655 -0.22602215 0.9461249
 outer loop
  vertex 6.347946 -0.14242887 0.46252894
  vertex 6.343395 -0.101584435 0.47340167
  vertex 6.336725 -0.10341883 0.47459805
 endloop
endfacet
facet normal 0.17752576 -0.84110725 0.51090425
 outer loop
  vertex 5.5881157 -0.46360826 0.40410316
  vertex 6.006262 -0.379364 0.39750063
  vertex 5.5872364 -0.45641708 0.4162476
 endloop
endfacet
facet normal 0.1481693 -0.8462251 0.5118094
 outer loop
  vertex 5.5881157 -0.46360826 0.40410316
  vertex 5.5872364 -0.45641708 0.4162476
  vertex 5.1656914 -0.52744055 0.42085516
 endloop
endfacet
facet normal 0.14970861 -0.85652196 0.49392045
 outer loop
  vertex 5.1656914 -0.52744055 0.42085516
  vertex 5.5872364 -0.45641708 0.4162476
  vertex 5.1652803 -0.52063465 0.43278205
 endloop
endfacet
facet normal 0.118665956 -0.8606372 0.495199
 outer loop
  vertex 5.1656914 -0.52744055 0.42085516
  vertex 5.1652803 -0.52063465 0.43278205
  vertex 4.743244 -0.56879044 0.45022285
 endloop
endfacet
facet normal 0.11917514 -0.87349254 0.4720255
 outer loop
  vertex 4.743244 -0.56879044 0.45022285
  vertex 5.1652803 -0.52063465 0.43278205
  vertex 4.743805 -0.56193495 0.46276748
 endloop
endfacet
facet normal 0.04707607 -0.8485329 0.5270444
 outer loop
  vertex 3.8995762 -0.58706474 0.53224516
  vertex 4.321331 -0.58056736 0.5050343
  vertex 3.9008865 -0.57879925 0.5454354
 endloop
endfacet
facet normal 0.01065308 -0.8478025 0.53020513
 outer loop
  vertex 3.8995762 -0.58706474 0.53224516
  vertex 3.9008865 -0.57879925 0.5454354
  vertex 3.4727278 -0.56601715 0.57447684
 endloop
endfacet
facet normal 0.008079368 -0.8658658 0.50021106
 outer loop
  vertex 3.4727278 -0.56601715 0.57447684
  vertex 3.9008865 -0.57879925 0.5454354
  vertex 3.4735022 -0.5618191 0.5817312
 endloop
endfacet
facet normal -0.0031510298 -0.8653702 0.5011232
 outer loop
  vertex 3.4727278 -0.56601715 0.57447684
  vertex 3.4735022 -0.5618191 0.5817312
  vertex 3.0443916 -0.547493 0.60377216
 endloop
endfacet
facet normal -0.0010986596 -0.8480911 0.5298493
 outer loop
  vertex 3.0443916 -0.547493 0.60377216
  vertex 3.4735022 -0.5618191 0.5817312
  vertex 3.0452385 -0.54272795 0.61140096
 endloop
endfacet
facet normal -0.012727214 -0.84744227 0.5307349
 outer loop
  vertex 3.0443916 -0.547493 0.60377216
  vertex 3.0452385 -0.54272795 0.61140096
  vertex 2.6171598 -0.52640915 0.62719226
 endloop
endfacet
facet normal -0.008232555 -0.79847354 0.60197365
 outer loop
  vertex 2.6171598 -0.52640915 0.62719226
  vertex 3.0452385 -0.54272795 0.61140096
  vertex 2.6181679 -0.521255 0.6340426
 endloop
endfacet
facet normal -0.026902622 -0.79688793 0.60352796
 outer loop
  vertex 2.6171598 -0.52640915 0.62719226
  vertex 2.6181679 -0.521255 0.6340426
  vertex 2.1913586 -0.488482 0.65829027
 endloop
endfacet
facet normal -0.02419727 -0.77884036 0.62675524
 outer loop
  vertex 2.1913586 -0.488482 0.65829027
  vertex 2.6181679 -0.521255 0.6340426
  vertex 2.1924133 -0.48301888 0.66511977
 endloop
endfacet
facet normal -0.059259485 -0.98088866 0.18532583
 outer loop
  vertex 1.8356037 -0.42127466 0.7647728
  vertex 1.797349 -0.41892624 0.7649702
  vertex 1.7661886 -0.42075348 0.7453352
 endloop
endfacet
facet normal -0.08000944 -0.97277534 0.21750063
 outer loop
  vertex 1.7661886 -0.42075348 0.7453352
  vertex 1.797349 -0.41892624 0.7649702
  vertex 1.7667732 -0.41849804 0.75563776
 endloop
endfacet
facet normal -0.058725614 -0.97447795 0.21666566
 outer loop
  vertex 1.7661886 -0.42075348 0.7453352
  vertex 1.7667732 -0.41849804 0.75563776
  vertex 1.5522966 -0.40806198 0.7444428
 endloop
endfacet
facet normal -0.061158527 -0.9586131 0.2780658
 outer loop
  vertex 1.5522966 -0.40806198 0.7444428
  vertex 1.7667732 -0.41849804 0.75563776
  vertex 1.5528994 -0.40520906 0.7544106
 endloop
endfacet
facet normal -0.065951735 -0.95824194 0.27824938
 outer loop
  vertex 1.5522966 -0.40806198 0.7444428
  vertex 1.5528994 -0.40520906 0.7544106
  vertex 1.3386927 -0.39441013 0.74082816
 endloop
endfacet
facet normal -0.069352075 -0.93363965 0.35143608
 outer loop
  vertex 1.3386927 -0.39441013 0.74082816
  vertex 1.5528994 -0.40520906 0.7544106
  vertex 1.3393202 -0.39088106 0.75032747
 endloop
endfacet
facet normal -0.073262766 -0.93329215 0.35156533
 outer loop
  vertex 1.3386927 -0.39441013 0.74082816
  vertex 1.3393202 -0.39088106 0.75032747
  vertex 1.1250343 -0.37969828 0.7353591
 endloop
endfacet
facet normal -0.07685056 -0.9009302 0.42710513
 outer loop
  vertex 1.1250343 -0.37969828 0.7353591
  vertex 1.3393202 -0.39088106 0.75032747
  vertex 1.1256685 -0.3754778 0.7443758
 endloop
endfacet
facet normal -0.078622945 -0.9007566 0.42714855
 outer loop
  vertex 1.1250343 -0.37969828 0.7353591
  vertex 1.1256685 -0.3754778 0.7443758
  vertex 0.911108 -0.36438036 0.7282847
 endloop
endfacet
facet normal -0.08203417 -0.8628325 0.4987891
 outer loop
  vertex 0.911108 -0.36438036 0.7282847
  vertex 1.1256685 -0.3754778 0.7443758
  vertex 0.9117174 -0.35947037 0.7368785
 endloop
endfacet
facet normal -0.058265742 -0.9930569 0.10219178
 outer loop
  vertex 3.0509024 -0.52257633 0.67063713
  vertex 3.0516415 -0.5216975 0.67959845
  vertex 2.6256495 -0.49492788 0.69685066
 endloop
endfacet
facet normal -0.069161676 -0.95646435 0.28353584
 outer loop
  vertex 2.1991386 -0.45654345 0.71997344
  vertex 2.1982708 -0.45897722 0.7115518
  vertex 2.6247978 -0.49667072 0.6884395
 endloop
endfacet
facet normal -0.07079966 -0.9622603 0.26275918
 outer loop
  vertex 2.6247978 -0.49667072 0.6884395
  vertex 2.1982708 -0.45897722 0.7115518
  vertex 2.6239166 -0.49887228 0.68013966
 endloop
endfacet
facet normal -0.04553186 -0.9643632 0.26063472
 outer loop
  vertex 2.6247978 -0.49667072 0.6884395
  vertex 2.6239166 -0.49887228 0.68013966
  vertex 3.0501413 -0.5239682 0.66174304
 endloop
endfacet
facet normal -0.048152134 -0.9754232 0.21501397
 outer loop
  vertex 3.0501413 -0.5239682 0.66174304
  vertex 2.6239166 -0.49887228 0.68013966
  vertex 3.0493593 -0.5258689 0.6529454
 endloop
endfacet
facet normal -0.07316712 -0.96930003 0.23474242
 outer loop
  vertex 2.1968584 -0.45444727 0.72791827
  vertex 1.98384 -0.4333105 0.7488004
  vertex 2.1991386 -0.45654345 0.71997344
 endloop
endfacet
facet normal -0.07531222 -0.97232527 0.22115935
 outer loop
  vertex 2.1991386 -0.45654345 0.71997344
  vertex 1.98384 -0.4333105 0.7488004
  vertex 1.9825058 -0.4373083 0.73076975
 endloop
endfacet
facet normal -0.07077551 -0.9563102 0.28365767
 outer loop
  vertex 2.1991386 -0.45654345 0.71997344
  vertex 1.9825058 -0.4373083 0.73076975
  vertex 2.1982708 -0.45897722 0.7115518
 endloop
endfacet
facet normal -0.06436706 -0.9394475 0.33659348
 outer loop
  vertex 2.1982708 -0.45897722 0.7115518
  vertex 1.9825058 -0.4373083 0.73076975
  vertex 2.1973667 -0.46187782 0.7032832
 endloop
endfacet
facet normal -0.06322916 -0.93955576 0.33650702
 outer loop
  vertex 2.1982708 -0.45897722 0.7115518
  vertex 2.1973667 -0.46187782 0.7032832
  vertex 2.6239166 -0.49887228 0.68013966
 endloop
endfacet
facet normal -0.06502431 -0.94683987 0.31506515
 outer loop
  vertex 2.6239166 -0.49887228 0.68013966
  vertex 2.1973667 -0.46187782 0.7032832
  vertex 2.6230087 -0.50152636 0.6719762
 endloop
endfacet
facet normal -0.04020782 -0.9489089 0.31297794
 outer loop
  vertex 2.6239166 -0.49887228 0.68013966
  vertex 2.6230087 -0.50152636 0.6719762
  vertex 3.0493593 -0.5258689 0.6529454
 endloop
endfacet
facet normal -0.051021896 -0.9371363 0.34521347
 outer loop
  vertex 1.7649059 -0.42730665 0.7253052
  vertex 1.7655649 -0.42369413 0.73520935
  vertex 1.5509663 -0.41570282 0.72518575
 endloop
endfacet
facet normal -0.052813936 -0.9141603 0.4018975
 outer loop
  vertex 1.5509663 -0.41570282 0.72518575
  vertex 1.7655649 -0.42369413 0.73520935
  vertex 1.551651 -0.4115653 0.734687
 endloop
endfacet
facet normal -0.05804276 -0.91375506 0.4020979
 outer loop
  vertex 1.5509663 -0.41570282 0.72518575
  vertex 1.551651 -0.4115653 0.734687
  vertex 1.3373051 -0.40326118 0.72261703
 endloop
endfacet
facet normal -0.060538493 -0.881229 0.46879694
 outer loop
  vertex 1.3373051 -0.40326118 0.72261703
  vertex 1.551651 -0.4115653 0.734687
  vertex 1.3380203 -0.39854288 0.7315787
 endloop
endfacet
facet normal -0.065118134 -0.880822 0.4689481
 outer loop
  vertex 1.3373051 -0.40326118 0.72261703
  vertex 1.3380203 -0.39854288 0.7315787
  vertex 1.1236248 -0.38980293 0.7182239
 endloop
endfacet
facet normal -0.0677617 -0.8402597 0.5379331
 outer loop
  vertex 1.1236248 -0.38980293 0.7182239
  vertex 1.3380203 -0.39854288 0.7315787
  vertex 1.1243525 -0.38448 0.7266301
 endloop
endfacet
facet normal -0.05413855 -0.8966477 0.4394223
 outer loop
  vertex 1.9809542 -0.4437642 0.7124599
  vertex 2.1954632 -0.4690423 0.68730795
  vertex 2.1964293 -0.4652362 0.6951934
 endloop
endfacet
facet normal -0.050792348 -0.89696836 0.43916714
 outer loop
  vertex 2.1964293 -0.4652362 0.6951934
  vertex 2.1954632 -0.4690423 0.68730795
  vertex 2.622076 -0.50462484 0.66397345
 endloop
endfacet
facet normal -0.06282388 -0.80482143 0.5901827
 outer loop
  vertex 1.1236248 -0.38980293 0.7182239
  vertex 1.1228552 -0.39564562 0.71017444
  vertex 1.3373051 -0.40326118 0.72261703
 endloop
endfacet
facet normal -0.060604952 -0.84900635 0.5248956
 outer loop
  vertex 1.3373051 -0.40326118 0.72261703
  vertex 1.1228552 -0.39564562 0.71017444
  vertex 1.3365498 -0.40854645 0.71398103
 endloop
endfacet
facet normal -0.05577182 -0.84943604 0.52473587
 outer loop
  vertex 1.3373051 -0.40326118 0.72261703
  vertex 1.3365498 -0.40854645 0.71398103
  vertex 1.5509663 -0.41570282 0.72518575
 endloop
endfacet
facet normal -0.05367218 -0.8855049 0.46151957
 outer loop
  vertex 1.5509663 -0.41570282 0.72518575
  vertex 1.3365498 -0.40854645 0.71398103
  vertex 1.5502453 -0.4204569 0.7159804
 endloop
endfacet
facet normal -0.048308846 -0.8859207 0.46131426
 outer loop
  vertex 1.5509663 -0.41570282 0.72518575
  vertex 1.5502453 -0.4204569 0.7159804
  vertex 1.7649059 -0.42730665 0.7253052
 endloop
endfacet
facet normal -0.04679704 -0.9121047 0.40727773
 outer loop
  vertex 1.7649059 -0.42730665 0.7253052
  vertex 1.5502453 -0.4204569 0.7159804
  vertex 1.7642136 -0.43157434 0.7156681
 endloop
endfacet
facet normal -0.0452767 -0.91220945 0.4072149
 outer loop
  vertex 1.7649059 -0.42730665 0.7253052
  vertex 1.7642136 -0.43157434 0.7156681
  vertex 1.9809542 -0.4437642 0.7124599
 endloop
endfacet
facet normal -0.0435247 -0.89219797 0.4495422
 outer loop
  vertex 1.9809542 -0.4437642 0.7124599
  vertex 1.7642136 -0.43157434 0.7156681
  vertex 1.9792728 -0.45242977 0.69509876
 endloop
endfacet
facet normal -0.05228554 -0.89148027 0.45003238
 outer loop
  vertex 1.9809542 -0.4437642 0.7124599
  vertex 1.9792728 -0.45242977 0.69509876
  vertex 2.1954632 -0.4690423 0.68730795
 endloop
endfacet
facet normal -0.010844415 -0.95199645 0.30591697
 outer loop
  vertex 3.903555 -0.5663943 0.5739429
  vertex 3.476574 -0.5490823 0.61268103
  vertex 3.4758139 -0.5516391 0.60469747
 endloop
endfacet
facet normal -0.031020049 -0.9510329 0.3075292
 outer loop
  vertex 3.4758139 -0.5516391 0.60469747
  vertex 3.476574 -0.5490823 0.61268103
  vertex 2.622076 -0.50462484 0.66397345
 endloop
endfacet
facet normal -0.021381758 -0.910085 0.41386974
 outer loop
  vertex 3.4758139 -0.5516391 0.60469747
  vertex 2.622076 -0.50462484 0.66397345
  vertex 2.6211243 -0.50815773 0.6561556
 endloop
endfacet
facet normal -0.052912105 -0.90756315 0.4165687
 outer loop
  vertex 2.6211243 -0.50815773 0.6561556
  vertex 2.622076 -0.50462484 0.66397345
  vertex 2.1954632 -0.4690423 0.68730795
 endloop
endfacet
facet normal -0.044328187 -0.87143797 0.48849854
 outer loop
  vertex 2.6211243 -0.50815773 0.6561556
  vertex 2.1954632 -0.4690423 0.68730795
  vertex 2.1944695 -0.47328377 0.6796514
 endloop
endfacet
facet normal -0.04930861 -0.8709572 0.48887858
 outer loop
  vertex 2.1944695 -0.47328377 0.6796514
  vertex 2.1954632 -0.4690423 0.68730795
  vertex 1.9792728 -0.45242977 0.69509876
 endloop
endfacet
facet normal -0.03204903 -0.9763552 0.21378367
 outer loop
  vertex 3.0493593 -0.5258689 0.6529454
  vertex 3.4773235 -0.5469575 0.62079084
  vertex 3.0501413 -0.5239682 0.66174304
 endloop
endfacet
facet normal -0.037987974 -0.9867602 0.15767448
 outer loop
  vertex 3.0501413 -0.5239682 0.66174304
  vertex 3.4773235 -0.5469575 0.62079084
  vertex 3.0509024 -0.52257633 0.67063713
 endloop
endfacet
facet normal -0.053300533 -0.98586386 0.15884434
 outer loop
  vertex 3.0501413 -0.5239682 0.66174304
  vertex 3.0509024 -0.52257633 0.67063713
  vertex 2.6247978 -0.49667072 0.6884395
 endloop
endfacet
facet normal -0.05072088 -0.9769073 0.20755602
 outer loop
  vertex 2.6247978 -0.49667072 0.6884395
  vertex 3.0509024 -0.52257633 0.67063713
  vertex 2.6256495 -0.49492788 0.69685066
 endloop
endfacet
facet normal -0.07635726 -0.97477746 0.20971033
 outer loop
  vertex 2.6247978 -0.49667072 0.6884395
  vertex 2.6256495 -0.49492788 0.69685066
  vertex 2.1991386 -0.45654345 0.71997344
 endloop
endfacet
facet normal -0.08387424 -0.9915554 0.09890825
 outer loop
  vertex 2.1991386 -0.45654345 0.71997344
  vertex 2.6256495 -0.49492788 0.69685066
  vertex 2.5719395 -0.4893961 0.70676076
 endloop
endfacet
facet normal -0.07713677 -0.9692694 0.23359503
 outer loop
  vertex 2.1991386 -0.45654345 0.71997344
  vertex 2.5719395 -0.4893961 0.70676076
  vertex 2.1968584 -0.45444727 0.72791827
 endloop
endfacet
facet normal -0.058991387 -0.98586476 0.15681411
 outer loop
  vertex 2.6263905 -0.4937544 0.704507
  vertex 2.6256495 -0.49492788 0.69685066
  vertex 3.0208063 -0.5196252 0.6902355
 endloop
endfacet
facet normal -0.06213325 -0.9979653 0.014311196
 outer loop
  vertex 3.0208063 -0.5196252 0.6902355
  vertex 2.6256495 -0.49492788 0.69685066
  vertex 3.0516415 -0.5216975 0.67959845
 endloop
endfacet
facet normal -0.04557557 -0.9970272 0.06212668
 outer loop
  vertex 3.0208063 -0.5196252 0.6902355
  vertex 3.0516415 -0.5216975 0.67959845
  vertex 3.4735012 -0.542593 0.6537341
 endloop
endfacet
facet normal -0.04303848 -0.99395263 0.10102373
 outer loop
  vertex 3.4735012 -0.542593 0.6537341
  vertex 3.0516415 -0.5216975 0.67959845
  vertex 3.0509024 -0.52257633 0.67063713
 endloop
endfacet
facet normal -0.04429094 -0.9963785 0.07258349
 outer loop
  vertex 3.4735012 -0.542593 0.6537341
  vertex 3.0509024 -0.52257633 0.67063713
  vertex 3.4787884 -0.5440254 0.63729703
 endloop
endfacet
facet normal -0.035440434 -0.98342186 0.17783496
 outer loop
  vertex 3.4787884 -0.5440254 0.63729703
  vertex 3.0509024 -0.52257633 0.67063713
  vertex 3.4773235 -0.5469575 0.62079084
 endloop
endfacet
facet normal -0.02285458 -0.9839784 0.17681685
 outer loop
  vertex 3.4787884 -0.5440254 0.63729703
  vertex 3.4773235 -0.5469575 0.62079084
  vertex 3.9062023 -0.55987453 0.60434306
 endloop
endfacet
facet normal -0.023468481 -0.9863952 0.16270733
 outer loop
  vertex 3.9062023 -0.55987453 0.60434306
  vertex 3.4773235 -0.5469575 0.62079084
  vertex 3.9048882 -0.56237745 0.58897984
 endloop
endfacet
facet normal 0.006427223 -0.9870543 0.16025744
 outer loop
  vertex 3.9062023 -0.55987453 0.60434306
  vertex 3.9048882 -0.56237745 0.58897984
  vertex 4.32802 -0.5642142 0.56069684
 endloop
endfacet
facet normal 0.38389662 -0.61516255 0.68862057
 outer loop
  vertex 6.323559 -0.26234484 0.41921103
  vertex 6.316986 -0.2683754 0.41748798
  vertex 6.3360176 -0.26052332 0.41389263
 endloop
endfacet
facet normal 0.39208075 -0.6541394 0.64681864
 outer loop
  vertex 6.3360176 -0.26052332 0.41389263
  vertex 6.316986 -0.2683754 0.41748798
  vertex 6.3195133 -0.2710848 0.413216
 endloop
endfacet
facet normal 0.37615383 -0.6312639 0.6782435
 outer loop
  vertex 6.3360176 -0.26052332 0.41389263
  vertex 6.3195133 -0.2710848 0.413216
  vertex 6.324253 -0.272532 0.40924037
 endloop
endfacet
facet normal 0.3518278 -0.66299945 0.6607942
 outer loop
  vertex 6.324253 -0.272532 0.40924037
  vertex 6.3195133 -0.2710848 0.413216
  vertex 6.3046227 -0.28098345 0.41121256
 endloop
endfacet
facet normal 0.3381032 -0.7826829 0.5225836
 outer loop
  vertex 6.283186 -0.28763723 0.41648877
  vertex 6.2674103 -0.29770565 0.41161573
  vertex 6.2869473 -0.28981256 0.41079724
 endloop
endfacet
facet normal 0.3568392 -0.8410988 0.40647107
 outer loop
  vertex 6.2869473 -0.28981256 0.41079724
  vertex 6.2674103 -0.29770565 0.41161573
  vertex 6.2501535 -0.30792475 0.40561926
 endloop
endfacet
facet normal 0.303216 -0.7746261 0.55499053
 outer loop
  vertex 6.2869473 -0.28981256 0.41079724
  vertex 6.2501535 -0.30792475 0.40561926
  vertex 6.291025 -0.29236746 0.4050033
 endloop
endfacet
facet normal 0.39536276 -0.17059565 0.90254384
 outer loop
  vertex 6.3172255 -0.10925007 0.4799626
  vertex 6.310939 -0.111290455 0.4823308
  vertex 6.329191 -0.14872503 0.46725953
 endloop
endfacet
facet normal 0.3819746 -0.17880131 0.90671134
 outer loop
  vertex 6.329191 -0.14872503 0.46725953
  vertex 6.310939 -0.111290455 0.4823308
  vertex 6.323141 -0.15095663 0.46936822
 endloop
endfacet
facet normal 0.39915633 -0.24808976 0.88268095
 outer loop
  vertex 6.329191 -0.14872503 0.46725953
  vertex 6.323141 -0.15095663 0.46936822
  vertex 6.340513 -0.18508577 0.4519199
 endloop
endfacet
facet normal 0.12792924 -0.9793277 0.15668929
 outer loop
  vertex 5.2295017 -0.49445486 0.49436462
  vertex 4.9213476 -0.5313258 0.5155095
  vertex 5.1652822 -0.5043435 0.48499143
 endloop
endfacet
facet normal 0.083327696 -0.97674775 -0.19753549
 outer loop
  vertex 5.1652822 -0.5043435 0.48499143
  vertex 4.9213476 -0.5313258 0.5155095
  vertex 4.7472897 -0.5465727 0.5174762
 endloop
endfacet
facet normal 0.109561056 -0.9856453 0.12845168
 outer loop
  vertex 5.1652822 -0.5043435 0.48499143
  vertex 4.7472897 -0.5465727 0.5174762
  vertex 4.7462463 -0.5485306 0.5033426
 endloop
endfacet
facet normal 0.05551048 -0.9895624 0.13298425
 outer loop
  vertex 4.7462463 -0.5485306 0.5033426
  vertex 4.7472897 -0.5465727 0.5174762
  vertex 4.3262596 -0.5663204 0.54627633
 endloop
endfacet
facet normal 0.06452695 -0.97134846 0.22873242
 outer loop
  vertex 4.7462463 -0.5485306 0.5033426
  vertex 4.3262596 -0.5663204 0.54627633
  vertex 4.324547 -0.56976986 0.5321109
 endloop
endfacet
facet normal 0.015537593 -0.9719206 0.23479527
 outer loop
  vertex 4.324547 -0.56976986 0.5321109
  vertex 4.3262596 -0.5663204 0.54627633
  vertex 3.903555 -0.5663943 0.5739429
 endloop
endfacet
facet normal 0.027323946 -0.9361544 0.35052562
 outer loop
  vertex 4.324547 -0.56976986 0.5321109
  vertex 3.903555 -0.5663943 0.5739429
  vertex 3.902216 -0.57188606 0.5593804
 endloop
endfacet
facet normal -0.006859363 -0.93544656 0.3534017
 outer loop
  vertex 3.902216 -0.57188606 0.5593804
  vertex 3.903555 -0.5663943 0.5739429
  vertex 3.4758139 -0.5516391 0.60469747
 endloop
endfacet
facet normal -0.006517887 -0.9344061 0.35614988
 outer loop
  vertex 3.902216 -0.57188606 0.5593804
  vertex 3.4758139 -0.5516391 0.60469747
  vertex 3.475047 -0.5546198 0.59686315
 endloop
endfacet
facet normal -0.025953667 -0.93347645 0.35769835
 outer loop
  vertex 3.475047 -0.5546198 0.59686315
  vertex 3.4758139 -0.5516391 0.60469747
  vertex 2.6211243 -0.50815773 0.6561556
 endloop
endfacet
facet normal -0.016072067 -0.8862216 0.4629827
 outer loop
  vertex 3.475047 -0.5546198 0.59686315
  vertex 2.6211243 -0.50815773 0.6561556
  vertex 2.6201525 -0.5121155 0.6485461
 endloop
endfacet
facet normal -0.046596654 -0.8837657 0.46560368
 outer loop
  vertex 2.6201525 -0.5121155 0.6485461
  vertex 2.6211243 -0.50815773 0.6561556
  vertex 2.1944695 -0.47328377 0.6796514
 endloop
endfacet
facet normal -0.03772464 -0.8431637 0.5363317
 outer loop
  vertex 2.6201525 -0.5121155 0.6485461
  vertex 2.1944695 -0.47328377 0.6796514
  vertex 2.193452 -0.4779477 0.67224765
 endloop
endfacet
facet normal -0.04312861 -0.8426413 0.53674537
 outer loop
  vertex 2.193452 -0.4779477 0.67224765
  vertex 2.1944695 -0.47328377 0.6796514
  vertex 1.9792728 -0.45242977 0.69509876
 endloop
endfacet
facet normal -0.039500225 -0.82989496 0.55651957
 outer loop
  vertex 2.193452 -0.4779477 0.67224765
  vertex 1.9792728 -0.45242977 0.69509876
  vertex 1.9774876 -0.4631729 0.6789516
 endloop
endfacet
facet normal 0.025637822 -0.94582546 0.32366163
 outer loop
  vertex 3.902216 -0.57188606 0.5593804
  vertex 4.3229 -0.5745325 0.51832366
  vertex 4.324547 -0.56976986 0.5321109
 endloop
endfacet
facet normal 0.07269456 -0.9453423 0.31787342
 outer loop
  vertex 4.324547 -0.56976986 0.5321109
  vertex 4.3229 -0.5745325 0.51832366
  vertex 4.7453127 -0.55176306 0.48943734
 endloop
endfacet
facet normal 0.06414033 -0.9729638 0.22187251
 outer loop
  vertex 4.324547 -0.56976986 0.5321109
  vertex 4.7453127 -0.55176306 0.48943734
  vertex 4.7462463 -0.5485306 0.5033426
 endloop
endfacet
facet normal 0.11339161 -0.9693983 0.21773677
 outer loop
  vertex 4.7462463 -0.5485306 0.5033426
  vertex 4.7453127 -0.55176306 0.48943734
  vertex 5.1650333 -0.50670576 0.47145998
 endloop
endfacet
facet normal 0.11067493 -0.9793926 0.16894156
 outer loop
  vertex 4.7462463 -0.5485306 0.5033426
  vertex 5.1650333 -0.50670576 0.47145998
  vertex 5.1652822 -0.5043435 0.48499143
 endloop
endfacet
facet normal 0.15672052 -0.97341293 0.16705063
 outer loop
  vertex 5.1652822 -0.5043435 0.48499143
  vertex 5.1650333 -0.50670576 0.47145998
  vertex 5.5858727 -0.44162655 0.45586467
 endloop
endfacet
facet normal 0.15714994 -0.9715265 0.1773134
 outer loop
  vertex 5.1652822 -0.5043435 0.48499143
  vertex 5.5858727 -0.44162655 0.45586467
  vertex 5.5858555 -0.43909025 0.46977663
 endloop
endfacet
facet normal 0.18918335 -0.96597797 0.17634137
 outer loop
  vertex 5.5858555 -0.43909025 0.46977663
  vertex 5.5858727 -0.44162655 0.45586467
  vertex 6.0039005 -0.36355114 0.43508232
 endloop
endfacet
facet normal 0.19136482 -0.9550424 0.22643629
 outer loop
  vertex 5.5858555 -0.43909025 0.46977663
  vertex 6.0039005 -0.36355114 0.43508232
  vertex 6.0036077 -0.36045885 0.44837213
 endloop
endfacet
facet normal 0.21872059 -0.9493244 0.22570843
 outer loop
  vertex 6.0036077 -0.36045885 0.44837213
  vertex 6.0039005 -0.36355114 0.43508232
  vertex 6.105633 -0.3424306 0.4253322
 endloop
endfacet
facet normal 0.22767247 -0.93322647 0.2779453
 outer loop
  vertex 6.0036077 -0.36045885 0.44837213
  vertex 6.105633 -0.3424306 0.4253322
  vertex 6.1048727 -0.33901548 0.43742132
 endloop
endfacet
facet normal 0.2492127 -0.92776316 0.27775624
 outer loop
  vertex 6.1048727 -0.33901548 0.43742132
  vertex 6.105633 -0.3424306 0.4253322
  vertex 6.1538076 -0.328115 0.42992508
 endloop
endfacet
facet normal 0.24284126 -0.9476784 0.20720476
 outer loop
  vertex 6.1048727 -0.33901548 0.43742132
  vertex 6.1538076 -0.328115 0.42992508
  vertex 6.1157207 -0.33406496 0.44734943
 endloop
endfacet
facet normal 0.2699207 -0.9228107 0.2748879
 outer loop
  vertex 6.1157207 -0.33406496 0.44734943
  vertex 6.1538076 -0.328115 0.42992508
  vertex 6.1801796 -0.3189602 0.43476272
 endloop
endfacet
facet normal 0.25119945 -0.85918695 0.44575402
 outer loop
  vertex 6.15644 -0.33600712 0.40823412
  vertex 6.204771 -0.32491207 0.4023832
  vertex 6.202732 -0.3207612 0.411533
 endloop
endfacet
facet normal 0.3430199 -0.71534425 0.6087856
 outer loop
  vertex 6.3055077 -0.27635288 0.41615498
  vertex 6.2869473 -0.28981256 0.41079724
  vertex 6.3046227 -0.28098345 0.41121256
 endloop
endfacet
facet normal 0.35480112 -0.7373334 0.5748527
 outer loop
  vertex 6.3046227 -0.28098345 0.41121256
  vertex 6.2869473 -0.28981256 0.41079724
  vertex 6.291025 -0.29236746 0.4050033
 endloop
endfacet
facet normal 0.3769493 -0.7481116 0.5461118
 outer loop
  vertex 6.3046227 -0.28098345 0.41121256
  vertex 6.291025 -0.29236746 0.4050033
  vertex 6.324253 -0.272532 0.40924037
 endloop
endfacet
facet normal 0.31116733 -0.6660642 0.6778889
 outer loop
  vertex 6.324253 -0.272532 0.40924037
  vertex 6.291025 -0.29236746 0.4050033
  vertex 6.3290825 -0.27414465 0.40543902
 endloop
endfacet
facet normal 0.34978607 -0.6160888 0.7057508
 outer loop
  vertex 6.324253 -0.272532 0.40924037
  vertex 6.3290825 -0.27414465 0.40543902
  vertex 6.3360176 -0.26052332 0.41389263
 endloop
endfacet
facet normal 0.4463885 -0.6248225 0.64057326
 outer loop
  vertex 6.3360176 -0.26052332 0.41389263
  vertex 6.3290825 -0.27414465 0.40543902
  vertex 6.3489246 -0.24757004 0.41753304
 endloop
endfacet
facet normal 0.33973953 -0.55244696 0.7611698
 outer loop
  vertex 6.3360176 -0.26052332 0.41389263
  vertex 6.3489246 -0.24757004 0.41753304
  vertex 6.343582 -0.2474513 0.42000377
 endloop
endfacet
facet normal 0.27824277 -0.38012812 0.8820905
 outer loop
  vertex 6.3587093 -0.21584082 0.43190277
  vertex 6.364544 -0.21487188 0.43047988
  vertex 6.35246 -0.18130636 0.44875634
 endloop
endfacet
facet normal 0.33293074 -0.3642194 0.8697709
 outer loop
  vertex 6.3587093 -0.21584082 0.43190277
  vertex 6.35246 -0.18130636 0.44875634
  vertex 6.3472614 -0.21807528 0.4353491
 endloop
endfacet
facet normal 0.3459011 -0.27122557 0.89821446
 outer loop
  vertex 6.340513 -0.18508577 0.4519199
  vertex 6.3464413 -0.18315363 0.45022047
  vertex 6.329191 -0.14872503 0.46725953
 endloop
endfacet
facet normal 0.36053598 -0.2623471 0.895091
 outer loop
  vertex 6.329191 -0.14872503 0.46725953
  vertex 6.3464413 -0.18315363 0.45022047
  vertex 6.335349 -0.14655733 0.46541452
 endloop
endfacet
facet normal 0.34305423 -0.19190884 0.91950244
 outer loop
  vertex 6.329191 -0.14872503 0.46725953
  vertex 6.335349 -0.14655733 0.46541452
  vertex 6.3172255 -0.10925007 0.4799626
 endloop
endfacet
facet normal 0.35535908 -0.18468373 0.91630334
 outer loop
  vertex 6.3172255 -0.10925007 0.4799626
  vertex 6.335349 -0.14655733 0.46541452
  vertex 6.3236275 -0.10725546 0.4778818
 endloop
endfacet
facet normal 0.33314505 -0.09017233 0.93855387
 outer loop
  vertex 6.3172255 -0.10925007 0.4799626
  vertex 6.3236275 -0.10725546 0.4778818
  vertex 6.2998466 -0.022032738 0.49451077
 endloop
endfacet
facet normal 0.3241466 -0.0932388 0.9414008
 outer loop
  vertex 6.2998466 -0.022032738 0.49451077
  vertex 6.3236275 -0.10725546 0.4778818
  vertex 6.313732 -0.020217896 0.4899094
 endloop
endfacet
facet normal 0.31625068 -0.014669611 0.94856226
 outer loop
  vertex 6.2998466 -0.022032738 0.49451077
  vertex 6.313732 -0.020217896 0.4899094
  vertex 6.3120556 -0.0015788078 0.49075663
 endloop
endfacet
facet normal 0.24917671 -0.021596223 0.96821725
 outer loop
  vertex 6.3120556 -0.0015788078 0.49075663
  vertex 6.313732 -0.020217896 0.4899094
  vertex 6.3208246 -0.019327164 0.488104
 endloop
endfacet
facet normal 0.24737263 -0.022553416 0.9686579
 outer loop
  vertex 6.3120556 -0.0015788078 0.49075663
  vertex 6.3208246 -0.019327164 0.488104
  vertex 6.3192835 -0.0015788078 0.4889108
 endloop
endfacet
facet normal 0.20384826 -0.026786348 0.978636
 outer loop
  vertex 6.3192835 -0.0015788078 0.4889108
  vertex 6.3208246 -0.019327164 0.488104
  vertex 6.3279953 -0.018449306 0.48663437
 endloop
endfacet
facet normal 0.20169236 -0.02795549 0.97904986
 outer loop
  vertex 6.3192835 -0.0015788078 0.4889108
  vertex 6.3279953 -0.018449306 0.48663437
  vertex 6.326581 -0.0015788078 0.48740745
 endloop
endfacet
facet normal 0.32122108 -0.00779422 0.9469722
 outer loop
  vertex 6.3063507 -0.0015788078 0.4924729
  vertex 6.3014946 -0.0015788078 0.49412012
  vertex 6.2998466 -0.022032738 0.49451077
 endloop
endfacet
facet normal 0.39451158 -0.01423758 0.9187807
 outer loop
  vertex 6.2998466 -0.022032738 0.49451077
  vertex 6.3014946 -0.0015788078 0.49412012
  vertex 6.2883577 -0.035729885 0.4992317
 endloop
endfacet
facet normal 0.44115052 -0.061440963 0.89532745
 outer loop
  vertex 6.2998466 -0.022032738 0.49451077
  vertex 6.2883577 -0.035729885 0.4992317
  vertex 6.3172255 -0.10925007 0.4799626
 endloop
endfacet
facet normal 0.45883575 -0.052309025 0.88698
 outer loop
  vertex 6.3172255 -0.10925007 0.4799626
  vertex 6.2883577 -0.035729885 0.4992317
  vertex 6.299447 -0.09217596 0.4901663
 endloop
endfacet
facet normal 0.38847554 -0.13980201 0.9107921
 outer loop
  vertex 6.3172255 -0.10925007 0.4799626
  vertex 6.299447 -0.09217596 0.4901663
  vertex 6.310939 -0.111290455 0.4823308
 endloop
endfacet
facet normal 0.29615894 -0.2044107 0.9330092
 outer loop
  vertex 6.310939 -0.111290455 0.4823308
  vertex 6.299447 -0.09217596 0.4901663
  vertex 6.319955 -0.16051054 0.4686854
 endloop
endfacet
facet normal 0.36349142 -0.18645953 0.9127469
 outer loop
  vertex 6.310939 -0.111290455 0.4823308
  vertex 6.319955 -0.16051054 0.4686854
  vertex 6.323141 -0.15095663 0.46936822
 endloop
endfacet
facet normal 0.46914798 -0.21763186 0.85588354
 outer loop
  vertex 6.323141 -0.15095663 0.46936822
  vertex 6.319955 -0.16051054 0.4686854
  vertex 6.3346825 -0.1870985 0.45385182
 endloop
endfacet
facet normal 0.38304326 -0.25842103 0.8868463
 outer loop
  vertex 6.323141 -0.15095663 0.46936822
  vertex 6.3346825 -0.1870985 0.45385182
  vertex 6.340513 -0.18508577 0.4519199
 endloop
endfacet
facet normal 0.40029922 -0.34462985 0.84911174
 outer loop
  vertex 6.340513 -0.18508577 0.4519199
  vertex 6.3346825 -0.1870985 0.45385182
  vertex 6.3472614 -0.21807528 0.4353491
 endloop
endfacet
facet normal 0.36323753 -0.35780668 0.8602516
 outer loop
  vertex 6.340513 -0.18508577 0.4519199
  vertex 6.3472614 -0.21807528 0.4353491
  vertex 6.3464413 -0.18315363 0.45022047
 endloop
endfacet
facet normal 0.32417065 -0.3641897 0.87308604
 outer loop
  vertex 6.3464413 -0.18315363 0.45022047
  vertex 6.3472614 -0.21807528 0.4353491
  vertex 6.35246 -0.18130636 0.44875634
 endloop
endfacet
facet normal 0.3079822 -0.28368282 0.90811396
 outer loop
  vertex 6.3464413 -0.18315363 0.45022047
  vertex 6.35246 -0.18130636 0.44875634
  vertex 6.335349 -0.14655733 0.46541452
 endloop
endfacet
facet normal 0.32119766 -0.27609983 0.9058703
 outer loop
  vertex 6.335349 -0.14655733 0.46541452
  vertex 6.35246 -0.18130636 0.44875634
  vertex 6.341604 -0.14445734 0.46383667
 endloop
endfacet
facet normal 0.30346268 -0.20469566 0.9305966
 outer loop
  vertex 6.335349 -0.14655733 0.46541452
  vertex 6.341604 -0.14445734 0.46383667
  vertex 6.3236275 -0.10725546 0.4778818
 endloop
endfacet
facet normal 0.31471598 -0.19836327 0.92822725
 outer loop
  vertex 6.3236275 -0.10725546 0.4778818
  vertex 6.341604 -0.14445734 0.46383667
  vertex 6.3301315 -0.10530996 0.47609234
 endloop
endfacet
facet normal 0.29123574 -0.0983869 0.9515786
 outer loop
  vertex 6.3236275 -0.10725546 0.4778818
  vertex 6.3301315 -0.10530996 0.47609234
  vertex 6.313732 -0.020217896 0.4899094
 endloop
endfacet
facet normal 0.24914983 -0.10825434 0.9623956
 outer loop
  vertex 6.313732 -0.020217896 0.4899094
  vertex 6.3301315 -0.10530996 0.47609234
  vertex 6.336725 -0.10341883 0.47459805
 endloop
endfacet
facet normal 0.25773588 -0.10552091 0.96043605
 outer loop
  vertex 6.313732 -0.020217896 0.4899094
  vertex 6.336725 -0.10341883 0.47459805
  vertex 6.3208246 -0.019327164 0.488104
 endloop
endfacet
facet normal 0.20642121 -0.11699178 0.97144383
 outer loop
  vertex 6.3208246 -0.019327164 0.488104
  vertex 6.336725 -0.10341883 0.47459805
  vertex 6.343395 -0.101584435 0.47340167
 endloop
endfacet
facet normal 0.21293382 -0.11499603 0.9702758
 outer loop
  vertex 6.3208246 -0.019327164 0.488104
  vertex 6.343395 -0.101584435 0.47340167
  vertex 6.3279953 -0.018449306 0.48663437
 endloop
endfacet
facet normal 0.39487177 -0.39266595 0.830596
 outer loop
  vertex 6.334358 -0.20820475 0.4461497
  vertex 6.3368177 -0.22556734 0.43677223
  vertex 6.3472614 -0.21807528 0.4353491
 endloop
endfacet
facet normal 0.43491912 -0.45912126 0.77463096
 outer loop
  vertex 6.3472614 -0.21807528 0.4353491
  vertex 6.3368177 -0.22556734 0.43677223
  vertex 6.343582 -0.2474513 0.42000377
 endloop
endfacet
facet normal 0.33726853 -0.46872267 0.81642455
 outer loop
  vertex 6.3472614 -0.21807528 0.4353491
  vertex 6.343582 -0.2474513 0.42000377
  vertex 6.3587093 -0.21584082 0.43190277
 endloop
endfacet
facet normal 0.36070764 -0.47480255 0.802778
 outer loop
  vertex 6.3587093 -0.21584082 0.43190277
  vertex 6.343582 -0.2474513 0.42000377
  vertex 6.3489246 -0.24757004 0.41753304
 endloop
endfacet
facet normal 0.32711208 -0.4717127 0.8188314
 outer loop
  vertex 6.3587093 -0.21584082 0.43190277
  vertex 6.3489246 -0.24757004 0.41753304
  vertex 6.3543396 -0.24780464 0.41523468
 endloop
endfacet
facet normal 0.29954788 -0.57138264 0.7640634
 outer loop
  vertex 6.3543396 -0.24780464 0.41523468
  vertex 6.3489246 -0.24757004 0.41753304
  vertex 6.3290825 -0.27414465 0.40543902
 endloop
endfacet
facet normal 0.33330947 -0.82756567 0.45170772
 outer loop
  vertex 6.249585 -0.30022955 0.42014468
  vertex 6.243494 -0.30222082 0.42099106
  vertex 6.2674103 -0.29770565 0.41161573
 endloop
endfacet
facet normal 0.32512376 -0.8464185 0.42174658
 outer loop
  vertex 6.2674103 -0.29770565 0.41161573
  vertex 6.243494 -0.30222082 0.42099106
  vertex 6.246662 -0.30479193 0.41338873
 endloop
endfacet
facet normal 0.32053736 -0.8197683 0.4745901
 outer loop
  vertex 6.2674103 -0.29770565 0.41161573
  vertex 6.246662 -0.30479193 0.41338873
  vertex 6.2501535 -0.30792475 0.40561926
 endloop
endfacet
facet normal 0.3022781 -0.82918954 0.47018367
 outer loop
  vertex 6.2501535 -0.30792475 0.40561926
  vertex 6.246662 -0.30479193 0.41338873
  vertex 6.200877 -0.31718874 0.42096126
 endloop
endfacet
facet normal 0.28559026 -0.8762109 0.3881916
 outer loop
  vertex 6.2501535 -0.30792475 0.40561926
  vertex 6.200877 -0.31718874 0.42096126
  vertex 6.202732 -0.3207612 0.411533
 endloop
endfacet
facet normal 0.2621483 -0.8842019 0.38660753
 outer loop
  vertex 6.202732 -0.3207612 0.411533
  vertex 6.200877 -0.31718874 0.42096126
  vertex 6.155016 -0.33167553 0.41892612
 endloop
endfacet
facet normal 0.2624282 -0.88168013 0.3921371
 outer loop
  vertex 6.202732 -0.3207612 0.411533
  vertex 6.155016 -0.33167553 0.41892612
  vertex 6.15644 -0.33600712 0.40823412
 endloop
endfacet
facet normal 0.23415487 -0.88981366 0.39166713
 outer loop
  vertex 6.15644 -0.33600712 0.40823412
  vertex 6.155016 -0.33167553 0.41892612
  vertex 6.1066284 -0.3467703 0.413561
 endloop
endfacet
facet normal 0.23437592 -0.87329143 0.4271182
 outer loop
  vertex 6.15644 -0.33600712 0.40823412
  vertex 6.1066284 -0.3467703 0.413561
  vertex 6.107852 -0.3520069 0.4021827
 endloop
endfacet
facet normal 0.21604137 -0.8779279 0.42728046
 outer loop
  vertex 6.107852 -0.3520069 0.4021827
  vertex 6.1066284 -0.3467703 0.413561
  vertex 6.004444 -0.3677554 0.42210948
 endloop
endfacet
facet normal 0.21167426 -0.896014 0.39032406
 outer loop
  vertex 6.107852 -0.3520069 0.4021827
  vertex 6.004444 -0.3677554 0.42210948
  vertex 6.005234 -0.37303972 0.4095508
 endloop
endfacet
facet normal 0.18607137 -0.9013952 0.39097846
 outer loop
  vertex 6.005234 -0.37303972 0.4095508
  vertex 6.004444 -0.3677554 0.42210948
  vertex 5.586111 -0.44538164 0.4422331
 endloop
endfacet
facet normal 0.18575846 -0.91842365 0.34927326
 outer loop
  vertex 6.005234 -0.37303972 0.4095508
  vertex 5.586111 -0.44538164 0.4422331
  vertex 5.586567 -0.450325 0.4289919
 endloop
endfacet
facet normal 0.15547995 -0.92368275 0.35019428
 outer loop
  vertex 5.586567 -0.450325 0.4289919
  vertex 5.586111 -0.44538164 0.4422331
  vertex 5.1649504 -0.5102277 0.45818102
 endloop
endfacet
facet normal 0.15524283 -0.92912227 0.335606
 outer loop
  vertex 5.586567 -0.450325 0.4289919
  vertex 5.1649504 -0.5102277 0.45818102
  vertex 5.1650333 -0.51488256 0.44525564
 endloop
endfacet
facet normal 0.11643287 -0.93420935 0.33718893
 outer loop
  vertex 5.1650333 -0.51488256 0.44525564
  vertex 5.1649504 -0.5102277 0.45818102
  vertex 4.7444973 -0.5562434 0.47587502
 endloop
endfacet
facet normal 0.072244994 -0.9483331 0.30894175
 outer loop
  vertex 4.3229 -0.5745325 0.51832366
  vertex 4.7444973 -0.5562434 0.47587502
  vertex 4.7453127 -0.55176306 0.48943734
 endloop
endfacet
facet normal 0.11628559 -0.94514817 0.3052418
 outer loop
  vertex 4.7453127 -0.55176306 0.48943734
  vertex 4.7444973 -0.5562434 0.47587502
  vertex 5.1649504 -0.5102277 0.45818102
 endloop
endfacet
facet normal 0.11398609 -0.9604572 0.25402555
 outer loop
  vertex 4.7453127 -0.55176306 0.48943734
  vertex 5.1649504 -0.5102277 0.45818102
  vertex 5.1650333 -0.50670576 0.47145998
 endloop
endfacet
facet normal 0.15657906 -0.9549005 0.25228563
 outer loop
  vertex 5.1650333 -0.50670576 0.47145998
  vertex 5.1649504 -0.5102277 0.45818102
  vertex 5.586111 -0.44538164 0.4422331
 endloop
endfacet
facet normal 0.15694563 -0.95143545 0.26483697
 outer loop
  vertex 5.1650333 -0.50670576 0.47145998
  vertex 5.586111 -0.44538164 0.4422331
  vertex 5.5858727 -0.44162655 0.45586467
 endloop
endfacet
facet normal 0.1882361 -0.9460073 0.26388898
 outer loop
  vertex 5.5858727 -0.44162655 0.45586467
  vertex 5.586111 -0.44538164 0.4422331
  vertex 6.004444 -0.3677554 0.42210948
 endloop
endfacet
facet normal 0.18942286 -0.93171215 0.3098893
 outer loop
  vertex 5.5858727 -0.44162655 0.45586467
  vertex 6.004444 -0.3677554 0.42210948
  vertex 6.0039005 -0.36355114 0.43508232
 endloop
endfacet
facet normal 0.21606158 -0.9261291 0.30919617
 outer loop
  vertex 6.0039005 -0.36355114 0.43508232
  vertex 6.004444 -0.3677554 0.42210948
  vertex 6.1066284 -0.3467703 0.413561
 endloop
endfacet
facet normal 0.22251402 -0.9084859 0.3537527
 outer loop
  vertex 6.0039005 -0.36355114 0.43508232
  vertex 6.1066284 -0.3467703 0.413561
  vertex 6.105633 -0.3424306 0.4253322
 endloop
endfacet
facet normal 0.24261503 -0.9033947 0.35357592
 outer loop
  vertex 6.105633 -0.3424306 0.4253322
  vertex 6.1066284 -0.3467703 0.413561
  vertex 6.155016 -0.33167553 0.41892612
 endloop
endfacet
facet normal 0.24119626 -0.9152284 0.32277125
 outer loop
  vertex 6.105633 -0.3424306 0.4253322
  vertex 6.155016 -0.33167553 0.41892612
  vertex 6.1538076 -0.328115 0.42992508
 endloop
endfacet
facet normal 0.2719634 -0.90637845 0.3232863
 outer loop
  vertex 6.1538076 -0.328115 0.42992508
  vertex 6.155016 -0.33167553 0.41892612
  vertex 6.200877 -0.31718874 0.42096126
 endloop
endfacet
facet normal 0.26833472 -0.91900253 0.28884393
 outer loop
  vertex 6.1538076 -0.328115 0.42992508
  vertex 6.200877 -0.31718874 0.42096126
  vertex 6.1832294 -0.3182397 0.43401217
 endloop
endfacet
facet normal 0.29669347 -0.89651006 0.32900256
 outer loop
  vertex 6.1832294 -0.3182397 0.43401217
  vertex 6.200877 -0.31718874 0.42096126
  vertex 6.198944 -0.31442785 0.43022776
 endloop
endfacet
facet normal 0.16981456 -0.025411302 0.9851484
 outer loop
  vertex 6.3294144 -0.0015788078 0.48691905
  vertex 6.326581 -0.0015788078 0.48740745
  vertex 6.33523 -0.017587185 0.48550367
 endloop
endfacet
facet normal 0.15805596 -0.031973932 0.9869124
 outer loop
  vertex 6.33523 -0.017587185 0.48550367
  vertex 6.326581 -0.0015788078 0.48740745
  vertex 6.3279953 -0.018449306 0.48663437
 endloop
endfacet
facet normal 0.16765384 -0.124219425 0.9779886
 outer loop
  vertex 6.33523 -0.017587185 0.48550367
  vertex 6.3279953 -0.018449306 0.48663437
  vertex 6.35013 -0.09981108 0.4725057
 endloop
endfacet
facet normal 0.16323623 -0.12552212 0.97856945
 outer loop
  vertex 6.35013 -0.09981108 0.4725057
  vertex 6.3279953 -0.018449306 0.48663437
  vertex 6.343395 -0.101584435 0.47340167
 endloop
endfacet
facet normal 0.19754529 -0.2748093 0.9409866
 outer loop
  vertex 6.35013 -0.09981108 0.4725057
  vertex 6.343395 -0.101584435 0.47340167
  vertex 6.370945 -0.17629719 0.44579864
 endloop
endfacet
facet normal 0.18383095 -0.28029492 0.9421471
 outer loop
  vertex 6.370945 -0.17629719 0.44579864
  vertex 6.343395 -0.101584435 0.47340167
  vertex 6.3647213 -0.17787504 0.44654357
 endloop
endfacet
facet normal 0.20723018 -0.394807 0.8950883
 outer loop
  vertex 6.370945 -0.17629719 0.44579864
  vertex 6.3647213 -0.17787504 0.44654357
  vertex 6.3763866 -0.21323729 0.4282452
 endloop
endfacet
facet normal 0.20377995 -0.39606693 0.89532375
 outer loop
  vertex 6.3763866 -0.21323729 0.4282452
  vertex 6.3647213 -0.17787504 0.44654357
  vertex 6.3704386 -0.21400356 0.42926002
 endloop
endfacet
facet normal 0.017428031 -0.80769765 0.58933914
 outer loop
  vertex 3.4711866 -0.5755501 0.5606946
  vertex 3.8995762 -0.58706474 0.53224516
  vertex 3.4719553 -0.5705986 0.5674579
 endloop
endfacet
facet normal -0.010371963 -0.70476866 0.7093614
 outer loop
  vertex 2.189209 -0.50051403 0.6456107
  vertex 2.6161451 -0.5319333 0.6206373
  vertex 2.1902885 -0.49431992 0.6517805
 endloop
endfacet
facet normal -0.019333133 -0.70388925 0.7100465
 outer loop
  vertex 2.189209 -0.50051403 0.6456107
  vertex 2.1902885 -0.49431992 0.6517805
  vertex 1.975626 -0.4758296 0.66426563
 endloop
endfacet
facet normal -0.024979576 -0.74220407 0.6697083
 outer loop
  vertex 1.975626 -0.4758296 0.66426563
  vertex 2.1902885 -0.49431992 0.6517805
  vertex 2.1913586 -0.488482 0.65829027
 endloop
endfacet
facet normal -0.026186146 -0.7555993 0.6545105
 outer loop
  vertex 1.975626 -0.4758296 0.66426563
  vertex 2.1913586 -0.488482 0.65829027
  vertex 1.9774876 -0.4631729 0.6789516
 endloop
endfacet
facet normal -0.03148002 -0.7781312 0.6273124
 outer loop
  vertex 1.9774876 -0.4631729 0.6789516
  vertex 2.1913586 -0.488482 0.65829027
  vertex 2.1924133 -0.48301888 0.66511977
 endloop
endfacet
facet normal -0.037433755 -0.8116677 0.5829189
 outer loop
  vertex 1.9774876 -0.4631729 0.6789516
  vertex 2.1924133 -0.48301888 0.66511977
  vertex 2.193452 -0.4779477 0.67224765
 endloop
endfacet
facet normal -0.031011946 -0.8122914 0.58242685
 outer loop
  vertex 2.193452 -0.4779477 0.67224765
  vertex 2.1924133 -0.48301888 0.66511977
  vertex 2.6191664 -0.5164857 0.64116764
 endloop
endfacet
facet normal -0.04014719 -0.8573489 0.5131676
 outer loop
  vertex 2.193452 -0.4779477 0.67224765
  vertex 2.6191664 -0.5164857 0.64116764
  vertex 2.6201525 -0.5121155 0.6485461
 endloop
endfacet
facet normal -0.017924333 -0.859214 0.5113023
 outer loop
  vertex 2.6201525 -0.5121155 0.6485461
  vertex 2.6191664 -0.5164857 0.64116764
  vertex 3.0460825 -0.5384097 0.61929166
 endloop
endfacet
facet normal 0.021781333 -0.56490487 0.8248685
 outer loop
  vertex 2.6201525 -0.5121155 0.6485461
  vertex 3.0460825 -0.5384097 0.61929166
  vertex 3.475047 -0.5546198 0.59686315
 endloop
endfacet
facet normal -0.013281574 -0.91364014 0.4063069
 outer loop
  vertex 3.475047 -0.5546198 0.59686315
  vertex 3.0460825 -0.5384097 0.61929166
  vertex 3.4742756 -0.5580163 0.5892004
 endloop
endfacet
facet normal -0.0013833385 -0.9141644 0.4053411
 outer loop
  vertex 3.475047 -0.5546198 0.59686315
  vertex 3.4742756 -0.5580163 0.5892004
  vertex 3.902216 -0.57188606 0.5593804
 endloop
endfacet
facet normal 0.0018998457 -0.8960166 0.44401646
 outer loop
  vertex 3.902216 -0.57188606 0.5593804
  vertex 3.4742756 -0.5580163 0.5892004
  vertex 3.9008865 -0.57879925 0.5454354
 endloop
endfacet
facet normal 0.03739714 -0.8967336 0.44098788
 outer loop
  vertex 3.902216 -0.57188606 0.5593804
  vertex 3.9008865 -0.57879925 0.5454354
  vertex 4.3229 -0.5745325 0.51832366
 endloop
endfacet
facet normal 0.035538685 -0.91151255 0.4097339
 outer loop
  vertex 4.3229 -0.5745325 0.51832366
  vertex 3.9008865 -0.57879925 0.5454354
  vertex 4.321331 -0.58056736 0.5050343
 endloop
endfacet
facet normal 0.08022906 -0.9111115 0.40427604
 outer loop
  vertex 4.3229 -0.5745325 0.51832366
  vertex 4.321331 -0.58056736 0.5050343
  vertex 4.7444973 -0.5562434 0.47587502
 endloop
endfacet
facet normal 0.07975821 -0.9158694 0.39347398
 outer loop
  vertex 4.7444973 -0.5562434 0.47587502
  vertex 4.321331 -0.58056736 0.5050343
  vertex 4.743805 -0.56193495 0.46276748
 endloop
endfacet
facet normal 0.11821849 -0.9130933 0.39023697
 outer loop
  vertex 4.7444973 -0.5562434 0.47587502
  vertex 4.743805 -0.56193495 0.46276748
  vertex 5.1650333 -0.51488256 0.44525564
 endloop
endfacet
facet normal 0.117996484 -0.9008619 0.41776145
 outer loop
  vertex 5.1650333 -0.51488256 0.44525564
  vertex 4.743805 -0.56193495 0.46276748
  vertex 5.1652803 -0.52063465 0.43278205
 endloop
endfacet
facet normal 0.153315 -0.89620245 0.41631204
 outer loop
  vertex 5.1650333 -0.51488256 0.44525564
  vertex 5.1652803 -0.52063465 0.43278205
  vertex 5.586567 -0.450325 0.4289919
 endloop
endfacet
facet normal 0.15218969 -0.88857347 0.43275344
 outer loop
  vertex 5.586567 -0.450325 0.4289919
  vertex 5.1652803 -0.52063465 0.43278205
  vertex 5.5872364 -0.45641708 0.4162476
 endloop
endfacet
facet normal 0.18276961 -0.8832502 0.4318151
 outer loop
  vertex 5.586567 -0.450325 0.4289919
  vertex 5.5872364 -0.45641708 0.4162476
  vertex 6.005718 -0.3760748 0.40345645
 endloop
endfacet
facet normal 0.17892209 -0.85424733 0.48810685
 outer loop
  vertex 6.005718 -0.3760748 0.40345645
  vertex 5.5872364 -0.45641708 0.4162476
  vertex 6.006262 -0.379364 0.39750063
 endloop
endfacet
facet normal 0.047352113 -0.9978166 -0.04604003
 outer loop
  vertex 4.636902 -0.5529294 0.5417104
  vertex 4.586791 -0.555532 0.5465766
  vertex 4.7472897 -0.5465727 0.5174762
 endloop
endfacet
facet normal 0.023596214 -0.98463833 -0.17300451
 outer loop
  vertex 4.7472897 -0.5465727 0.5174762
  vertex 4.586791 -0.555532 0.5465766
  vertex 4.32802 -0.5642142 0.56069684
 endloop
endfacet
facet normal 0.05579732 -0.9889116 0.13762382
 outer loop
  vertex 4.7472897 -0.5465727 0.5174762
  vertex 4.32802 -0.5642142 0.56069684
  vertex 4.3262596 -0.5663204 0.54627633
 endloop
endfacet
facet normal 0.0053217956 -0.9895803 0.1438836
 outer loop
  vertex 4.3262596 -0.5663204 0.54627633
  vertex 4.32802 -0.5642142 0.56069684
  vertex 3.9048882 -0.56237745 0.58897984
 endloop
endfacet
facet normal 0.01696655 -0.96635747 0.2566425
 outer loop
  vertex 4.3262596 -0.5663204 0.54627633
  vertex 3.9048882 -0.56237745 0.58897984
  vertex 3.903555 -0.5663943 0.5739429
 endloop
endfacet
facet normal -0.015531368 -0.9656617 0.25933805
 outer loop
  vertex 3.903555 -0.5663943 0.5739429
  vertex 3.9048882 -0.56237745 0.58897984
  vertex 3.4773235 -0.5469575 0.62079084
 endloop
endfacet
facet normal -0.016084114 -0.9668585 0.25480556
 outer loop
  vertex 3.903555 -0.5663943 0.5739429
  vertex 3.4773235 -0.5469575 0.62079084
  vertex 3.476574 -0.5490823 0.61268103
 endloop
endfacet
facet normal -0.028397284 -0.9663124 0.2558006
 outer loop
  vertex 3.476574 -0.5490823 0.61268103
  vertex 3.4773235 -0.5469575 0.62079084
  vertex 3.0493593 -0.5258689 0.6529454
 endloop
endfacet
facet normal -0.047813866 -0.9965904 0.06724195
 outer loop
  vertex 3.476574 -0.5490823 0.61268103
  vertex 3.0493593 -0.5258689 0.6529454
  vertex 2.622076 -0.50462484 0.66397345
 endloop
endfacet
facet normal -0.036852386 -0.9304556 0.36454663
 outer loop
  vertex 2.622076 -0.50462484 0.66397345
  vertex 3.0493593 -0.5258689 0.6529454
  vertex 2.6230087 -0.50152636 0.6719762
 endloop
endfacet
facet normal -0.059054237 -0.9285787 0.36640733
 outer loop
  vertex 2.622076 -0.50462484 0.66397345
  vertex 2.6230087 -0.50152636 0.6719762
  vertex 2.1964293 -0.4652362 0.6951934
 endloop
endfacet
facet normal -0.057101578 -0.9197104 0.38842255
 outer loop
  vertex 2.1964293 -0.4652362 0.6951934
  vertex 2.6230087 -0.50152636 0.6719762
  vertex 2.1973667 -0.46187782 0.7032832
 endloop
endfacet
facet normal -0.060470708 -0.91938686 0.3886786
 outer loop
  vertex 2.1964293 -0.4652362 0.6951934
  vertex 2.1973667 -0.46187782 0.7032832
  vertex 1.9809542 -0.4437642 0.7124599
 endloop
endfacet
facet normal -0.06435193 -0.9394161 0.33668396
 outer loop
  vertex 1.9809542 -0.4437642 0.7124599
  vertex 2.1973667 -0.46187782 0.7032832
  vertex 1.9825058 -0.4373083 0.73076975
 endloop
endfacet
facet normal -0.052139975 -0.940417 0.3360019
 outer loop
  vertex 1.9809542 -0.4437642 0.7124599
  vertex 1.9825058 -0.4373083 0.73076975
  vertex 1.7655649 -0.42369413 0.73520935
 endloop
endfacet
facet normal -0.054357644 -0.9580023 0.2815615
 outer loop
  vertex 1.7655649 -0.42369413 0.73520935
  vertex 1.9825058 -0.4373083 0.73076975
  vertex 1.7661886 -0.42075348 0.7453352
 endloop
endfacet
facet normal -0.05500343 -0.9579575 0.28158832
 outer loop
  vertex 1.7655649 -0.42369413 0.73520935
  vertex 1.7661886 -0.42075348 0.7453352
  vertex 1.551651 -0.4115653 0.734687
 endloop
endfacet
facet normal -0.057103448 -0.93841344 0.340763
 outer loop
  vertex 1.551651 -0.4115653 0.734687
  vertex 1.7661886 -0.42075348 0.7453352
  vertex 1.5522966 -0.40806198 0.7444428
 endloop
endfacet
facet normal -0.062140495 -0.93802315 0.34095624
 outer loop
  vertex 1.551651 -0.4115653 0.734687
  vertex 1.5522966 -0.40806198 0.7444428
  vertex 1.3380203 -0.39854288 0.7315787
 endloop
endfacet
facet normal -0.06507065 -0.90930295 0.41101578
 outer loop
  vertex 1.3380203 -0.39854288 0.7315787
  vertex 1.5522966 -0.40806198 0.7444428
  vertex 1.3386927 -0.39441013 0.74082816
 endloop
endfacet
facet normal -0.06934471 -0.90892327 0.4111568
 outer loop
  vertex 1.3380203 -0.39854288 0.7315787
  vertex 1.3386927 -0.39441013 0.74082816
  vertex 1.1243525 -0.38448 0.7266301
 endloop
endfacet
facet normal -0.072442815 -0.87233037 0.48352033
 outer loop
  vertex 1.1243525 -0.38448 0.7266301
  vertex 1.3386927 -0.39441013 0.74082816
  vertex 1.1250343 -0.37969828 0.7353591
 endloop
endfacet
facet normal -0.03769607 -0.84985673 0.52566403
 outer loop
  vertex 1.762743 -0.44199705 0.69736516
  vertex 1.7634916 -0.4364786 0.7063407
  vertex 1.548706 -0.4317298 0.6986157
 endloop
endfacet
facet normal -0.038726736 -0.8180113 0.57389706
 outer loop
  vertex 1.548706 -0.4317298 0.6986157
  vertex 1.7634916 -0.4364786 0.7063407
  vertex 1.5494909 -0.425807 0.70711076
 endloop
endfacet
facet normal -0.025071645 -0.77252054 0.6344946
 outer loop
  vertex 1.7619705 -0.44810438 0.6887821
  vertex 1.761179 -0.45477438 0.68062985
  vertex 1.9774876 -0.4631729 0.6789516
 endloop
endfacet
facet normal -0.030336108 -0.81311756 0.58130854
 outer loop
  vertex 1.7619705 -0.44810438 0.6887821
  vertex 1.9774876 -0.4631729 0.6789516
  vertex 1.762743 -0.44199705 0.69736516
 endloop
endfacet
facet normal -0.03418458 -0.8303306 0.55622166
 outer loop
  vertex 1.762743 -0.44199705 0.69736516
  vertex 1.9774876 -0.4631729 0.6789516
  vertex 1.9792728 -0.45242977 0.69509876
 endloop
endfacet
facet normal -0.035453595 -0.8500104 0.5255715
 outer loop
  vertex 1.762743 -0.44199705 0.69736516
  vertex 1.9792728 -0.45242977 0.69509876
  vertex 1.7634916 -0.4364786 0.7063407
 endloop
endfacet
facet normal -0.040923588 -0.88305986 0.46747252
 outer loop
  vertex 1.7634916 -0.4364786 0.7063407
  vertex 1.9792728 -0.45242977 0.69509876
  vertex 1.7642136 -0.43157434 0.7156681
 endloop
endfacet
facet normal -0.04234839 -0.88296163 0.46753109
 outer loop
  vertex 1.7634916 -0.4364786 0.7063407
  vertex 1.7642136 -0.43157434 0.7156681
  vertex 1.5494909 -0.425807 0.70711076
 endloop
endfacet
facet normal -0.043606233 -0.8538251 0.51873034
 outer loop
  vertex 1.5494909 -0.425807 0.70711076
  vertex 1.7642136 -0.43157434 0.7156681
  vertex 1.5502453 -0.4204569 0.7159804
 endloop
endfacet
facet normal -0.049053296 -0.8534028 0.51893884
 outer loop
  vertex 1.5494909 -0.425807 0.70711076
  vertex 1.5502453 -0.4204569 0.7159804
  vertex 1.3357582 -0.41437578 0.70570624
 endloop
endfacet
facet normal -0.050789546 -0.8141629 0.5784108
 outer loop
  vertex 1.3357582 -0.41437578 0.70570624
  vertex 1.5502453 -0.4204569 0.7159804
  vertex 1.3365498 -0.40854645 0.71398103
 endloop
endfacet
facet normal -0.05582142 -0.81371534 0.57857686
 outer loop
  vertex 1.3357582 -0.41437578 0.70570624
  vertex 1.3365498 -0.40854645 0.71398103
  vertex 1.1220455 -0.4019847 0.70251405
 endloop
endfacet
facet normal -0.05765407 -0.76613885 0.64008373
 outer loop
  vertex 1.1220455 -0.4019847 0.70251405
  vertex 1.3365498 -0.40854645 0.71398103
  vertex 1.1228552 -0.39564562 0.71017444
 endloop
endfacet
facet normal -0.01289837 -0.6697336 0.7424894
 outer loop
  vertex 1.975626 -0.4758296 0.66426563
  vertex 1.9737177 -0.49020576 0.651265
  vertex 2.1881218 -0.50704527 0.6398002
 endloop
endfacet
facet normal -0.006845012 -0.6208527 0.7838974
 outer loop
  vertex 2.1881218 -0.50704527 0.6398002
  vertex 1.9737177 -0.49020576 0.651265
  vertex 2.1870308 -0.5138931 0.6343671
 endloop
endfacet
facet normal -0.025210194 0.77333325 0.6334984
 outer loop
  vertex 1.7669754 0.45187378 0.68053806
  vertex 1.767767 0.44521284 0.6887008
  vertex 1.9831104 0.46052742 0.6785754
 endloop
endfacet
facet normal -0.022241643 0.9840019 0.17676398
 outer loop
  vertex 3.9070587 0.5592823 0.58881104
  vertex 3.480548 0.54394245 0.62053776
  vertex 3.4820118 0.5410123 0.63703346
 endloop
endfacet
facet normal -0.06328824 0.9473787 0.31379643
 outer loop
  vertex 2.628584 0.49605322 0.67992556
  vertex 2.627677 0.4986987 0.6717557
  vertex 2.2017174 0.46260595 0.6948129
 endloop
endfacet
facet normal 0.18960163 0.9315104 0.31038633
 outer loop
  vertex 5.588152 0.4380784 0.45577502
  vertex 6.0055904 0.36005354 0.43494272
  vertex 6.006138 0.3642602 0.4219836
 endloop
endfacet
facet normal -0.015822964 0.9668722 0.25476986
 outer loop
  vertex 3.480548 0.54394245 0.62053776
  vertex 3.9070587 0.5592823 0.58881104
  vertex 3.4797974 0.5460658 0.61243284
 endloop
endfacet
facet normal -0.029738326 0.95115256 0.30728564
 outer loop
  vertex 3.4797974 0.5460658 0.61243284
  vertex 3.4790392 0.54861975 0.60445416
  vertex 2.6257954 0.5053153 0.6559212
 endloop
endfacet
facet normal -0.025399737 0.9969647 0.07359582
 outer loop
  vertex 3.797351 0.55220175 0.62788725
  vertex 3.9449205 0.5568261 0.61617327
  vertex 3.908372 0.5567813 0.6041666
 endloop
endfacet
facet normal 0.12170661 0.9889634 0.084491484
 outer loop
  vertex 4.9442463 0.52590084 0.51364243
  vertex 5.168643 0.4996376 0.4978162
  vertex 5.1682596 0.5007963 0.48480582
 endloop
endfacet
facet normal 0.14462157 0.9807533 -0.13117743
 outer loop
  vertex 5.2751217 0.48471642 0.4922639
  vertex 5.3508472 0.47326708 0.49014902
  vertex 5.588133 0.4355402 0.4696871
 endloop
endfacet
facet normal 0.14201473 0.98632306 0.08365784
 outer loop
  vertex 5.168643 0.4996376 0.4978162
  vertex 5.26429 0.48631 0.49258125
  vertex 5.1682596 0.5007963 0.48480582
 endloop
endfacet
facet normal 0.14346464 0.98734075 0.06764694
 outer loop
  vertex 5.1682596 0.5007963 0.48480582
  vertex 5.26429 0.48631 0.49258125
  vertex 5.264303 0.4863081 0.49258077
 endloop
endfacet
facet normal 0.15210426 0.9876115 -0.03857342
 outer loop
  vertex 5.1682596 0.5007963 0.48480582
  vertex 5.264303 0.4863081 0.49258077
  vertex 5.588133 0.4355402 0.4696871
 endloop
endfacet
facet normal 0.1337564 0.96147704 -0.24014829
 outer loop
  vertex 5.588133 0.4355402 0.4696871
  vertex 5.264303 0.4863081 0.49258077
  vertex 5.2647552 0.48624182 0.49256718
 endloop
endfacet
facet normal 0.1354528 0.9650892 -0.22417663
 outer loop
  vertex 5.588133 0.4355402 0.4696871
  vertex 5.2647552 0.48624182 0.49256718
  vertex 5.2751217 0.48471642 0.4922639
 endloop
endfacet
facet normal 0.052621096 0.99835354 -0.022829117
 outer loop
  vertex 4.6197853 0.55069876 0.5433556
  vertex 4.647814 0.54916 0.5406691
  vertex 4.7492065 0.5432811 0.5172845
 endloop
endfacet
facet normal 0.07531666 0.99421185 0.07661746
 outer loop
  vertex 4.7492065 0.5432811 0.5172845
  vertex 4.647814 0.54916 0.5406691
  vertex 4.810852 0.5380049 0.52515125
 endloop
endfacet
facet normal 0.08406185 0.99641466 0.009565632
 outer loop
  vertex 4.7492065 0.5432811 0.5172845
  vertex 4.810852 0.5380049 0.52515125
  vertex 4.8479776 0.53490496 0.5218016
 endloop
endfacet
facet normal -0.04081972 0.99617887 0.07721026
 outer loop
  vertex 3.4820118 0.5410123 0.63703346
  vertex 3.2981815 0.5310874 0.66789806
  vertex 3.4993963 0.5405922 0.65164447
 endloop
endfacet
facet normal -0.030489752 0.9982824 0.050027937
 outer loop
  vertex 3.797351 0.55220175 0.62788725
  vertex 3.908372 0.5567813 0.6041666
  vertex 3.795722 0.5521455 0.6280173
 endloop
endfacet
facet normal -0.05893395 0.98606837 0.15555044
 outer loop
  vertex 2.6303139 0.49212694 0.69664776
  vertex 2.6310549 0.4909606 0.7043222
  vertex 3.0199947 0.5164237 0.69026506
 endloop
endfacet
facet normal -0.053116225 0.9977952 0.039790705
 outer loop
  vertex 3.020216 0.51643515 0.69025695
  vertex 3.0207653 0.5164652 0.6902369
  vertex 3.055728 0.518764 0.6792625
 endloop
endfacet
facet normal -0.0788226 0.96911913 0.23365591
 outer loop
  vertex 2.2044315 0.45392752 0.7195488
  vertex 2.133789 0.44484854 0.73337424
  vertex 2.4806423 0.4785018 0.71080196
 endloop
endfacet
facet normal -0.05867827 0.98147124 0.18240385
 outer loop
  vertex 1.8326168 0.4179349 0.7647928
  vertex 1.8389597 0.4183221 0.7647499
  vertex 1.7719812 0.41793203 0.7453021
 endloop
endfacet
facet normal -0.058023192 0.98192847 0.18013859
 outer loop
  vertex 1.7719812 0.41793203 0.7453021
  vertex 1.8389597 0.4183221 0.7647499
  vertex 1.8395567 0.41835833 0.76474464
 endloop
endfacet
facet normal -0.05688897 0.98271286 0.17617925
 outer loop
  vertex 1.7719812 0.41793203 0.7453021
  vertex 1.8395567 0.41835833 0.76474464
  vertex 1.8395882 0.41836023 0.76474416
 endloop
endfacet
facet normal -0.078558564 0.9533522 0.2914585
 outer loop
  vertex 1.3460426 0.38552284 0.7592298
  vertex 1.3455181 0.3881607 0.75046
  vertex 1.24154 0.37779236 0.7563487
 endloop
endfacet
facet normal -0.076768495 0.9470092 0.3118979
 outer loop
  vertex 1.24154 0.37779236 0.7563487
  vertex 1.3455181 0.3881607 0.75046
  vertex 1.1321468 0.37280512 0.7445661
 endloop
endfacet
facet normal -0.08701863 0.8918361 0.44391
 outer loop
  vertex 0.91895866 0.3528819 0.7451438
  vertex 0.9459448 0.35498953 0.7461995
  vertex 0.91845226 0.35682535 0.73712194
 endloop
endfacet
facet normal -0.0869267 0.8919701 0.4436587
 outer loop
  vertex 0.91845226 0.35682535 0.73712194
  vertex 0.9459448 0.35498953 0.7461995
  vertex 0.94928074 0.35525036 0.7463287
 endloop
endfacet
facet normal -0.08221172 0.8994813 0.42915574
 outer loop
  vertex 0.91845226 0.35682535 0.73712194
  vertex 0.94928074 0.35525036 0.7463287
  vertex 1.1321468 0.37280512 0.7445661
 endloop
endfacet
facet normal -0.085250854 0.92518234 0.3698241
 outer loop
  vertex 1.1321468 0.37280512 0.7445661
  vertex 0.94928074 0.35525036 0.7463287
  vertex 1.1326761 0.36950827 0.75293577
 endloop
endfacet
facet normal -0.082019 0.9255053 0.36974698
 outer loop
  vertex 1.1321468 0.37280512 0.7445661
  vertex 1.1326761 0.36950827 0.75293577
  vertex 1.24154 0.37779236 0.7563487
 endloop
endfacet
facet normal 0.13606256 0.20300822 0.9696776
 outer loop
  vertex 6.354948 0.08693838 0.47386658
  vertex 6.3568363 0.09463358 0.4719906
  vertex 6.35005 0.09634066 0.47258544
 endloop
endfacet
facet normal 0.1382009 0.21230942 0.9673806
 outer loop
  vertex 6.35005 0.09634066 0.47258544
  vertex 6.3568363 0.09463358 0.4719906
  vertex 6.3573017 0.09648323 0.47151816
 endloop
endfacet
facet normal 0.13627909 0.24809203 0.95910287
 outer loop
  vertex 6.35005 0.09634066 0.47258544
  vertex 6.3573017 0.09648323 0.47151816
  vertex 6.36594 0.12855196 0.46199548
 endloop
endfacet
facet normal 0.1510308 0.053409643 0.98708516
 outer loop
  vertex 6.341316 -0.0015788078 0.48543763
  vertex 6.344755 0.033143044 0.4830327
  vertex 6.335211 0.014223099 0.4855168
 endloop
endfacet
facet normal 0.12340332 0.042713348 0.991437
 outer loop
  vertex 6.341316 -0.0015788078 0.48543763
  vertex 6.335211 0.014223099 0.4855168
  vertex 6.3294144 -0.0015788078 0.48691905
 endloop
endfacet
facet normal 0.20169339 0.027766414 0.979055
 outer loop
  vertex 6.3192835 -0.0015788078 0.4889108
  vertex 6.326581 -0.0015788078 0.48740745
  vertex 6.327976 0.015082836 0.4866475
 endloop
endfacet
facet normal 0.48976427 0.060439855 0.8697574
 outer loop
  vertex 6.310851 0.1078043 0.48241878
  vertex 6.299736 0.090177536 0.48990262
  vertex 6.293598 0.06300974 0.49524677
 endloop
endfacet
facet normal 0.5007859 0.31743744 0.80526215
 outer loop
  vertex 6.33636 0.21681166 0.43982077
  vertex 6.33111 0.19226456 0.45276225
  vertex 6.3345966 0.18363237 0.45399678
 endloop
endfacet
facet normal 0.4293753 0.29548138 0.8534211
 outer loop
  vertex 6.3345966 0.18363237 0.45399678
  vertex 6.33111 0.19226456 0.45276225
  vertex 6.3291492 0.18562269 0.45604837
 endloop
endfacet
facet normal 0.42492813 0.27352467 0.86291385
 outer loop
  vertex 6.3345966 0.18363237 0.45399678
  vertex 6.3291492 0.18562269 0.45604837
  vertex 6.3259544 0.17549944 0.46083045
 endloop
endfacet
facet normal 0.41645834 0.50806856 0.75394213
 outer loop
  vertex 6.3333807 0.2444377 0.42528677
  vertex 6.335553 0.23774481 0.42859697
  vertex 6.338476 0.24391413 0.42282498
 endloop
endfacet
facet normal 0.49630457 0.45601282 0.7387382
 outer loop
  vertex 6.338476 0.24391413 0.42282498
  vertex 6.335553 0.23774481 0.42859697
  vertex 6.3368416 0.2280879 0.43369246
 endloop
endfacet
facet normal 0.5406204 0.43755457 0.71852314
 outer loop
  vertex 6.338476 0.24391413 0.42282498
  vertex 6.3368416 0.2280879 0.43369246
  vertex 6.341634 0.21581984 0.43755758
 endloop
endfacet
facet normal 0.42348883 0.41854587 0.80341554
 outer loop
  vertex 6.341634 0.21581984 0.43755758
  vertex 6.3368416 0.2280879 0.43369246
  vertex 6.33636 0.21681166 0.43982077
 endloop
endfacet
facet normal 0.41004163 0.5422089 0.73339987
 outer loop
  vertex 6.3333807 0.2444377 0.42528677
  vertex 6.338476 0.24391413 0.42282498
  vertex 6.330229 0.25057554 0.42251122
 endloop
endfacet
facet normal 0.43154982 0.5673285 0.7013581
 outer loop
  vertex 6.330229 0.25057554 0.42251122
  vertex 6.338476 0.24391413 0.42282498
  vertex 6.3312893 0.25627136 0.41725135
 endloop
endfacet
facet normal 0.40839082 0.5770781 0.70724654
 outer loop
  vertex 6.330229 0.25057554 0.42251122
  vertex 6.3312893 0.25627136 0.41725135
  vertex 6.3258457 0.25662947 0.42010248
 endloop
endfacet
facet normal 0.39916348 0.6087256 0.68565416
 outer loop
  vertex 6.3258457 0.25662947 0.42010248
  vertex 6.3312893 0.25627136 0.41725135
  vertex 6.32034 0.26233435 0.4182428
 endloop
endfacet
facet normal 0.41299906 0.6398542 0.6480883
 outer loop
  vertex 6.32034 0.26233435 0.4182428
  vertex 6.3312893 0.25627136 0.41725135
  vertex 6.319973 0.26756287 0.4133147
 endloop
endfacet
facet normal 0.39256644 0.64527977 0.65536684
 outer loop
  vertex 6.32034 0.26233435 0.4182428
  vertex 6.319973 0.26756287 0.4133147
  vertex 6.311613 0.26924467 0.4166664
 endloop
endfacet
facet normal 0.36501136 0.74625915 0.5566542
 outer loop
  vertex 6.298088 0.27737093 0.41597092
  vertex 6.287697 0.28632212 0.4107846
  vertex 6.271531 0.28926945 0.41743362
 endloop
endfacet
facet normal 0.34611806 0.8026745 0.4857117
 outer loop
  vertex 6.271531 0.28926945 0.41743362
  vertex 6.287697 0.28632212 0.4107846
  vertex 6.2682953 0.29422522 0.4115497
 endloop
endfacet
facet normal 0.35635486 0.8019476 0.47946978
 outer loop
  vertex 6.271531 0.28926945 0.41743362
  vertex 6.2682953 0.29422522 0.4115497
  vertex 6.2688856 0.29028606 0.41769946
 endloop
endfacet
facet normal 0.32004502 0.81143135 0.48902988
 outer loop
  vertex 6.2688856 0.29028606 0.41769946
  vertex 6.2682953 0.29422522 0.4115497
  vertex 6.247652 0.30132055 0.41328657
 endloop
endfacet
facet normal 0.34104267 0.8315774 0.43837076
 outer loop
  vertex 6.2688856 0.29028606 0.41769946
  vertex 6.247652 0.30132055 0.41328657
  vertex 6.2375746 0.3009143 0.4218973
 endloop
endfacet
facet normal 0.2771806 0.8853868 0.37317696
 outer loop
  vertex 6.1551456 0.32465982 0.42967546
  vertex 6.2134 0.3076005 0.42688096
  vertex 6.202074 0.31374264 0.4207207
 endloop
endfacet
facet normal 0.30736843 0.89393467 0.32619846
 outer loop
  vertex 6.202074 0.31374264 0.4207207
  vertex 6.2134 0.3076005 0.42688096
  vertex 6.2172356 0.3065958 0.42602003
 endloop
endfacet
facet normal 0.23462693 0.950528 0.20358442
 outer loop
  vertex 6.0283155 0.350173 0.45880663
  vertex 6.105815 0.33316183 0.44891465
  vertex 6.106326 0.33554173 0.4372139
 endloop
endfacet
facet normal 0.25910896 0.94419533 0.20336592
 outer loop
  vertex 6.106326 0.33554173 0.4372139
  vertex 6.105815 0.33316183 0.44891465
  vertex 6.1801796 0.31580257 0.43476272
 endloop
endfacet
facet normal 0.2185598 0.96537 0.1424513
 outer loop
  vertex 6.012224 0.35358953 0.4603982
  vertex 6.0234747 0.35120487 0.4592973
  vertex 6.005293 0.356956 0.4482187
 endloop
endfacet
facet normal 0.21998459 0.96538734 0.14012197
 outer loop
  vertex 6.005293 0.356956 0.4482187
  vertex 6.0234747 0.35120487 0.4592973
  vertex 6.0283155 0.350173 0.45880663
 endloop
endfacet
facet normal 0.16398267 0.9823048 0.090481944
 outer loop
  vertex 5.3508472 0.47326708 0.49014902
  vertex 5.58832 0.43427515 0.48308218
  vertex 5.588133 0.4355402 0.4696871
 endloop
endfacet
facet normal 0.18058008 0.9794358 0.08997938
 outer loop
  vertex 5.588133 0.4355402 0.4696871
  vertex 5.58832 0.43427515 0.48308218
  vertex 5.783064 0.39907503 0.47540653
 endloop
endfacet
facet normal 0.1843063 0.9827393 -0.015956303
 outer loop
  vertex 5.588133 0.4355402 0.4696871
  vertex 5.783064 0.39907503 0.47540653
  vertex 6.005293 0.356956 0.4482187
 endloop
endfacet
facet normal 0.1885175 0.98186994 0.019812262
 outer loop
  vertex 6.005293 0.356956 0.4482187
  vertex 5.783064 0.39907503 0.47540653
  vertex 5.8532743 0.38566685 0.47183263
 endloop
endfacet
facet normal 0.20594181 0.96698713 0.15007915
 outer loop
  vertex 6.005293 0.356956 0.4482187
  vertex 5.8532743 0.38566685 0.47183263
  vertex 6.012224 0.35358953 0.4603982
 endloop
endfacet
facet normal -0.037556365 0.81189084 0.58260006
 outer loop
  vertex 1.9831104 0.46052742 0.6785754
  vertex 2.1987343 0.47528887 0.6719042
  vertex 2.1976948 0.4803481 0.6647868
 endloop
endfacet
facet normal -0.03253409 0.81238276 0.58221626
 outer loop
  vertex 2.1976948 0.4803481 0.6647868
  vertex 2.1987343 0.47528887 0.6719042
  vertex 2.6248264 0.5092664 0.64830434
 endloop
endfacet
facet normal -0.04499647 0.88341904 0.46641836
 outer loop
  vertex 1.7700081 0.42871523 0.7156142
  vertex 1.7692862 0.43360758 0.7062782
  vertex 1.5562191 0.41762447 0.7159959
 endloop
endfacet
facet normal -0.04055093 0.8549675 0.5170941
 outer loop
  vertex 1.5562191 0.41762447 0.7159959
  vertex 1.7692862 0.43360758 0.7062782
  vertex 1.5554657 0.4229617 0.7071122
 endloop
endfacet
facet normal -0.05218933 0.85406613 0.5175396
 outer loop
  vertex 1.5562191 0.41762447 0.7159959
  vertex 1.5554657 0.4229617 0.7071122
  vertex 1.3427505 0.40575552 0.71405613
 endloop
endfacet
facet normal -0.047159508 0.8156992 0.5765507
 outer loop
  vertex 1.3427505 0.40575552 0.71405613
  vertex 1.5554657 0.4229617 0.7071122
  vertex 1.34196 0.41157055 0.7057644
 endloop
endfacet
facet normal -0.059217248 0.8146297 0.57695043
 outer loop
  vertex 1.3427505 0.40575552 0.71405613
  vertex 1.34196 0.41157055 0.7057644
  vertex 1.1293325 0.39289713 0.71030676
 endloop
endfacet
facet normal -0.05381522 0.768011 0.6381716
 outer loop
  vertex 1.1293325 0.39289713 0.71030676
  vertex 1.34196 0.41157055 0.7057644
  vertex 1.1285229 0.39922 0.7026292
 endloop
endfacet
facet normal -0.04727685 0.8183447 0.57277995
 outer loop
  vertex 1.5546827 0.4288726 0.69860256
  vertex 1.34196 0.41157055 0.7057644
  vertex 1.5554657 0.4229617 0.7071122
 endloop
endfacet
facet normal -0.035733785 0.8192385 0.5723386
 outer loop
  vertex 1.5546827 0.4288726 0.69860256
  vertex 1.5554657 0.4229617 0.7071122
  vertex 1.7685385 0.43911505 0.69729364
 endloop
endfacet
facet normal -0.04029302 0.8503775 0.5246279
 outer loop
  vertex 1.7685385 0.43911505 0.69729364
  vertex 1.5554657 0.4229617 0.7071122
  vertex 1.7692862 0.43360758 0.7062782
 endloop
endfacet
facet normal -0.035667595 0.8506997 0.5244405
 outer loop
  vertex 1.7685385 0.43911505 0.69729364
  vertex 1.7692862 0.43360758 0.7062782
  vertex 1.9849052 0.44981146 0.69465816
 endloop
endfacet
facet normal -0.0412811 0.88368 0.4662678
 outer loop
  vertex 1.9849052 0.44981146 0.69465816
  vertex 1.7692862 0.43360758 0.7062782
  vertex 1.7700081 0.42871523 0.7156142
 endloop
endfacet
facet normal -0.043595303 0.8916707 0.45058045
 outer loop
  vertex 1.9849052 0.44981146 0.69465816
  vertex 1.7700081 0.42871523 0.7156142
  vertex 1.9865971 0.44115686 0.71194875
 endloop
endfacet
facet normal -0.045791775 0.87141365 0.48840705
 outer loop
  vertex 2.1997528 0.4706359 0.6792966
  vertex 2.2007484 0.46640396 0.68694055
  vertex 2.6267471 0.50178957 0.66374624
 endloop
endfacet
facet normal -0.05892922 0.8065708 0.5881928
 outer loop
  vertex 1.1293325 0.39289713 0.71030676
  vertex 1.1301022 0.3870716 0.7183722
  vertex 1.3427505 0.40575552 0.71405613
 endloop
endfacet
facet normal -0.06404802 0.8498117 0.5231808
 outer loop
  vertex 1.3427505 0.40575552 0.71405613
  vertex 1.1301022 0.3870716 0.7183722
  vertex 1.3435049 0.400486 0.72270787
 endloop
endfacet
facet normal -0.052059535 0.8508747 0.522783
 outer loop
  vertex 1.3427505 0.40575552 0.71405613
  vertex 1.3435049 0.400486 0.72270787
  vertex 1.5562191 0.41762447 0.7159959
 endloop
endfacet
facet normal -0.05687353 0.88606155 0.4600656
 outer loop
  vertex 1.5562191 0.41762447 0.7159959
  vertex 1.3435049 0.400486 0.72270787
  vertex 1.5569391 0.41288424 0.72521436
 endloop
endfacet
facet normal -0.045192614 0.886966 0.4596183
 outer loop
  vertex 1.5562191 0.41762447 0.7159959
  vertex 1.5569391 0.41288424 0.72521436
  vertex 1.7700081 0.42871523 0.7156142
 endloop
endfacet
facet normal -0.049492322 0.91244256 0.40620095
 outer loop
  vertex 1.7700081 0.42871523 0.7156142
  vertex 1.5569391 0.41288424 0.72521436
  vertex 1.7706995 0.42445898 0.7252592
 endloop
endfacet
facet normal -0.045558136 0.91271865 0.4060407
 outer loop
  vertex 1.7700081 0.42871523 0.7156142
  vertex 1.7706995 0.42445898 0.7252592
  vertex 1.9865971 0.44115686 0.71194875
 endloop
endfacet
facet normal -0.0013094905 0.9142308 0.40519163
 outer loop
  vertex 3.9043922 0.56878376 0.5592257
  vertex 3.4775028 0.55499125 0.588966
  vertex 3.4782734 0.5515981 0.5966245
 endloop
endfacet
facet normal -0.019507058 0.91337806 0.40664473
 outer loop
  vertex 3.4782734 0.5515981 0.5966245
  vertex 3.4775028 0.55499125 0.588966
  vertex 2.6238413 0.5136299 0.64091825
 endloop
endfacet
facet normal -0.01179883 0.86022615 0.50977623
 outer loop
  vertex 3.4782734 0.5515981 0.5966245
  vertex 2.6238413 0.5136299 0.64091825
  vertex 2.6248264 0.5092664 0.64830434
 endloop
endfacet
facet normal 0.21310396 0.8692873 0.44601148
 outer loop
  vertex 6.109336 0.34853697 0.40205753
  vertex 6.006504 0.36677027 0.41565335
  vertex 6.108691 0.3458104 0.40767968
 endloop
endfacet
facet normal 0.21428455 0.9036841 0.3707253
 outer loop
  vertex 6.108691 0.3458104 0.40767968
  vertex 6.006504 0.36677027 0.41565335
  vertex 6.006138 0.3642602 0.4219836
 endloop
endfacet
facet normal 0.21657957 0.8860084 0.40997866
 outer loop
  vertex 6.108691 0.3458104 0.40767968
  vertex 6.006138 0.3642602 0.4219836
  vertex 6.108103 0.3433032 0.41340888
 endloop
endfacet
facet normal 0.2386452 0.8804077 0.40979373
 outer loop
  vertex 6.2070904 0.32373667 0.3978001
  vertex 6.108691 0.3458104 0.40767968
  vertex 6.108103 0.3433032 0.41340888
 endloop
endfacet
facet normal 0.31916618 0.46949214 0.8232315
 outer loop
  vertex 6.3490925 0.2439928 0.41774392
  vertex 6.3529205 0.21336842 0.433725
  vertex 6.3586864 0.2122879 0.43210578
 endloop
endfacet
facet normal 0.30291203 0.20216715 0.93132854
 outer loop
  vertex 6.3300476 0.10183239 0.47617567
  vertex 6.3415203 0.14101648 0.46393836
  vertex 6.335264 0.14311647 0.46551728
 endloop
endfacet
facet normal -0.010766663 0.952045 0.30576855
 outer loop
  vertex 3.4790392 0.54861975 0.60445416
  vertex 3.4797974 0.5460658 0.61243284
  vertex 3.9057283 0.5632963 0.5737815
 endloop
endfacet
facet normal 0.28590816 0.85389465 0.4348797
 outer loop
  vertex 6.251175 0.30444193 0.4055606
  vertex 6.2049494 0.31931353 0.40675056
  vertex 6.203945 0.31731272 0.4113394
 endloop
endfacet
facet normal 0.24863264 0.8667591 0.43233144
 outer loop
  vertex 6.203945 0.31731272 0.4113394
  vertex 6.2049494 0.31931353 0.40675056
  vertex 6.1075706 0.34101915 0.4192363
 endloop
endfacet
facet normal 0.2508476 0.90793955 0.33573985
 outer loop
  vertex 6.203945 0.31731272 0.4113394
  vertex 6.1075706 0.34101915 0.4192363
  vertex 6.1070976 0.33896208 0.42515266
 endloop
endfacet
facet normal 0.35549727 0.46585864 0.81030697
 outer loop
  vertex 6.347233 0.2145462 0.43554318
  vertex 6.3529205 0.21336842 0.433725
  vertex 6.3437443 0.24389601 0.4202
 endloop
endfacet
facet normal 0.36217123 0.46641147 0.8070268
 outer loop
  vertex 6.3437443 0.24389601 0.4202
  vertex 6.3529205 0.21336842 0.433725
  vertex 6.3490925 0.2439928 0.41774392
 endloop
endfacet
facet normal 0.33283186 0.57496953 0.74741757
 outer loop
  vertex 6.3437443 0.24389601 0.4202
  vertex 6.3490925 0.2439928 0.41774392
  vertex 6.324724 0.26898718 0.4093678
 endloop
endfacet
facet normal -0.009260903 0.999658 0.024458619
 outer loop
  vertex 3.9449205 0.5568261 0.61617327
  vertex 4.280718 0.5608096 0.5805069
  vertex 3.908372 0.5567813 0.6041666
 endloop
endfacet
facet normal -0.011905895 0.99978215 -0.017145982
 outer loop
  vertex 3.908372 0.5567813 0.6041666
  vertex 4.280718 0.5608096 0.5805069
  vertex 4.3290596 0.56104326 0.5605633
 endloop
endfacet
facet normal 0.004892897 0.98957545 0.14393228
 outer loop
  vertex 3.908372 0.5567813 0.6041666
  vertex 4.3290596 0.56104326 0.5605633
  vertex 4.327299 0.563149 0.5461458
 endloop
endfacet
facet normal 0.0561311 0.9888993 0.13757698
 outer loop
  vertex 4.327299 0.563149 0.5461458
  vertex 4.3290596 0.56104326 0.5605633
  vertex 4.748168 0.5452409 0.5031551
 endloop
endfacet
facet normal 0.06407749 0.9729341 0.22202073
 outer loop
  vertex 4.327299 0.563149 0.5461458
  vertex 4.748168 0.5452409 0.5031551
  vertex 4.747238 0.5484743 0.489254
 endloop
endfacet
facet normal 0.11248418 0.969451 0.21797268
 outer loop
  vertex 4.747238 0.5484743 0.489254
  vertex 4.748168 0.5452409 0.5031551
  vertex 5.167938 0.5066867 0.45800674
 endloop
endfacet
facet normal 0.11782922 0.93395686 0.33740312
 outer loop
  vertex 4.747238 0.5484743 0.489254
  vertex 5.167938 0.5066867 0.45800674
  vertex 5.168026 0.511343 0.44508708
 endloop
endfacet
facet normal 0.1554441 0.9289933 0.33586973
 outer loop
  vertex 5.168026 0.511343 0.44508708
  vertex 5.167938 0.5066867 0.45800674
  vertex 5.588848 0.4467802 0.4289025
 endloop
endfacet
facet normal -0.036659136 0.9308788 0.36348405
 outer loop
  vertex 3.0534468 0.5229335 0.65263164
  vertex 2.6267471 0.50178957 0.66374624
  vertex 2.627677 0.4986987 0.6717557
 endloop
endfacet
facet normal -0.057295706 0.92915803 0.36521575
 outer loop
  vertex 2.627677 0.4986987 0.6717557
  vertex 2.6267471 0.50178957 0.66374624
  vertex 2.2007484 0.46640396 0.68694055
 endloop
endfacet
facet normal -0.05222639 0.8969007 0.43913737
 outer loop
  vertex 2.627677 0.4986987 0.6717557
  vertex 2.2007484 0.46640396 0.68694055
  vertex 2.2017174 0.46260595 0.6948129
 endloop
endfacet
facet normal -0.045878604 0.9755674 0.2148569
 outer loop
  vertex 3.0534468 0.5229335 0.65263164
  vertex 2.627677 0.4986987 0.6717557
  vertex 3.0542278 0.52103424 0.661422
 endloop
endfacet
facet normal -0.04214095 0.94914067 0.3120194
 outer loop
  vertex 3.0542278 0.52103424 0.661422
  vertex 2.627677 0.4986987 0.6717557
  vertex 2.628584 0.49605322 0.67992556
 endloop
endfacet
facet normal -0.05096751 0.9860031 0.15874554
 outer loop
  vertex 3.0542278 0.52103424 0.661422
  vertex 2.628584 0.49605322 0.67992556
  vertex 3.0549889 0.51964283 0.6703087
 endloop
endfacet
facet normal -0.049487066 0.8710534 0.48868904
 outer loop
  vertex 2.1997528 0.4706359 0.6792966
  vertex 1.9849052 0.44981146 0.69465816
  vertex 2.2007484 0.46640396 0.68694055
 endloop
endfacet
facet normal -0.05236128 0.890948 0.4510765
 outer loop
  vertex 2.2007484 0.46640396 0.68694055
  vertex 1.9849052 0.44981146 0.69465816
  vertex 1.9865971 0.44115686 0.71194875
 endloop
endfacet
facet normal -0.054412827 0.8966889 0.4393044
 outer loop
  vertex 2.2007484 0.46640396 0.68694055
  vertex 1.9865971 0.44115686 0.71194875
  vertex 2.2017174 0.46260595 0.6948129
 endloop
endfacet
facet normal -0.060706 0.91936743 0.38868788
 outer loop
  vertex 2.2017174 0.46260595 0.6948129
  vertex 1.9865971 0.44115686 0.71194875
  vertex 2.2026558 0.4592538 0.70288837
 endloop
endfacet
facet normal -0.058504075 0.91958094 0.38852057
 outer loop
  vertex 2.2017174 0.46260595 0.6948129
  vertex 2.2026558 0.4592538 0.70288837
  vertex 2.628584 0.49605322 0.67992556
 endloop
endfacet
facet normal -0.06908319 0.96273965 0.26145744
 outer loop
  vertex 2.628584 0.49605322 0.67992556
  vertex 2.2026558 0.4592538 0.70288837
  vertex 2.6294632 0.49386072 0.6882311
 endloop
endfacet
facet normal -0.047504164 0.9645346 0.2596468
 outer loop
  vertex 2.628584 0.49605322 0.67992556
  vertex 2.6294632 0.49386072 0.6882311
  vertex 3.0549889 0.51964283 0.6703087
 endloop
endfacet
facet normal -0.05587704 0.9932042 0.102094665
 outer loop
  vertex 3.0549889 0.51964283 0.6703087
  vertex 2.6294632 0.49386072 0.6882311
  vertex 3.055728 0.518764 0.6792625
 endloop
endfacet
facet normal -0.062272426 0.97882736 0.19498499
 outer loop
  vertex 1.8395882 0.41836023 0.76474416
  vertex 1.9881592 0.43469667 0.7301842
  vertex 1.7719812 0.41793203 0.7453021
 endloop
endfacet
facet normal -0.054719094 0.9583543 0.28029084
 outer loop
  vertex 1.7719812 0.41793203 0.7453021
  vertex 1.9881592 0.43469667 0.7301842
  vertex 1.7713585 0.4208598 0.73517
 endloop
endfacet
facet normal -0.057804435 0.95813614 0.28041732
 outer loop
  vertex 1.7719812 0.41793203 0.7453021
  vertex 1.7713585 0.4208598 0.73517
  vertex 1.5582676 0.40527487 0.74449503
 endloop
endfacet
facet normal -0.05386578 0.93927777 0.33890378
 outer loop
  vertex 1.5582676 0.40527487 0.74449503
  vertex 1.7713585 0.4208598 0.73517
  vertex 1.5576229 0.40876198 0.734728
 endloop
endfacet
facet normal -0.0654715 0.93837935 0.339349
 outer loop
  vertex 1.5582676 0.40527487 0.74449503
  vertex 1.5576229 0.40876198 0.734728
  vertex 1.3448915 0.39167023 0.74094784
 endloop
endfacet
facet normal -0.0612039 0.91055137 0.40884
 outer loop
  vertex 1.3448915 0.39167023 0.74094784
  vertex 1.5576229 0.40876198 0.734728
  vertex 1.3442192 0.39578438 0.7316843
 endloop
endfacet
facet normal -0.07288753 0.90951616 0.40922824
 outer loop
  vertex 1.3448915 0.39167023 0.74094784
  vertex 1.3442192 0.39578438 0.7316843
  vertex 1.1315126 0.3770051 0.73553646
 endloop
endfacet
facet normal -0.06843454 0.8738673 0.4813238
 outer loop
  vertex 1.1315126 0.3770051 0.73553646
  vertex 1.3442192 0.39578438 0.7316843
  vertex 1.1308298 0.38176727 0.7267934
 endloop
endfacet
facet normal -0.07828357 0.872905 0.4815688
 outer loop
  vertex 1.1315126 0.3770051 0.73553646
  vertex 1.1308298 0.38176727 0.7267934
  vertex 0.91784096 0.36171484 0.72851765
 endloop
endfacet
facet normal -0.07384586 0.83168125 0.550321
 outer loop
  vertex 0.91784096 0.36171484 0.72851765
  vertex 1.1308298 0.38176727 0.7267934
  vertex 0.91718006 0.36713314 0.7202405
 endloop
endfacet
facet normal -0.076589 0.9535319 0.29139477
 outer loop
  vertex 1.3460426 0.38552284 0.7592298
  vertex 1.3589125 0.38645697 0.7595557
  vertex 1.3455181 0.3881607 0.75046
 endloop
endfacet
facet normal -0.07398825 0.954826 0.28780726
 outer loop
  vertex 1.3455181 0.3881607 0.75046
  vertex 1.3589125 0.38645697 0.7595557
  vertex 1.4852648 0.39539862 0.7623731
 endloop
endfacet
facet normal -0.06926621 0.9726821 0.22156648
 outer loop
  vertex 1.3455181 0.3881607 0.75046
  vertex 1.4852648 0.39539862 0.7623731
  vertex 1.5588694 0.4024396 0.7544733
 endloop
endfacet
facet normal -0.06432622 0.96359885 0.25949812
 outer loop
  vertex 1.5588694 0.4024396 0.7544733
  vertex 1.4852648 0.39539862 0.7623731
  vertex 1.8326168 0.4179349 0.7647928
 endloop
endfacet
facet normal -0.06191831 0.98446715 0.16428795
 outer loop
  vertex 1.5588694 0.4024396 0.7544733
  vertex 1.8326168 0.4179349 0.7647928
  vertex 1.7725658 0.41569042 0.75560987
 endloop
endfacet
facet normal -0.06939513 0.97398067 0.21574509
 outer loop
  vertex 1.7725658 0.41569042 0.75560987
  vertex 1.8326168 0.4179349 0.7647928
  vertex 1.7719812 0.41793203 0.7453021
 endloop
endfacet
facet normal -0.061576955 0.9745756 0.21543105
 outer loop
  vertex 1.7725658 0.41569042 0.75560987
  vertex 1.7719812 0.41793203 0.7453021
  vertex 1.5588694 0.4024396 0.7544733
 endloop
endfacet
facet normal -0.057862215 0.9593874 0.27609375
 outer loop
  vertex 1.5588694 0.4024396 0.7544733
  vertex 1.7719812 0.41793203 0.7453021
  vertex 1.5582676 0.40527487 0.74449503
 endloop
endfacet
facet normal -0.06935092 0.9584984 0.27653408
 outer loop
  vertex 1.5588694 0.4024396 0.7544733
  vertex 1.5582676 0.40527487 0.74449503
  vertex 1.3455181 0.3881607 0.75046
 endloop
endfacet
facet normal -0.06540475 0.9347665 0.34919032
 outer loop
  vertex 1.3455181 0.3881607 0.75046
  vertex 1.5582676 0.40527487 0.74449503
  vertex 1.3448915 0.39167023 0.74094784
 endloop
endfacet
facet normal -0.07685509 0.9337526 0.34957045
 outer loop
  vertex 1.3455181 0.3881607 0.75046
  vertex 1.3448915 0.39167023 0.74094784
  vertex 1.1321468 0.37280512 0.7445661
 endloop
endfacet
facet normal -0.07279018 0.9023451 0.4248234
 outer loop
  vertex 1.1321468 0.37280512 0.7445661
  vertex 1.3448915 0.39167023 0.74094784
  vertex 1.1315126 0.3770051 0.73553646
 endloop
endfacet
facet normal -0.0822143 0.90142506 0.42505726
 outer loop
  vertex 1.1321468 0.37280512 0.7445661
  vertex 1.1315126 0.3770051 0.73553646
  vertex 0.91845226 0.35682535 0.73712194
 endloop
endfacet
facet normal -0.07817127 0.8643704 0.49674252
 outer loop
  vertex 0.91845226 0.35682535 0.73712194
  vertex 1.1315126 0.3770051 0.73553646
  vertex 0.91784096 0.36171484 0.72851765
 endloop
endfacet
facet normal -0.05541853 0.97348756 0.2219254
 outer loop
  vertex 1.8395882 0.41836023 0.76474416
  vertex 1.9895048 0.4306755 0.7481593
  vertex 1.9881592 0.43469667 0.7301842
 endloop
endfacet
facet normal -0.072649956 0.97212785 0.2229112
 outer loop
  vertex 1.9881592 0.43469667 0.7301842
  vertex 1.9895048 0.4306755 0.7481593
  vertex 2.133789 0.44484854 0.73337424
 endloop
endfacet
facet normal -0.07283987 0.9604826 0.26864022
 outer loop
  vertex 1.9881592 0.43469667 0.7301842
  vertex 2.133789 0.44484854 0.73337424
  vertex 2.2035618 0.45635796 0.7111424
 endloop
endfacet
facet normal -0.067448065 0.9565844 0.28354374
 outer loop
  vertex 2.2035618 0.45635796 0.7111424
  vertex 2.133789 0.44484854 0.73337424
  vertex 2.2044315 0.45392752 0.7195488
 endloop
endfacet
facet normal -0.07051498 0.95629394 0.28377715
 outer loop
  vertex 2.2035618 0.45635796 0.7111424
  vertex 2.2044315 0.45392752 0.7195488
  vertex 2.6303139 0.49212694 0.69664776
 endloop
endfacet
facet normal -0.087545276 0.9956245 0.03267529
 outer loop
  vertex 2.6303139 0.49212694 0.69664776
  vertex 2.2044315 0.45392752 0.7195488
  vertex 2.4806423 0.4785018 0.71080196
 endloop
endfacet
facet normal -0.07481141 0.98477894 0.1568876
 outer loop
  vertex 2.6303139 0.49212694 0.69664776
  vertex 2.4806423 0.4785018 0.71080196
  vertex 2.6310549 0.4909606 0.7043222
 endloop
endfacet
facet normal -0.07404154 0.8409171 0.5360749
 outer loop
  vertex 1.1301022 0.3870716 0.7183722
  vertex 0.91718006 0.36713314 0.7202405
  vertex 1.1308298 0.38176727 0.7267934
 endloop
endfacet
facet normal -0.06380858 0.8419173 0.5358206
 outer loop
  vertex 1.1301022 0.3870716 0.7183722
  vertex 1.1308298 0.38176727 0.7267934
  vertex 1.3435049 0.400486 0.72270787
 endloop
endfacet
facet normal -0.068611644 0.88150334 0.46716627
 outer loop
  vertex 1.3435049 0.400486 0.72270787
  vertex 1.1308298 0.38176727 0.7267934
  vertex 1.3442192 0.39578438 0.7316843
 endloop
endfacet
facet normal -0.05674859 0.88255465 0.46677282
 outer loop
  vertex 1.3435049 0.400486 0.72270787
  vertex 1.3442192 0.39578438 0.7316843
  vertex 1.5569391 0.41288424 0.72521436
 endloop
endfacet
facet normal -0.061308958 0.91422534 0.40054107
 outer loop
  vertex 1.5569391 0.41288424 0.72521436
  vertex 1.3442192 0.39578438 0.7316843
  vertex 1.5576229 0.40876198 0.734728
 endloop
endfacet
facet normal -0.04963651 0.91512907 0.4000937
 outer loop
  vertex 1.5569391 0.41288424 0.72521436
  vertex 1.5576229 0.40876198 0.734728
  vertex 1.7706995 0.42445898 0.7252592
 endloop
endfacet
facet normal -0.053771533 0.9374263 0.3440066
 outer loop
  vertex 1.7706995 0.42445898 0.7252592
  vertex 1.5576229 0.40876198 0.734728
  vertex 1.7713585 0.4208598 0.73517
 endloop
endfacet
facet normal -0.051313248 0.93760085 0.34390658
 outer loop
  vertex 1.7706995 0.42445898 0.7252592
  vertex 1.7713585 0.4208598 0.73517
  vertex 1.9865971 0.44115686 0.71194875
 endloop
endfacet
facet normal -0.052226543 0.93989486 0.33744624
 outer loop
  vertex 1.9865971 0.44115686 0.71194875
  vertex 1.7713585 0.4208598 0.73517
  vertex 1.9881592 0.43469667 0.7301842
 endloop
endfacet
facet normal -0.06446075 0.9388866 0.33813712
 outer loop
  vertex 1.9865971 0.44115686 0.71194875
  vertex 1.9881592 0.43469667 0.7301842
  vertex 2.2026558 0.4592538 0.70288837
 endloop
endfacet
facet normal -0.06470468 0.93939435 0.33667728
 outer loop
  vertex 2.2026558 0.4592538 0.70288837
  vertex 1.9881592 0.43469667 0.7301842
  vertex 2.2035618 0.45635796 0.7111424
 endloop
endfacet
facet normal -0.06460812 0.93940365 0.3366698
 outer loop
  vertex 2.2026558 0.4592538 0.70288837
  vertex 2.2035618 0.45635796 0.7111424
  vertex 2.6294632 0.49386072 0.6882311
 endloop
endfacet
facet normal -0.07465753 0.9751841 0.20842777
 outer loop
  vertex 2.6294632 0.49386072 0.6882311
  vertex 2.2035618 0.45635796 0.7111424
  vertex 2.6303139 0.49212694 0.69664776
 endloop
endfacet
facet normal -0.052732207 0.9770062 0.2065871
 outer loop
  vertex 2.6294632 0.49386072 0.6882311
  vertex 2.6303139 0.49212694 0.69664776
  vertex 3.055728 0.518764 0.6792625
 endloop
endfacet
facet normal -0.062050365 0.9980151 0.010762184
 outer loop
  vertex 3.055728 0.518764 0.6792625
  vertex 2.6303139 0.49212694 0.69664776
  vertex 3.0199947 0.5164237 0.69026506
 endloop
endfacet
facet normal -0.04973859 0.99747795 0.050633237
 outer loop
  vertex 3.055728 0.518764 0.6792625
  vertex 3.0199947 0.5164237 0.69026506
  vertex 3.020216 0.51643515 0.69025695
 endloop
endfacet
facet normal 0.32684022 0.47025093 0.8197802
 outer loop
  vertex 6.3586864 0.2122879 0.43210578
  vertex 6.354513 0.24420595 0.41546047
  vertex 6.3490925 0.2439928 0.41774392
 endloop
endfacet
facet normal 0.2998554 0.5699322 0.7650255
 outer loop
  vertex 6.3490925 0.2439928 0.41774392
  vertex 6.354513 0.24420595 0.41546047
  vertex 6.329563 0.27057552 0.40559483
 endloop
endfacet
facet normal 0.36370185 0.5948285 0.7168682
 outer loop
  vertex 6.3490925 0.2439928 0.41774392
  vertex 6.329563 0.27057552 0.40559483
  vertex 6.324724 0.26898718 0.4093678
 endloop
endfacet
facet normal 0.31150278 0.664512 0.6792568
 outer loop
  vertex 6.324724 0.26898718 0.4093678
  vertex 6.329563 0.27057552 0.40559483
  vertex 6.291789 0.28886032 0.4050299
 endloop
endfacet
facet normal 0.37817377 0.7462974 0.5477451
 outer loop
  vertex 6.324724 0.26898718 0.4093678
  vertex 6.291789 0.28886032 0.4050299
  vertex 6.305235 0.27748013 0.41125202
 endloop
endfacet
facet normal 0.3601512 0.7441041 0.5626724
 outer loop
  vertex 6.298088 0.27737093 0.41597092
  vertex 6.305235 0.27748013 0.41125202
  vertex 6.287697 0.28632212 0.4107846
 endloop
endfacet
facet normal 0.3553579 0.73535585 0.57703775
 outer loop
  vertex 6.287697 0.28632212 0.4107846
  vertex 6.305235 0.27748013 0.41125202
  vertex 6.291789 0.28886032 0.4050299
 endloop
endfacet
facet normal 0.32975194 0.7545969 0.5673158
 outer loop
  vertex 6.287697 0.28632212 0.4107846
  vertex 6.291789 0.28886032 0.4050299
  vertex 6.2682953 0.29422522 0.4115497
 endloop
endfacet
facet normal 0.3197276 0.817041 0.4798106
 outer loop
  vertex 6.2682953 0.29422522 0.4115497
  vertex 6.291789 0.28886032 0.4050299
  vertex 6.251175 0.30444193 0.4055606
 endloop
endfacet
facet normal 0.32131112 0.8180559 0.47701535
 outer loop
  vertex 6.2682953 0.29422522 0.4115497
  vertex 6.251175 0.30444193 0.4055606
  vertex 6.247652 0.30132055 0.41328657
 endloop
endfacet
facet normal 0.28520483 0.83645076 0.4679833
 outer loop
  vertex 6.247652 0.30132055 0.41328657
  vertex 6.251175 0.30444193 0.4055606
  vertex 6.203945 0.31731272 0.4113394
 endloop
endfacet
facet normal 0.2980319 0.86395013 0.40591532
 outer loop
  vertex 6.247652 0.30132055 0.41328657
  vertex 6.203945 0.31731272 0.4113394
  vertex 6.202986 0.31545496 0.41599786
 endloop
endfacet
facet normal 0.2540236 0.8792596 0.40295723
 outer loop
  vertex 6.202986 0.31545496 0.41599786
  vertex 6.203945 0.31731272 0.4113394
  vertex 6.1070976 0.33896208 0.42515266
 endloop
endfacet
facet normal 0.25402567 0.9201543 0.29797167
 outer loop
  vertex 6.202986 0.31545496 0.41599786
  vertex 6.1070976 0.33896208 0.42515266
  vertex 6.106682 0.33713531 0.4311483
 endloop
endfacet
facet normal 0.2488786 0.9386303 0.23881508
 outer loop
  vertex 6.106682 0.33713531 0.4311483
  vertex 6.1551456 0.32465982 0.42967546
  vertex 6.202986 0.31545496 0.41599786
 endloop
endfacet
facet normal 0.27728146 0.88486195 0.37434527
 outer loop
  vertex 6.202986 0.31545496 0.41599786
  vertex 6.1551456 0.32465982 0.42967546
  vertex 6.202074 0.31374264 0.4207207
 endloop
endfacet
facet normal 0.30024174 0.8767063 0.37582052
 outer loop
  vertex 6.202986 0.31545496 0.41599786
  vertex 6.202074 0.31374264 0.4207207
  vertex 6.247652 0.30132055 0.41328657
 endloop
endfacet
facet normal 0.29878297 0.88973784 0.34510177
 outer loop
  vertex 6.247652 0.30132055 0.41328657
  vertex 6.202074 0.31374264 0.4207207
  vertex 6.2172356 0.3065958 0.42602003
 endloop
endfacet
facet normal 0.32195228 0.8500247 0.4168989
 outer loop
  vertex 6.247652 0.30132055 0.41328657
  vertex 6.2172356 0.3065958 0.42602003
  vertex 6.2375746 0.3009143 0.4218973
 endloop
endfacet
facet normal 0.31503803 0.19973038 0.9278248
 outer loop
  vertex 6.3300476 0.10183239 0.47617567
  vertex 6.335264 0.14311647 0.46551728
  vertex 6.3235416 0.103775024 0.47796655
 endloop
endfacet
facet normal 0.342411 0.18919428 0.9203044
 outer loop
  vertex 6.3235416 0.103775024 0.47796655
  vertex 6.335264 0.14311647 0.46551728
  vertex 6.3291044 0.14528418 0.46736348
 endloop
endfacet
facet normal 0.35579285 0.1862547 0.9158169
 outer loop
  vertex 6.3235416 0.103775024 0.47796655
  vertex 6.3291044 0.14528418 0.46736348
  vertex 6.3171387 0.10576677 0.480049
 endloop
endfacet
facet normal 0.38135368 0.17586036 0.90754753
 outer loop
  vertex 6.3171387 0.10576677 0.480049
  vertex 6.3291044 0.14528418 0.46736348
  vertex 6.3230534 0.14751577 0.46947372
 endloop
endfacet
facet normal 0.39582732 0.17240375 0.90199655
 outer loop
  vertex 6.3171387 0.10576677 0.480049
  vertex 6.3230534 0.14751577 0.46947372
  vertex 6.310851 0.1078043 0.48241878
 endloop
endfacet
facet normal 0.4676083 0.14078195 0.8726528
 outer loop
  vertex 6.310851 0.1078043 0.48241878
  vertex 6.3230534 0.14751577 0.46947372
  vertex 6.3086433 0.12222004 0.48127615
 endloop
endfacet
facet normal 0.39961156 0.13308854 0.9069719
 outer loop
  vertex 6.310851 0.1078043 0.48241878
  vertex 6.3086433 0.12222004 0.48127615
  vertex 6.299736 0.090177536 0.48990262
 endloop
endfacet
facet normal 0.39140704 0.4614841 0.79613626
 outer loop
  vertex 6.341634 0.21581984 0.43755758
  vertex 6.347233 0.2145462 0.43554318
  vertex 6.338476 0.24391413 0.42282498
 endloop
endfacet
facet normal 0.39684 0.4618461 0.7932314
 outer loop
  vertex 6.338476 0.24391413 0.42282498
  vertex 6.347233 0.2145462 0.43554318
  vertex 6.3437443 0.24389601 0.4202
 endloop
endfacet
facet normal 0.37310457 0.55300677 0.7449674
 outer loop
  vertex 6.338476 0.24391413 0.42282498
  vertex 6.3437443 0.24389601 0.4202
  vertex 6.3312893 0.25627136 0.41725135
 endloop
endfacet
facet normal 0.4783015 0.62771523 0.6141672
 outer loop
  vertex 6.3312893 0.25627136 0.41725135
  vertex 6.3437443 0.24389601 0.4202
  vertex 6.324724 0.26898718 0.4093678
 endloop
endfacet
facet normal 0.38201606 0.62135535 0.68409157
 outer loop
  vertex 6.3312893 0.25627136 0.41725135
  vertex 6.324724 0.26898718 0.4093678
  vertex 6.319973 0.26756287 0.4133147
 endloop
endfacet
facet normal 0.35215265 0.66112715 0.6624949
 outer loop
  vertex 6.319973 0.26756287 0.4133147
  vertex 6.324724 0.26898718 0.4093678
  vertex 6.305235 0.27748013 0.41125202
 endloop
endfacet
facet normal 0.38340992 0.6960476 0.607054
 outer loop
  vertex 6.319973 0.26756287 0.4133147
  vertex 6.305235 0.27748013 0.41125202
  vertex 6.311613 0.26924467 0.4166664
 endloop
endfacet
facet normal 0.38770744 0.6969176 0.60331476
 outer loop
  vertex 6.311613 0.26924467 0.4166664
  vertex 6.305235 0.27748013 0.41125202
  vertex 6.298088 0.27737093 0.41597092
 endloop
endfacet
facet normal 0.21989767 0.96538025 0.14030646
 outer loop
  vertex 6.0283155 0.350173 0.45880663
  vertex 6.106326 0.33554173 0.4372139
  vertex 6.005293 0.356956 0.4482187
 endloop
endfacet
facet normal 0.22548702 0.94763374 0.22615436
 outer loop
  vertex 6.005293 0.356956 0.4482187
  vertex 6.106326 0.33554173 0.4372139
  vertex 6.0055904 0.36005354 0.43494272
 endloop
endfacet
facet normal 0.19156003 0.954851 0.22707789
 outer loop
  vertex 6.005293 0.356956 0.4482187
  vertex 6.0055904 0.36005354 0.43494272
  vertex 5.588133 0.4355402 0.4696871
 endloop
endfacet
facet normal 0.18935075 0.9659185 0.17648777
 outer loop
  vertex 5.588133 0.4355402 0.4696871
  vertex 6.0055904 0.36005354 0.43494272
  vertex 5.588152 0.4380784 0.45577502
 endloop
endfacet
facet normal 0.15737343 0.97146434 0.17745557
 outer loop
  vertex 5.588133 0.4355402 0.4696871
  vertex 5.588152 0.4380784 0.45577502
  vertex 5.1682596 0.5007963 0.48480582
 endloop
endfacet
facet normal 0.042039696 0.9926447 0.1135304
 outer loop
  vertex 4.280718 0.5608096 0.5805069
  vertex 4.6197853 0.55069876 0.5433556
  vertex 4.3290596 0.56104326 0.5605633
 endloop
endfacet
facet normal 0.02622583 0.98819065 -0.1509682
 outer loop
  vertex 4.3290596 0.56104326 0.5605633
  vertex 4.6197853 0.55069876 0.5433556
  vertex 4.7492065 0.5432811 0.5172845
 endloop
endfacet
facet normal 0.05555129 0.9895353 0.13316907
 outer loop
  vertex 4.3290596 0.56104326 0.5605633
  vertex 4.7492065 0.5432811 0.5172845
  vertex 4.748168 0.5452409 0.5031551
 endloop
endfacet
facet normal 0.10856694 0.98571724 0.1287427
 outer loop
  vertex 4.748168 0.5452409 0.5031551
  vertex 4.7492065 0.5432811 0.5172845
  vertex 5.1680164 0.5031619 0.47127998
 endloop
endfacet
facet normal 0.11554199 0.9601974 0.2543049
 outer loop
  vertex 4.748168 0.5452409 0.5031551
  vertex 5.1680164 0.5031619 0.47127998
  vertex 5.167938 0.5066867 0.45800674
 endloop
endfacet
facet normal 0.15679859 0.9547756 0.252622
 outer loop
  vertex 5.167938 0.5066867 0.45800674
  vertex 5.1680164 0.5031619 0.47127998
  vertex 5.5883904 0.44183493 0.44214344
 endloop
endfacet
facet normal 0.15567613 0.9235979 0.35033113
 outer loop
  vertex 5.167938 0.5066867 0.45800674
  vertex 5.5883904 0.44183493 0.44214344
  vertex 5.588848 0.4467802 0.4289025
 endloop
endfacet
facet normal 0.0062331357 0.80735576 0.590032
 outer loop
  vertex 3.4751844 0.5675597 0.56723416
  vertex 3.4744167 0.5725064 0.56047356
  vertex 3.0476322 0.5497222 0.5961584
 endloop
endfacet
facet normal -0.03833635 0.8580955 0.512057
 outer loop
  vertex 2.6248264 0.5092664 0.64830434
  vertex 2.6238413 0.5136299 0.64091825
  vertex 2.1976948 0.4803481 0.6647868
 endloop
endfacet
facet normal -0.025748746 0.77899605 0.6264999
 outer loop
  vertex 2.1976948 0.4803481 0.6647868
  vertex 2.6238413 0.5136299 0.64091825
  vertex 2.196638 0.48579836 0.6579665
 endloop
endfacet
facet normal -0.03161501 0.77841944 0.6269479
 outer loop
  vertex 2.1976948 0.4803481 0.6647868
  vertex 2.196638 0.48579836 0.6579665
  vertex 1.9831104 0.46052742 0.6785754
 endloop
endfacet
facet normal -0.026212083 0.7554163 0.65472066
 outer loop
  vertex 1.9831104 0.46052742 0.6785754
  vertex 2.196638 0.48579836 0.6579665
  vertex 1.9812384 0.4731431 0.6639445
 endloop
endfacet
facet normal -0.02430739 0.75557363 0.6546126
 outer loop
  vertex 1.9831104 0.46052742 0.6785754
  vertex 1.9812384 0.4731431 0.6639445
  vertex 1.7669754 0.45187378 0.68053806
 endloop
endfacet
facet normal -0.011989656 0.70510805 0.7089985
 outer loop
  vertex 2.1944857 0.49780035 0.6453012
  vertex 2.1955671 0.4916215 0.65146446
  vertex 2.6218386 0.5235429 0.6269268
 endloop
endfacet
facet normal -0.025051747 0.797699 0.60253525
 outer loop
  vertex 2.6218386 0.5235429 0.6269268
  vertex 2.1955671 0.4916215 0.65146446
  vertex 2.6228447 0.518394 0.63378525
 endloop
endfacet
facet normal -0.0063161976 0.799257 0.60095626
 outer loop
  vertex 2.6218386 0.5235429 0.6269268
  vertex 2.6228447 0.518394 0.63378525
  vertex 3.04848 0.5445323 0.6034955
 endloop
endfacet
facet normal -0.014280434 0.8474718 0.5306483
 outer loop
  vertex 3.04848 0.5445323 0.6034955
  vertex 2.6228447 0.518394 0.63378525
  vertex 3.0493279 0.539773 0.61111915
 endloop
endfacet
facet normal -0.0003815398 0.8482533 0.52959067
 outer loop
  vertex 3.04848 0.5445323 0.6034955
  vertex 3.0493279 0.539773 0.61111915
  vertex 3.475956 0.5629835 0.57424986
 endloop
endfacet
facet normal 0.0012157706 0.8376304 0.5462361
 outer loop
  vertex 3.475956 0.5629835 0.57424986
  vertex 3.4751844 0.5675597 0.56723416
  vertex 3.04848 0.5445323 0.6034955
 endloop
endfacet
facet normal 0.0049694725 0.8166633 0.577093
 outer loop
  vertex 3.04848 0.5445323 0.6034955
  vertex 3.4751844 0.5675597 0.56723416
  vertex 3.0476322 0.5497222 0.5961584
 endloop
endfacet
facet normal -0.00839061 0.8159168 0.57810855
 outer loop
  vertex 3.04848 0.5445323 0.6034955
  vertex 3.0476322 0.5497222 0.5961584
  vertex 2.6218386 0.5235429 0.6269268
 endloop
endfacet
facet normal -0.0005368438 0.7652739 0.64370453
 outer loop
  vertex 2.6218386 0.5235429 0.6269268
  vertex 3.0476322 0.5497222 0.5961584
  vertex 2.6208258 0.52906275 0.6203636
 endloop
endfacet
facet normal -0.018268034 0.76379657 0.6451984
 outer loop
  vertex 2.6218386 0.5235429 0.6269268
  vertex 2.6208258 0.52906275 0.6203636
  vertex 2.1944857 0.49780035 0.6453012
 endloop
endfacet
facet normal -0.005055363 0.66481084 0.7469947
 outer loop
  vertex 2.1944857 0.49780035 0.6453012
  vertex 2.6208258 0.52906275 0.6203636
  vertex 2.1933975 0.5043154 0.6394956
 endloop
endfacet
facet normal 0.16978931 0.030709265 0.9850018
 outer loop
  vertex 6.326581 -0.0015788078 0.48740745
  vertex 6.3294144 -0.0015788078 0.48691905
  vertex 6.327976 0.015082836 0.4866475
 endloop
endfacet
facet normal 0.15779363 0.02970684 0.9870252
 outer loop
  vertex 6.327976 0.015082836 0.4866475
  vertex 6.3294144 -0.0015788078 0.48691905
  vertex 6.335211 0.014223099 0.4855168
 endloop
endfacet
facet normal 0.16756763 0.123738766 0.97806436
 outer loop
  vertex 6.327976 0.015082836 0.4866475
  vertex 6.335211 0.014223099 0.4855168
  vertex 6.35005 0.09634066 0.47258544
 endloop
endfacet
facet normal -0.079438016 0.16905698 0.98239976
 outer loop
  vertex 6.35005 0.09634066 0.47258544
  vertex 6.335211 0.014223099 0.4855168
  vertex 6.344755 0.033143044 0.4830327
 endloop
endfacet
facet normal 0.047375888 0.15904951 0.9861332
 outer loop
  vertex 6.35005 0.09634066 0.47258544
  vertex 6.344755 0.033143044 0.4830327
  vertex 6.354948 0.08693838 0.47386658
 endloop
endfacet
facet normal 0.24737363 0.022378001 0.96866167
 outer loop
  vertex 6.3120556 -0.0015788078 0.49075663
  vertex 6.3192835 -0.0015788078 0.4889108
  vertex 6.3208046 0.015957355 0.48811722
 endloop
endfacet
facet normal 0.20380607 0.026609095 0.97864956
 outer loop
  vertex 6.3208046 0.015957355 0.48811722
  vertex 6.3192835 -0.0015788078 0.4889108
  vertex 6.327976 0.015082836 0.4866475
 endloop
endfacet
facet normal 0.21282823 0.11454028 0.9703529
 outer loop
  vertex 6.3208046 0.015957355 0.48811722
  vertex 6.327976 0.015082836 0.4866475
  vertex 6.343315 0.09811163 0.4734825
 endloop
endfacet
facet normal 0.16322379 0.12501766 0.9786361
 outer loop
  vertex 6.343315 0.09811163 0.4734825
  vertex 6.327976 0.015082836 0.4866475
  vertex 6.35005 0.09634066 0.47258544
 endloop
endfacet
facet normal 0.19745292 0.27415088 0.941198
 outer loop
  vertex 6.343315 0.09811163 0.4734825
  vertex 6.35005 0.09634066 0.47258544
  vertex 6.3708687 0.17280531 0.44594538
 endloop
endfacet
facet normal -0.0829387 0.34793004 0.9338447
 outer loop
  vertex 6.3708687 0.17280531 0.44594538
  vertex 6.35005 0.09634066 0.47258544
  vertex 6.36594 0.12855196 0.46199548
 endloop
endfacet
facet normal 0.06752681 0.33352134 0.940321
 outer loop
  vertex 6.3708687 0.17280531 0.44594538
  vertex 6.36594 0.12855196 0.46199548
  vertex 6.374481 0.16014385 0.45017684
 endloop
endfacet
facet normal -0.0037903602 0.86545384 0.5009743
 outer loop
  vertex 3.0493279 0.539773 0.61111915
  vertex 3.4767294 0.55878973 0.58150065
  vertex 3.475956 0.5629835 0.57424986
 endloop
endfacet
facet normal 0.008142419 0.8659829 0.5000074
 outer loop
  vertex 3.475956 0.5629835 0.57424986
  vertex 3.4767294 0.55878973 0.58150065
  vertex 3.9030638 0.57569075 0.5452864
 endloop
endfacet
facet normal 0.012047105 0.8381147 0.54536104
 outer loop
  vertex 3.475956 0.5629835 0.57424986
  vertex 3.9030638 0.57569075 0.5452864
  vertex 3.4751844 0.5675597 0.56723416
 endloop
endfacet
facet normal 0.011073201 0.8479209 0.53000724
 outer loop
  vertex 3.4751844 0.5675597 0.56723416
  vertex 3.9030638 0.57569075 0.5452864
  vertex 3.9017563 0.58394957 0.53210104
 endloop
endfacet
facet normal 0.017481258 0.8078559 0.5891207
 outer loop
  vertex 3.4751844 0.5675597 0.56723416
  vertex 3.9017563 0.58394957 0.53210104
  vertex 3.4744167 0.5725064 0.56047356
 endloop
endfacet
facet normal 0.02114848 0.7753086 0.63122845
 outer loop
  vertex 3.4744167 0.5725064 0.56047356
  vertex 3.9017563 0.58394957 0.53210104
  vertex 3.4736557 0.5778079 0.5539875
 endloop
endfacet
facet normal -0.044801414 0.88444716 0.46448487
 outer loop
  vertex 2.1987343 0.47528887 0.6719042
  vertex 2.6257954 0.5053153 0.6559212
  vertex 2.6248264 0.5092664 0.64830434
 endloop
endfacet
facet normal -0.017126067 0.88665694 0.46211064
 outer loop
  vertex 2.6248264 0.5092664 0.64830434
  vertex 2.6257954 0.5053153 0.6559212
  vertex 3.4790392 0.54861975 0.60445416
 endloop
endfacet
facet normal -0.024655905 0.9335747 0.35753378
 outer loop
  vertex 2.6248264 0.5092664 0.64830434
  vertex 3.4790392 0.54861975 0.60445416
  vertex 3.4782734 0.5515981 0.5966245
 endloop
endfacet
facet normal -0.0065435665 0.9344297 0.3560875
 outer loop
  vertex 3.4782734 0.5515981 0.5966245
  vertex 3.4790392 0.54861975 0.60445416
  vertex 3.9057283 0.5632963 0.5737815
 endloop
endfacet
facet normal -0.0067220596 0.9354896 0.35329023
 outer loop
  vertex 3.4782734 0.5515981 0.5966245
  vertex 3.9057283 0.5632963 0.5737815
  vertex 3.9043922 0.56878376 0.5592257
 endloop
endfacet
facet normal 0.028510401 0.93619525 0.35032225
 outer loop
  vertex 3.9043922 0.56878376 0.5592257
  vertex 3.9057283 0.5632963 0.5737815
  vertex 4.323945 0.57135916 0.5181986
 endloop
endfacet
facet normal 0.0344787 0.9115206 0.4098066
 outer loop
  vertex 3.9043922 0.56878376 0.5592257
  vertex 4.323945 0.57135916 0.5181986
  vertex 4.322378 0.5773921 0.50491154
 endloop
endfacet
facet normal 0.08074431 0.9111146 0.40416637
 outer loop
  vertex 4.322378 0.5773921 0.50491154
  vertex 4.323945 0.57135916 0.5181986
  vertex 4.745741 0.5586457 0.46259224
 endloop
endfacet
facet normal 0.086247504 0.8758302 0.47485036
 outer loop
  vertex 4.322378 0.5773921 0.50491154
  vertex 4.745741 0.5586457 0.46259224
  vertex 4.745184 0.5654998 0.45005155
 endloop
endfacet
facet normal 0.11852107 0.8735137 0.47215098
 outer loop
  vertex 4.745184 0.5654998 0.45005155
  vertex 4.745741 0.5586457 0.46259224
  vertex 5.1686954 0.5239024 0.4206983
 endloop
endfacet
facet normal 0.24276936 0.8370878 0.49025208
 outer loop
  vertex 6.108103 0.3433032 0.41340888
  vertex 6.2059984 0.32145548 0.40223587
  vertex 6.2070904 0.32373667 0.3978001
 endloop
endfacet
facet normal 0.08733144 0.9939584 -0.066482
 outer loop
  vertex 4.8479776 0.53490496 0.5218016
  vertex 4.9442463 0.52590084 0.51364243
  vertex 4.7492065 0.5432811 0.5172845
 endloop
endfacet
facet normal 0.083131984 0.9755421 -0.20348606
 outer loop
  vertex 4.7492065 0.5432811 0.5172845
  vertex 4.9442463 0.52590084 0.51364243
  vertex 5.1682596 0.5007963 0.48480582
 endloop
endfacet
facet normal 0.11238469 0.9791486 0.16922662
 outer loop
  vertex 4.7492065 0.5432811 0.5172845
  vertex 5.1682596 0.5007963 0.48480582
  vertex 5.1680164 0.5031619 0.47127998
 endloop
endfacet
facet normal 0.15695487 0.9733143 0.16740489
 outer loop
  vertex 5.1680164 0.5031619 0.47127998
  vertex 5.1682596 0.5007963 0.48480582
  vertex 5.588152 0.4380784 0.45577502
 endloop
endfacet
facet normal 0.15715541 0.9513766 0.26492426
 outer loop
  vertex 5.1680164 0.5031619 0.47127998
  vertex 5.588152 0.4380784 0.45577502
  vertex 5.5883904 0.44183493 0.44214344
 endloop
endfacet
facet normal 0.18839982 0.9459505 0.26397544
 outer loop
  vertex 5.5883904 0.44183493 0.44214344
  vertex 5.588152 0.4380784 0.45577502
  vertex 6.006138 0.3642602 0.4219836
 endloop
endfacet
facet normal 0.18734276 0.9180685 0.34936067
 outer loop
  vertex 5.5883904 0.44183493 0.44214344
  vertex 6.006138 0.3642602 0.4219836
  vertex 5.588848 0.4467802 0.4289025
 endloop
endfacet
facet normal 0.18603916 0.9096245 0.37144682
 outer loop
  vertex 5.588848 0.4467802 0.4289025
  vertex 6.006138 0.3642602 0.4219836
  vertex 6.006504 0.36677027 0.41565335
 endloop
endfacet
facet normal 0.1840654 0.89272213 0.4112992
 outer loop
  vertex 5.588848 0.4467802 0.4289025
  vertex 6.006504 0.36677027 0.41565335
  vertex 6.0069313 0.36954546 0.4094386
 endloop
endfacet
facet normal 0.21155134 0.8869332 0.4106038
 outer loop
  vertex 6.0069313 0.36954546 0.4094386
  vertex 6.006504 0.36677027 0.41565335
  vertex 6.109336 0.34853697 0.40205753
 endloop
endfacet
facet normal 0.20854001 0.8412872 0.49874538
 outer loop
  vertex 6.0069313 0.36954546 0.4094386
  vertex 6.109336 0.34853697 0.40205753
  vertex 6.1107903 0.35463047 0.39117086
 endloop
endfacet
facet normal 0.22278337 0.26857153 0.9371429
 outer loop
  vertex 6.364643 0.17438745 0.44668925
  vertex 6.3584766 0.17606258 0.4476751
  vertex 6.336643 0.09994364 0.47468007
 endloop
endfacet
facet normal 0.18367171 0.27966493 0.9423652
 outer loop
  vertex 6.3708687 0.17280531 0.44594538
  vertex 6.364643 0.17438745 0.44668925
  vertex 6.343315 0.09811163 0.4734825
 endloop
endfacet
facet normal 0.2396159 0.26143682 0.93500537
 outer loop
  vertex 6.343315 0.09811163 0.4734825
  vertex 6.364643 0.17438745 0.44668925
  vertex 6.336643 0.09994364 0.47468007
 endloop
endfacet
facet normal 0.20637506 0.1165148 0.971511
 outer loop
  vertex 6.343315 0.09811163 0.4734825
  vertex 6.336643 0.09994364 0.47468007
  vertex 6.3208046 0.015957355 0.48811722
 endloop
endfacet
facet normal 0.25762454 0.10509028 0.9605132
 outer loop
  vertex 6.3208046 0.015957355 0.48811722
  vertex 6.336643 0.09994364 0.47468007
  vertex 6.313711 0.016845226 0.48992264
 endloop
endfacet
facet normal 0.24911985 0.021442605 0.9682353
 outer loop
  vertex 6.3208046 0.015957355 0.48811722
  vertex 6.313711 0.016845226 0.48992264
  vertex 6.3120556 -0.0015788078 0.49075663
 endloop
endfacet
facet normal 0.29401672 0.016838582 0.95565194
 outer loop
  vertex 6.3120556 -0.0015788078 0.49075663
  vertex 6.313711 0.016845226 0.48992264
  vertex 6.306713 0.017744541 0.49205983
 endloop
endfacet
facet normal 0.2880531 0.0150654055 0.9574959
 outer loop
  vertex 6.3120556 -0.0015788078 0.49075663
  vertex 6.306713 0.017744541 0.49205983
  vertex 6.3063507 -0.0015788078 0.4924729
 endloop
endfacet
facet normal 0.33841786 0.013765988 0.94089526
 outer loop
  vertex 6.3063507 -0.0015788078 0.4924729
  vertex 6.306713 0.017744541 0.49205983
  vertex 6.2998247 0.018653393 0.49452412
 endloop
endfacet
facet normal 0.32122153 0.0076029785 0.9469735
 outer loop
  vertex 6.3063507 -0.0015788078 0.4924729
  vertex 6.2998247 0.018653393 0.49452412
  vertex 6.3014946 -0.0015788078 0.49412012
 endloop
endfacet
facet normal 0.38231498 0.013105343 0.92393905
 outer loop
  vertex 6.3014946 -0.0015788078 0.49412012
  vertex 6.2998247 0.018653393 0.49452412
  vertex 6.2930603 0.019569397 0.49731016
 endloop
endfacet
facet normal 0.37711334 0.010704093 0.9261052
 outer loop
  vertex 6.3014946 -0.0015788078 0.49412012
  vertex 6.2930603 0.019569397 0.49731016
  vertex 6.2886496 -0.0015788078 0.49935067
 endloop
endfacet
facet normal 0.430152 -0.002611055 0.9027527
 outer loop
  vertex 6.2886496 -0.0015788078 0.49935067
  vertex 6.2930603 0.019569397 0.49731016
  vertex 6.2844715 -0.0015788078 0.50134146
 endloop
endfacet
facet normal 0.47814322 0.16864537 0.8619384
 outer loop
  vertex 6.3584766 0.17606258 0.4476751
  vertex 6.3415203 0.14101648 0.46393836
  vertex 6.336643 0.09994364 0.47468007
 endloop
endfacet
facet normal 0.27364 0.2128188 0.93799216
 outer loop
  vertex 6.336643 0.09994364 0.47468007
  vertex 6.3415203 0.14101648 0.46393836
  vertex 6.3300476 0.10183239 0.47617567
 endloop
endfacet
facet normal 0.24911253 0.10779578 0.96245676
 outer loop
  vertex 6.336643 0.09994364 0.47468007
  vertex 6.3300476 0.10183239 0.47617567
  vertex 6.313711 0.016845226 0.48992264
 endloop
endfacet
facet normal 0.2912023 0.09795448 0.95163345
 outer loop
  vertex 6.313711 0.016845226 0.48992264
  vertex 6.3300476 0.10183239 0.47617567
  vertex 6.3235416 0.103775024 0.47796655
 endloop
endfacet
facet normal 0.30202013 0.09629001 0.94842607
 outer loop
  vertex 6.313711 0.016845226 0.48992264
  vertex 6.3235416 0.103775024 0.47796655
  vertex 6.306713 0.017744541 0.49205983
 endloop
endfacet
facet normal 0.33290613 0.088668495 0.9387819
 outer loop
  vertex 6.306713 0.017744541 0.49205983
  vertex 6.3235416 0.103775024 0.47796655
  vertex 6.3171387 0.10576677 0.480049
 endloop
endfacet
facet normal 0.3456804 0.08655105 0.93435216
 outer loop
  vertex 6.306713 0.017744541 0.49205983
  vertex 6.3171387 0.10576677 0.480049
  vertex 6.2998247 0.018653393 0.49452412
 endloop
endfacet
facet normal 0.37394717 0.07922279 0.92406017
 outer loop
  vertex 6.2998247 0.018653393 0.49452412
  vertex 6.3171387 0.10576677 0.480049
  vertex 6.310851 0.1078043 0.48241878
 endloop
endfacet
facet normal 0.3885649 0.07662319 0.91822994
 outer loop
  vertex 6.2998247 0.018653393 0.49452412
  vertex 6.310851 0.1078043 0.48241878
  vertex 6.2930603 0.019569397 0.49731016
 endloop
endfacet
facet normal 0.53923285 0.03329402 0.8414983
 outer loop
  vertex 6.2930603 0.019569397 0.49731016
  vertex 6.310851 0.1078043 0.48241878
  vertex 6.293598 0.06300974 0.49524677
 endloop
endfacet
facet normal 0.34134433 0.040378887 0.9390706
 outer loop
  vertex 6.2930603 0.019569397 0.49731016
  vertex 6.293598 0.06300974 0.49524677
  vertex 6.2844715 -0.0015788078 0.50134146
 endloop
endfacet
facet normal 0.13676219 0.34886977 0.9271386
 outer loop
  vertex 6.374481 0.16014385 0.45017684
  vertex 6.3749466 0.16200829 0.44940662
  vertex 6.3708687 0.17280531 0.44594538
 endloop
endfacet
facet normal 0.24680749 0.38521883 0.889209
 outer loop
  vertex 6.364643 0.17438745 0.44668925
  vertex 6.3704205 0.21042538 0.42947352
  vertex 6.3584766 0.17606258 0.4476751
 endloop
endfacet
facet normal 0.28473598 0.36954728 0.8845113
 outer loop
  vertex 6.3584766 0.17606258 0.4476751
  vertex 6.3704205 0.21042538 0.42947352
  vertex 6.352378 0.17782736 0.44890106
 endloop
endfacet
facet normal 0.269616 0.29494336 0.9166873
 outer loop
  vertex 6.3584766 0.17606258 0.4476751
  vertex 6.352378 0.17782736 0.44890106
  vertex 6.3415203 0.14101648 0.46393836
 endloop
endfacet
facet normal 0.307495 0.2807127 0.9092014
 outer loop
  vertex 6.3415203 0.14101648 0.46393836
  vertex 6.352378 0.17782736 0.44890106
  vertex 6.3463583 0.17967987 0.45036495
 endloop
endfacet
facet normal 0.32164174 0.27756092 0.905266
 outer loop
  vertex 6.3415203 0.14101648 0.46393836
  vertex 6.3463583 0.17967987 0.45036495
  vertex 6.335264 0.14311647 0.46551728
 endloop
endfacet
facet normal 0.345224 0.26799303 0.8994443
 outer loop
  vertex 6.335264 0.14311647 0.46551728
  vertex 6.3463583 0.17967987 0.45036495
  vertex 6.3404274 0.18161583 0.4520645
 endloop
endfacet
facet normal 0.3610051 0.26410824 0.89438367
 outer loop
  vertex 6.335264 0.14311647 0.46551728
  vertex 6.3404274 0.18161583 0.4520645
  vertex 6.3291044 0.14528418 0.46736348
 endloop
endfacet
facet normal 0.38244686 0.25480098 0.8881503
 outer loop
  vertex 6.3291044 0.14528418 0.46736348
  vertex 6.3404274 0.18161583 0.4520645
  vertex 6.3345966 0.18363237 0.45399678
 endloop
endfacet
facet normal 0.39977062 0.2501171 0.88183045
 outer loop
  vertex 6.3291044 0.14528418 0.46736348
  vertex 6.3345966 0.18363237 0.45399678
  vertex 6.3230534 0.14751577 0.46947372
 endloop
endfacet
facet normal 0.47337607 0.21478297 0.85427356
 outer loop
  vertex 6.3230534 0.14751577 0.46947372
  vertex 6.3345966 0.18363237 0.45399678
  vertex 6.3259544 0.17549944 0.46083045
 endloop
endfacet
facet normal 0.31031185 0.2510288 0.9168921
 outer loop
  vertex 6.3230534 0.14751577 0.46947372
  vertex 6.3259544 0.17549944 0.46083045
  vertex 6.3086433 0.12222004 0.48127615
 endloop
endfacet
facet normal 0.42409587 0.33666074 0.8407153
 outer loop
  vertex 6.33636 0.21681166 0.43982077
  vertex 6.3345966 0.18363237 0.45399678
  vertex 6.341634 0.21581984 0.43755758
 endloop
endfacet
facet normal 0.40073872 0.34572273 0.8484599
 outer loop
  vertex 6.341634 0.21581984 0.43755758
  vertex 6.3345966 0.18363237 0.45399678
  vertex 6.3404274 0.18161583 0.4520645
 endloop
endfacet
facet normal 0.38649568 0.34853268 0.85390055
 outer loop
  vertex 6.341634 0.21581984 0.43755758
  vertex 6.3404274 0.18161583 0.4520645
  vertex 6.347233 0.2145462 0.43554318
 endloop
endfacet
facet normal 0.36311373 0.35678935 0.86072636
 outer loop
  vertex 6.347233 0.2145462 0.43554318
  vertex 6.3404274 0.18161583 0.4520645
  vertex 6.3463583 0.17967987 0.45036495
 endloop
endfacet
facet normal 0.35081264 0.35889077 0.86494386
 outer loop
  vertex 6.347233 0.2145462 0.43554318
  vertex 6.3463583 0.17967987 0.45036495
  vertex 6.3529205 0.21336842 0.433725
 endloop
endfacet
facet normal 0.32494852 0.367187 0.8715401
 outer loop
  vertex 6.3529205 0.21336842 0.433725
  vertex 6.3463583 0.17967987 0.45036495
  vertex 6.352378 0.17782736 0.44890106
 endloop
endfacet
facet normal 0.3147163 0.3686758 0.87466097
 outer loop
  vertex 6.3529205 0.21336842 0.433725
  vertex 6.352378 0.17782736 0.44890106
  vertex 6.3586864 0.2122879 0.43210578
 endloop
endfacet
facet normal 0.25973195 0.384241 0.8859448
 outer loop
  vertex 6.3586864 0.2122879 0.43210578
  vertex 6.352378 0.17782736 0.44890106
  vertex 6.3704205 0.21042538 0.42947352
 endloop
endfacet
facet normal 0.26366484 0.4729171 0.8407319
 outer loop
  vertex 6.3586864 0.2122879 0.43210578
  vertex 6.3704205 0.21042538 0.42947352
  vertex 6.354513 0.24420595 0.41546047
 endloop
endfacet
facet normal 0.20581996 0.8589641 0.4688484
 outer loop
  vertex 6.1107903 0.35463047 0.39117086
  vertex 6.007963 0.37586832 0.3974017
  vertex 6.0069313 0.36954546 0.4094386
 endloop
endfacet
facet normal 0.18011479 0.8643733 0.4694862
 outer loop
  vertex 6.0069313 0.36954546 0.4094386
  vertex 6.007963 0.37586832 0.3974017
  vertex 5.5895195 0.45287418 0.41615856
 endloop
endfacet
facet normal 0.18324715 0.88309205 0.43193626
 outer loop
  vertex 6.0069313 0.36954546 0.4094386
  vertex 5.5895195 0.45287418 0.41615856
  vertex 5.588848 0.4467802 0.4289025
 endloop
endfacet
facet normal 0.15237252 0.8884779 0.43288514
 outer loop
  vertex 5.588848 0.4467802 0.4289025
  vertex 5.5895195 0.45287418 0.41615856
  vertex 5.1682796 0.51709604 0.43261945
 endloop
endfacet
facet normal 0.15349321 0.8960421 0.4165914
 outer loop
  vertex 5.588848 0.4467802 0.4289025
  vertex 5.1682796 0.51709604 0.43261945
  vertex 5.168026 0.511343 0.44508708
 endloop
endfacet
facet normal 0.11923621 0.9005911 0.41799343
 outer loop
  vertex 5.168026 0.511343 0.44508708
  vertex 5.1682796 0.51709604 0.43261945
  vertex 4.7464275 0.55295515 0.47569585
 endloop
endfacet
facet normal 0.115467176 0.9451755 0.30546784
 outer loop
  vertex 5.168026 0.511343 0.44508708
  vertex 4.7464275 0.55295515 0.47569585
  vertex 4.747238 0.5484743 0.489254
 endloop
endfacet
facet normal 0.07208354 0.9482961 0.30909306
 outer loop
  vertex 4.747238 0.5484743 0.489254
  vertex 4.7464275 0.55295515 0.47569585
  vertex 4.32559 0.56659794 0.53198326
 endloop
endfacet
facet normal 0.06492754 0.97132707 0.22870976
 outer loop
  vertex 4.747238 0.5484743 0.489254
  vertex 4.32559 0.56659794 0.53198326
  vertex 4.327299 0.563149 0.5461458
 endloop
endfacet
facet normal 0.014904524 0.9719083 0.23488754
 outer loop
  vertex 4.327299 0.563149 0.5461458
  vertex 4.32559 0.56659794 0.53198326
  vertex 3.9070587 0.5592823 0.58881104
 endloop
endfacet
facet normal 0.0071775327 0.98706615 0.16015263
 outer loop
  vertex 4.327299 0.563149 0.5461458
  vertex 3.9070587 0.5592823 0.58881104
  vertex 3.908372 0.5567813 0.6041666
 endloop
endfacet
facet normal -0.02393934 0.98638463 0.16270274
 outer loop
  vertex 3.908372 0.5567813 0.6041666
  vertex 3.9070587 0.5592823 0.58881104
  vertex 3.4820118 0.5410123 0.63703346
 endloop
endfacet
facet normal -0.03456201 0.99892426 0.030918028
 outer loop
  vertex 3.908372 0.5567813 0.6041666
  vertex 3.4820118 0.5410123 0.63703346
  vertex 3.795722 0.5521455 0.6280173
 endloop
endfacet
facet normal -0.033418983 0.99709594 0.06843108
 outer loop
  vertex 3.795722 0.5521455 0.6280173
  vertex 3.4820118 0.5410123 0.63703346
  vertex 3.4993963 0.5405922 0.65164447
 endloop
endfacet
facet normal -0.015536447 0.96567637 0.25928316
 outer loop
  vertex 3.4797974 0.5460658 0.61243284
  vertex 3.9070587 0.5592823 0.58881104
  vertex 3.9057283 0.5632963 0.5737815
 endloop
endfacet
facet normal 0.017936697 0.96637595 0.256507
 outer loop
  vertex 3.9057283 0.5632963 0.5737815
  vertex 3.9070587 0.5592823 0.58881104
  vertex 4.32559 0.56659794 0.53198326
 endloop
endfacet
facet normal 0.02479046 0.9458248 0.3237295
 outer loop
  vertex 3.9057283 0.5632963 0.5737815
  vertex 4.32559 0.56659794 0.53198326
  vertex 4.323945 0.57135916 0.5181986
 endloop
endfacet
facet normal 0.073150665 0.9453355 0.31778908
 outer loop
  vertex 4.323945 0.57135916 0.5181986
  vertex 4.32559 0.56659794 0.53198326
  vertex 4.7464275 0.55295515 0.47569585
 endloop
endfacet
facet normal 0.07948979 0.9158528 0.3935671
 outer loop
  vertex 4.323945 0.57135916 0.5181986
  vertex 4.7464275 0.55295515 0.47569585
  vertex 4.745741 0.5586457 0.46259224
 endloop
endfacet
facet normal 0.11748283 0.91312265 0.39039055
 outer loop
  vertex 4.745741 0.5586457 0.46259224
  vertex 4.7464275 0.55295515 0.47569585
  vertex 5.1682796 0.51709604 0.43261945
 endloop
endfacet
facet normal 0.119744584 0.8603699 0.49540362
 outer loop
  vertex 4.745741 0.5586457 0.46259224
  vertex 5.1682796 0.51709604 0.43261945
  vertex 5.1686954 0.5239024 0.4206983
 endloop
endfacet
facet normal 0.14986956 0.85635465 0.49416178
 outer loop
  vertex 5.1686954 0.5239024 0.4206983
  vertex 5.1682796 0.51709604 0.43261945
  vertex 5.5895195 0.45287418 0.41615856
 endloop
endfacet
facet normal 0.1483343 0.846123 0.51193047
 outer loop
  vertex 5.1686954 0.5239024 0.4206983
  vertex 5.5895195 0.45287418 0.41615856
  vertex 5.5903997 0.46006727 0.4040147
 endloop
endfacet
facet normal 0.17767587 0.84100264 0.5110244
 outer loop
  vertex 5.5903997 0.46006727 0.4040147
  vertex 5.5895195 0.45287418 0.41615856
  vertex 6.007963 0.37586832 0.3974017
 endloop
endfacet
facet normal 0.2821027 0.8397397 0.4639561
 outer loop
  vertex 6.251175 0.30444193 0.4055606
  vertex 6.2059984 0.32145548 0.40223587
  vertex 6.2049494 0.31931353 0.40675056
 endloop
endfacet
facet normal 0.24308205 0.85328674 0.4613165
 outer loop
  vertex 6.2049494 0.31931353 0.40675056
  vertex 6.2059984 0.32145548 0.40223587
  vertex 6.108103 0.3433032 0.41340888
 endloop
endfacet
facet normal 0.24716769 0.8942708 0.37307882
 outer loop
  vertex 6.2049494 0.31931353 0.40675056
  vertex 6.108103 0.3433032 0.41340888
  vertex 6.1075706 0.34101915 0.4192363
 endloop
endfacet
facet normal 0.21678711 0.90201 0.37333786
 outer loop
  vertex 6.1075706 0.34101915 0.4192363
  vertex 6.108103 0.3433032 0.41340888
  vertex 6.006138 0.3642602 0.4219836
 endloop
endfacet
facet normal 0.218992 0.91604525 0.33601126
 outer loop
  vertex 6.1075706 0.34101915 0.4192363
  vertex 6.006138 0.3642602 0.4219836
  vertex 6.1070976 0.33896208 0.42515266
 endloop
endfacet
facet normal 0.22197282 0.9246225 0.30951786
 outer loop
  vertex 6.1070976 0.33896208 0.42515266
  vertex 6.006138 0.3642602 0.4219836
  vertex 6.0055904 0.36005354 0.43494272
 endloop
endfacet
facet normal 0.22166881 0.9283948 0.29823834
 outer loop
  vertex 6.1070976 0.33896208 0.42515266
  vertex 6.0055904 0.36005354 0.43494272
  vertex 6.106682 0.33713531 0.4311483
 endloop
endfacet
facet normal 0.22276711 0.939584 0.25991693
 outer loop
  vertex 6.106682 0.33713531 0.4311483
  vertex 6.0055904 0.36005354 0.43494272
  vertex 6.106326 0.33554173 0.4372139
 endloop
endfacet
facet normal 0.24813089 0.9332552 0.25974172
 outer loop
  vertex 6.106682 0.33713531 0.4311483
  vertex 6.106326 0.33554173 0.4372139
  vertex 6.1551456 0.32465982 0.42967546
 endloop
endfacet
facet normal 0.25380453 0.908315 0.33248627
 outer loop
  vertex 6.1551456 0.32465982 0.42967546
  vertex 6.106326 0.33554173 0.4372139
  vertex 6.1801796 0.31580257 0.43476272
 endloop
endfacet
facet normal 0.28373447 0.9318474 0.22617513
 outer loop
  vertex 6.1551456 0.32465982 0.42967546
  vertex 6.1801796 0.31580257 0.43476272
  vertex 6.2134 0.3076005 0.42688096
 endloop
endfacet
facet normal 0.038793694 0.8968236 0.44068417
 outer loop
  vertex 4.322378 0.5773921 0.50491154
  vertex 3.9030638 0.57569075 0.5452864
  vertex 3.9043922 0.56878376 0.5592257
 endloop
endfacet
facet normal 0.002175408 0.8961125 0.44382173
 outer loop
  vertex 3.9043922 0.56878376 0.5592257
  vertex 3.9030638 0.57569075 0.5452864
  vertex 3.4767294 0.55878973 0.58150065
 endloop
endfacet
facet normal 0.002777546 0.89137554 0.45325702
 outer loop
  vertex 3.9043922 0.56878376 0.5592257
  vertex 3.4767294 0.55878973 0.58150065
  vertex 3.4775028 0.55499125 0.588966
 endloop
endfacet
facet normal -0.008167419 0.8908907 0.4541443
 outer loop
  vertex 3.4775028 0.55499125 0.588966
  vertex 3.4767294 0.55878973 0.58150065
  vertex 3.0493279 0.539773 0.61111915
 endloop
endfacet
facet normal 0.0217457 0.5768423 0.816566
 outer loop
  vertex 3.4775028 0.55499125 0.588966
  vertex 3.0493279 0.539773 0.61111915
  vertex 2.6238413 0.5136299 0.64091825
 endloop
endfacet
facet normal -0.012066148 0.83073956 0.5565305
 outer loop
  vertex 2.6238413 0.5136299 0.64091825
  vertex 3.0493279 0.539773 0.61111915
  vertex 2.6228447 0.518394 0.63378525
 endloop
endfacet
facet normal -0.031739466 0.82910687 0.55818856
 outer loop
  vertex 2.6238413 0.5136299 0.64091825
  vertex 2.6228447 0.518394 0.63378525
  vertex 2.196638 0.48579836 0.6579665
 endloop
endfacet
facet normal -0.018899849 0.7432443 0.668753
 outer loop
  vertex 2.196638 0.48579836 0.6579665
  vertex 2.6228447 0.518394 0.63378525
  vertex 2.1955671 0.4916215 0.65146446
 endloop
endfacet
facet normal -0.025058798 0.7426378 0.66922426
 outer loop
  vertex 2.196638 0.48579836 0.6579665
  vertex 2.1955671 0.4916215 0.65146446
  vertex 1.9812384 0.4731431 0.6639445
 endloop
endfacet
facet normal -0.019410895 0.7043734 0.7095642
 outer loop
  vertex 1.9812384 0.4731431 0.6639445
  vertex 2.1955671 0.4916215 0.65146446
  vertex 2.1944857 0.49780035 0.6453012
 endloop
endfacet
facet normal -0.012553892 0.6698741 0.7423685
 outer loop
  vertex 1.9812384 0.4731431 0.6639445
  vertex 2.1944857 0.49780035 0.6453012
  vertex 1.9793196 0.48746634 0.6509875
 endloop
endfacet
facet normal -0.012140484 0.66411006 0.7475362
 outer loop
  vertex 1.9793196 0.48746634 0.6509875
  vertex 2.1944857 0.49780035 0.6453012
  vertex 2.1933975 0.5043154 0.6394956
 endloop
endfacet
facet normal -0.006870113 0.62156266 0.7833343
 outer loop
  vertex 1.9793196 0.48746634 0.6509875
  vertex 2.1933975 0.5043154 0.6394956
  vertex 2.1923046 0.51114607 0.634066
 endloop
endfacet
facet normal -0.057073426 0.9979987 0.027226336
 outer loop
  vertex 3.0207653 0.5164652 0.6902369
  vertex 3.0208063 0.5164676 0.6902355
  vertex 3.055728 0.518764 0.6792625
 endloop
endfacet
facet normal -0.048079085 0.9972892 0.055702493
 outer loop
  vertex 3.055728 0.518764 0.6792625
  vertex 3.0208063 0.5164676 0.6902355
  vertex 3.2981815 0.5310874 0.66789806
 endloop
endfacet
facet normal -0.04576363 0.99380094 0.10131847
 outer loop
  vertex 3.055728 0.518764 0.6792625
  vertex 3.2981815 0.5310874 0.66789806
  vertex 3.0549889 0.51964283 0.6703087
 endloop
endfacet
facet normal -0.04652964 0.9979573 0.043773778
 outer loop
  vertex 3.0549889 0.51964283 0.6703087
  vertex 3.2981815 0.5310874 0.66789806
  vertex 3.4820118 0.5410123 0.63703346
 endloop
endfacet
facet normal -0.037094858 0.9867931 0.15768117
 outer loop
  vertex 3.0549889 0.51964283 0.6703087
  vertex 3.4820118 0.5410123 0.63703346
  vertex 3.0542278 0.52103424 0.661422
 endloop
endfacet
facet normal -0.0357862 0.9834049 0.17785992
 outer loop
  vertex 3.0542278 0.52103424 0.661422
  vertex 3.4820118 0.5410123 0.63703346
  vertex 3.480548 0.54394245 0.62053776
 endloop
endfacet
facet normal -0.03196168 0.9763564 0.21379092
 outer loop
  vertex 3.0542278 0.52103424 0.661422
  vertex 3.480548 0.54394245 0.62053776
  vertex 3.0534468 0.5229335 0.65263164
 endloop
endfacet
facet normal -0.028312625 0.9663199 0.25578177
 outer loop
  vertex 3.0534468 0.5229335 0.65263164
  vertex 3.480548 0.54394245 0.62053776
  vertex 3.4797974 0.5460658 0.61243284
 endloop
endfacet
facet normal -0.0475894 0.9965017 0.06869925
 outer loop
  vertex 3.0534468 0.5229335 0.65263164
  vertex 3.4797974 0.5460658 0.61243284
  vertex 2.6267471 0.50178957 0.66374624
 endloop
endfacet
facet normal -0.022415955 0.9104732 0.41296026
 outer loop
  vertex 2.6267471 0.50178957 0.66374624
  vertex 3.4797974 0.5460658 0.61243284
  vertex 2.6257954 0.5053153 0.6559212
 endloop
endfacet
facet normal -0.051132865 0.9081895 0.41542417
 outer loop
  vertex 2.6267471 0.50178957 0.66374624
  vertex 2.6257954 0.5053153 0.6559212
  vertex 2.1997528 0.4706359 0.6792966
 endloop
endfacet
facet normal -0.039220437 0.84321415 0.5361452
 outer loop
  vertex 2.1997528 0.4706359 0.6792966
  vertex 2.6257954 0.5053153 0.6559212
  vertex 2.1987343 0.47528887 0.6719042
 endloop
endfacet
facet normal -0.04333423 0.8428129 0.5364593
 outer loop
  vertex 2.1997528 0.4706359 0.6792966
  vertex 2.1987343 0.47528887 0.6719042
  vertex 1.9849052 0.44981146 0.69465816
 endloop
endfacet
facet normal -0.039550375 0.82949734 0.55710864
 outer loop
  vertex 1.9849052 0.44981146 0.69465816
  vertex 2.1987343 0.47528887 0.6719042
  vertex 1.9831104 0.46052742 0.6785754
 endloop
endfacet
facet normal -0.03424679 0.8299348 0.5568083
 outer loop
  vertex 1.9849052 0.44981146 0.69465816
  vertex 1.9831104 0.46052742 0.6785754
  vertex 1.7685385 0.43911505 0.69729364
 endloop
endfacet
facet normal -0.030593457 0.8138428 0.58027923
 outer loop
  vertex 1.7685385 0.43911505 0.69729364
  vertex 1.9831104 0.46052742 0.6785754
  vertex 1.767767 0.44521284 0.6887008
 endloop
endfacet
facet normal -0.035409544 0.81350833 0.58047426
 outer loop
  vertex 1.7685385 0.43911505 0.69729364
  vertex 1.767767 0.44521284 0.6887008
  vertex 1.5546827 0.4288726 0.69860256
 endloop
endfacet
facet normal 0.119775176 -0.86438024 0.48836538
 outer loop
  vertex 4.536627 -0.47932863 1.1583122
  vertex 4.4345007 -0.4813304 1.1798164
  vertex 4.4345856 -0.49151707 1.1617657
 endloop
endfacet
facet normal 0.35792753 -0.6095847 0.70731497
 outer loop
  vertex 5.2347736 -0.41813946 0.9109899
  vertex 5.2346954 -0.40509272 0.9222735
  vertex 5.0365925 -0.42437696 1.0059012
 endloop
endfacet
facet normal 0.41602406 -0.39836478 0.817453
 outer loop
  vertex 5.6286907 -0.331985 0.7646655
  vertex 5.6285477 -0.30502462 0.77787673
  vertex 5.2343845 -0.34616423 0.95842874
 endloop
endfacet
facet normal 0.084299795 -0.99034524 0.11004477
 outer loop
  vertex 4.8380966 -0.5155349 0.8753544
  vertex 4.837963 -0.5068989 0.95317614
  vertex 4.6375923 -0.5166173 1.0192095
 endloop
endfacet
facet normal 0.22414394 -0.96682096 0.12254323
 outer loop
  vertex 6.0824356 -0.34155607 0.45236766
  vertex 6.021101 -0.35276175 0.47614622
  vertex 6.021137 -0.35485935 0.4595306
 endloop
endfacet
facet normal 0.26242146 -0.94069064 0.2150258
 outer loop
  vertex 6.1157207 -0.33406496 0.44734943
  vertex 6.1801796 -0.3189602 0.43476272
  vertex 6.021021 -0.34953547 0.49524283
 endloop
endfacet
facet normal 0.37097603 -0.7658555 0.52520674
 outer loop
  vertex 6.283186 -0.28763723 0.41648877
  vertex 6.2874165 -0.28575134 0.4162506
  vertex 6.0208635 -0.33277082 0.5359646
 endloop
endfacet
facet normal 0.43882948 -0.005573697 0.8985531
 outer loop
  vertex 6.2883577 -0.035729885 0.4992317
  vertex 6.2844715 -0.0015788078 0.50134146
  vertex 5.6276884 -0.12759924 0.82131517
 endloop
endfacet
facet normal 0.44299766 -0.034099355 0.895874
 outer loop
  vertex 5.6276884 -0.12759924 0.82131517
  vertex 6.2844715 -0.0015788078 0.50134146
  vertex 5.8687763 -0.0015788078 0.70689714
 endloop
endfacet
facet normal 0.45660448 -0.068136014 0.88705677
 outer loop
  vertex 5.6276884 -0.12759924 0.82131517
  vertex 5.8687763 -0.0015788078 0.70689714
  vertex 5.6274014 -0.06510973 0.82626283
 endloop
endfacet
facet normal 0.44325557 0.0001265995 0.89639527
 outer loop
  vertex 5.6274014 -0.06510973 0.82626283
  vertex 5.8687763 -0.0015788078 0.70689714
  vertex 5.4922028 -0.0015788078 0.8931078
 endloop
endfacet
facet normal 0.44384143 -0.056434643 0.8943265
 outer loop
  vertex 6.2883577 -0.035729885 0.4992317
  vertex 5.6276884 -0.12759924 0.82131517
  vertex 6.299447 -0.09217596 0.4901663
 endloop
endfacet
facet normal 0.44384515 -0.13379632 0.8860587
 outer loop
  vertex 6.299447 -0.09217596 0.4901663
  vertex 5.6276884 -0.12759924 0.82131517
  vertex 5.6279755 -0.18869829 0.8119453
 endloop
endfacet
facet normal 0.44443688 -0.14452873 0.8840742
 outer loop
  vertex 6.299447 -0.09217596 0.4901663
  vertex 5.6279755 -0.18869829 0.8119453
  vertex 6.319955 -0.16051054 0.4686854
 endloop
endfacet
facet normal 0.42582697 -0.484287 0.76428896
 outer loop
  vertex 6.334937 -0.24321651 0.4274248
  vertex 6.3364162 -0.23621511 0.43103707
  vertex 5.6286907 -0.331985 0.7646655
 endloop
endfacet
facet normal 0.43088877 -0.440471 0.78760415
 outer loop
  vertex 5.6286907 -0.331985 0.7646655
  vertex 6.3364162 -0.23621511 0.43103707
  vertex 6.3368177 -0.22556734 0.43677223
 endloop
endfacet
facet normal 0.43425995 -0.39451733 0.8097989
 outer loop
  vertex 5.6286907 -0.331985 0.7646655
  vertex 6.3368177 -0.22556734 0.43677223
  vertex 5.6285477 -0.30502462 0.77787673
 endloop
endfacet
facet normal 0.43568626 -0.37918088 0.8163329
 outer loop
  vertex 5.6285477 -0.30502462 0.77787673
  vertex 6.3368177 -0.22556734 0.43677223
  vertex 6.334358 -0.20820475 0.4461497
 endloop
endfacet
facet normal 0.43924537 -0.29633474 0.84808564
 outer loop
  vertex 5.6285477 -0.30502462 0.77787673
  vertex 6.334358 -0.20820475 0.4461497
  vertex 6.3259335 -0.17859173 0.46086037
 endloop
endfacet
facet normal 0.4102419 -0.5924107 0.6933623
 outer loop
  vertex 6.323559 -0.26234484 0.41921103
  vertex 6.3287964 -0.2559271 0.42159545
  vertex 5.6289062 -0.36862946 0.73940647
 endloop
endfacet
facet normal 0.40275195 -0.62896067 0.6649807
 outer loop
  vertex 6.323559 -0.26234484 0.41921103
  vertex 5.6289062 -0.36862946 0.73940647
  vertex 6.316986 -0.2683754 0.41748798
 endloop
endfacet
facet normal 0.36162344 -0.789633 0.49568972
 outer loop
  vertex 6.283186 -0.28763723 0.41648877
  vertex 6.0208635 -0.33277082 0.5359646
  vertex 6.267622 -0.293921 0.4178332
 endloop
endfacet
facet normal 0.30793732 -0.8794797 0.36289126
 outer loop
  vertex 6.198944 -0.31442785 0.43022776
  vertex 6.2159805 -0.3100834 0.42630017
  vertex 6.2160797 -0.30747986 0.43252575
 endloop
endfacet
facet normal 0.31847972 -0.876331 0.36140653
 outer loop
  vertex 6.2160797 -0.30747986 0.43252575
  vertex 6.2159805 -0.3100834 0.42630017
  vertex 6.2396383 -0.30343676 0.421569
 endloop
endfacet
facet normal 0.32961395 -0.85900825 0.39173892
 outer loop
  vertex 6.2160797 -0.30747986 0.43252575
  vertex 6.2396383 -0.30343676 0.421569
  vertex 6.243494 -0.30222082 0.42099106
 endloop
endfacet
facet normal 0.33442676 -0.8498329 0.40736076
 outer loop
  vertex 6.243494 -0.30222082 0.42099106
  vertex 6.249585 -0.30022955 0.42014468
  vertex 6.2160797 -0.30747986 0.43252575
 endloop
endfacet
facet normal 0.34545133 -0.82139075 0.4538508
 outer loop
  vertex 6.2160797 -0.30747986 0.43252575
  vertex 6.249585 -0.30022955 0.42014468
  vertex 6.267622 -0.293921 0.4178332
 endloop
endfacet
facet normal 0.3436102 -0.8299036 0.43953598
 outer loop
  vertex 6.2160797 -0.30747986 0.43252575
  vertex 6.267622 -0.293921 0.4178332
  vertex 6.0209026 -0.33863974 0.52627265
 endloop
endfacet
facet normal 0.24029748 -0.95636225 0.16621776
 outer loop
  vertex 6.1157207 -0.33406496 0.44734943
  vertex 6.021021 -0.34953547 0.49524283
  vertex 6.0824356 -0.34155607 0.45236766
 endloop
endfacet
facet normal 0.23803882 -0.95751995 0.16276692
 outer loop
  vertex 6.0824356 -0.34155607 0.45236766
  vertex 6.021021 -0.34953547 0.49524283
  vertex 6.021101 -0.35276175 0.47614622
 endloop
endfacet
facet normal 0.22893596 -0.9596816 0.16309391
 outer loop
  vertex 6.021101 -0.35276175 0.47614622
  vertex 6.021021 -0.34953547 0.49524283
  vertex 5.629408 -0.4160509 0.6535605
 endloop
endfacet
facet normal 0.20767646 -0.97178304 0.111840494
 outer loop
  vertex 6.021101 -0.35276175 0.47614622
  vertex 5.629408 -0.4160509 0.6535605
  vertex 5.629694 -0.4222479 0.5991837
 endloop
endfacet
facet normal 0.21713255 -0.96839637 0.12272682
 outer loop
  vertex 6.021137 -0.35485935 0.4595306
  vertex 6.021101 -0.35276175 0.47614622
  vertex 6.0128345 -0.3566184 0.4603399
 endloop
endfacet
facet normal 0.21161428 -0.9692215 0.12581414
 outer loop
  vertex 6.0128345 -0.3566184 0.4603399
  vertex 6.021101 -0.35276175 0.47614622
  vertex 5.629694 -0.4222479 0.5991837
 endloop
endfacet
facet normal 0.21168688 -0.96917677 0.12603588
 outer loop
  vertex 6.0128345 -0.3566184 0.4603399
  vertex 5.629694 -0.4222479 0.5991837
  vertex 5.9537888 -0.36886024 0.4653759
 endloop
endfacet
facet normal 0.19302736 -0.97814685 0.07726166
 outer loop
  vertex 5.9537888 -0.36886024 0.4653759
  vertex 5.629694 -0.4222479 0.5991837
  vertex 5.62998 -0.4265151 0.54444516
 endloop
endfacet
facet normal 0.19021893 -0.97960776 0.06469497
 outer loop
  vertex 5.9537888 -0.36886024 0.4653759
  vertex 5.62998 -0.4265151 0.54444516
  vertex 5.6679087 -0.42339087 0.48023295
 endloop
endfacet
facet normal 0.14427398 -0.98823726 0.050716225
 outer loop
  vertex 5.2295017 -0.49445486 0.49436462
  vertex 5.26429 -0.48946762 0.49258125
  vertex 5.2365627 -0.4912548 0.536633
 endloop
endfacet
facet normal 0.14281408 -0.98849654 0.04978682
 outer loop
  vertex 5.2365627 -0.4912548 0.536633
  vertex 5.26429 -0.48946762 0.49258125
  vertex 5.2643566 -0.48945808 0.4925791
 endloop
endfacet
facet normal 0.14649343 -0.98783684 0.05213505
 outer loop
  vertex 5.2365627 -0.4912548 0.536633
  vertex 5.2643566 -0.48945808 0.4925791
  vertex 5.2655687 -0.48928022 0.49254322
 endloop
endfacet
facet normal 0.07880757 -0.9961003 0.039668597
 outer loop
  vertex 4.6374016 -0.5479007 0.70095384
  vertex 4.8074703 -0.5414343 0.52546155
  vertex 4.8384953 -0.5342026 0.64541817
 endloop
endfacet
facet normal 0.085586935 -0.9956102 0.037885677
 outer loop
  vertex 4.8384953 -0.5342026 0.64541817
  vertex 4.8074703 -0.5414343 0.52546155
  vertex 4.838434 -0.5388794 0.5226524
 endloop
endfacet
facet normal 0.09389495 -0.9948622 0.03785305
 outer loop
  vertex 4.8384953 -0.5342026 0.64541817
  vertex 4.838434 -0.5388794 0.5226524
  vertex 4.9213476 -0.5313258 0.5155095
 endloop
endfacet
facet normal 0.0632003 -0.9979946 0.0035393727
 outer loop
  vertex 4.637307 -0.55281115 0.56781745
  vertex 4.636902 -0.5529294 0.5417104
  vertex 4.748376 -0.545908 0.5310174
 endloop
endfacet
facet normal -0.038203508 -0.998704 0.033625763
 outer loop
  vertex 3.47886 -0.5386224 0.77775204
  vertex 3.4735012 -0.542593 0.6537341
  vertex 3.706007 -0.552114 0.6351135
 endloop
endfacet
facet normal -0.07027948 -0.98072404 0.18232156
 outer loop
  vertex 1.4929905 -0.39908934 0.7625197
  vertex 1.5313377 -0.40171194 0.7631942
  vertex 2.1466312 -0.42492056 0.8755301
 endloop
endfacet
facet normal -0.06483984 -0.986349 0.1513651
 outer loop
  vertex 2.1466312 -0.42492056 0.8755301
  vertex 1.5313377 -0.40171194 0.7631942
  vertex 1.797349 -0.41892624 0.7649702
 endloop
endfacet
facet normal -0.06000582 -0.988896 0.13595532
 outer loop
  vertex 2.1466312 -0.42492056 0.8755301
  vertex 1.797349 -0.41892624 0.7649702
  vertex 1.8356037 -0.42127466 0.7647728
 endloop
endfacet
facet normal -0.05942686 -0.98915434 0.13432097
 outer loop
  vertex 1.8356037 -0.42127466 0.7647728
  vertex 1.8395176 -0.42151356 0.7647451
  vertex 2.1466312 -0.42492056 0.8755301
 endloop
endfacet
facet normal -0.05840175 -0.9895989 0.13146552
 outer loop
  vertex 2.1466312 -0.42492056 0.8755301
  vertex 1.8395176 -0.42151356 0.7647451
  vertex 1.8395882 -0.42151785 0.76474416
 endloop
endfacet
facet normal -0.0684554 -0.98482555 0.15947579
 outer loop
  vertex 2.1466312 -0.42492056 0.8755301
  vertex 1.8395882 -0.42151785 0.76474416
  vertex 2.131465 -0.4350047 0.80674636
 endloop
endfacet
facet normal -0.065531366 -0.98825413 0.13805556
 outer loop
  vertex 2.131465 -0.4350047 0.80674636
  vertex 1.8395882 -0.42151785 0.76474416
  vertex 1.98384 -0.4333105 0.7488004
 endloop
endfacet
facet normal -0.080154605 -0.9812081 0.1755162
 outer loop
  vertex 2.131465 -0.4350047 0.80674636
  vertex 1.98384 -0.4333105 0.7488004
  vertex 2.1968584 -0.45444727 0.72791827
 endloop
endfacet
facet normal -0.08510839 -0.93187433 0.35265666
 outer loop
  vertex 0.96393967 -0.35955334 0.7468928
  vertex 1.1261969 -0.3721671 0.75272
  vertex 1.3408537 -0.3733163 0.80148757
 endloop
endfacet
facet normal -0.08214163 -0.93702096 0.33947682
 outer loop
  vertex 1.3408537 -0.3733163 0.80148757
  vertex 1.1261969 -0.3721671 0.75272
  vertex 1.2335768 -0.38035107 0.75611293
 endloop
endfacet
facet normal -0.08729304 -0.8796161 0.46760607
 outer loop
  vertex 0.89904594 -0.34195328 0.76792586
  vertex 0.8935909 -0.3540597 0.74413407
  vertex 0.9122219 -0.35551357 0.7448772
 endloop
endfacet
facet normal 0.008675231 -0.9900002 0.1407993
 outer loop
  vertex 4.226919 -0.51880884 1.085756
  vertex 4.2292156 -0.5416446 0.9250499
  vertex 4.435007 -0.52028847 1.0625311
 endloop
endfacet
facet normal 0.019429566 -0.99196565 0.1250068
 outer loop
  vertex 4.435007 -0.52028847 1.0625311
  vertex 4.2292156 -0.5416446 0.9250499
  vertex 4.4356804 -0.54090023 0.89886606
 endloop
endfacet
facet normal 0.044693362 -0.99114865 0.12500782
 outer loop
  vertex 4.435007 -0.52028847 1.0625311
  vertex 4.4356804 -0.54090023 0.89886606
  vertex 4.6375923 -0.5166173 1.0192095
 endloop
endfacet
facet normal 0.052518975 -0.99230677 0.11211171
 outer loop
  vertex 4.6375923 -0.5166173 1.0192095
  vertex 4.4356804 -0.54090023 0.89886606
  vertex 4.637497 -0.5349078 0.8573638
 endloop
endfacet
facet normal 0.08558287 -0.9900346 0.11183545
 outer loop
  vertex 4.6375923 -0.5166173 1.0192095
  vertex 4.637497 -0.5349078 0.8573638
  vertex 4.8380966 -0.5155349 0.8753544
 endloop
endfacet
facet normal 0.08723152 -0.99163145 0.09517227
 outer loop
  vertex 4.8380966 -0.5155349 0.8753544
  vertex 4.637497 -0.5349078 0.8573638
  vertex 4.83823 -0.52308416 0.7965735
 endloop
endfacet
facet normal 0.017340409 -0.99394774 0.108477026
 outer loop
  vertex 4.2292156 -0.5416446 0.9250499
  vertex 4.231513 -0.5585642 0.7696525
  vertex 4.4356804 -0.54090023 0.89886606
 endloop
endfacet
facet normal 0.026329676 -0.99518216 0.09444205
 outer loop
  vertex 4.4356804 -0.54090023 0.89886606
  vertex 4.231513 -0.5585642 0.7696525
  vertex 4.4363556 -0.55590487 0.7405666
 endloop
endfacet
facet normal 0.04894837 -0.99432486 0.094457254
 outer loop
  vertex 4.4356804 -0.54090023 0.89886606
  vertex 4.4363556 -0.55590487 0.7405666
  vertex 4.637497 -0.5349078 0.8573638
 endloop
endfacet
facet normal 0.05589322 -0.9950124 0.08262085
 outer loop
  vertex 4.637497 -0.5349078 0.8573638
  vertex 4.4363556 -0.55590487 0.7405666
  vertex 4.6374016 -0.5479007 0.70095384
 endloop
endfacet
facet normal 0.08346326 -0.9930945 0.08244472
 outer loop
  vertex 4.637497 -0.5349078 0.8573638
  vertex 4.6374016 -0.5479007 0.70095384
  vertex 4.83823 -0.52308416 0.7965735
 endloop
endfacet
facet normal 0.08789388 -0.99343467 0.07322743
 outer loop
  vertex 4.83823 -0.52308416 0.7965735
  vertex 4.6374016 -0.5479007 0.70095384
  vertex 4.8384953 -0.5342026 0.64541817
 endloop
endfacet
facet normal 0.0178493 -0.99925065 0.0343455
 outer loop
  vertex 4.231513 -0.5585642 0.7696525
  vertex 4.2338104 -0.56368256 0.61954427
  vertex 4.4363556 -0.55590487 0.7405666
 endloop
endfacet
facet normal 0.017179484 -0.9992233 0.035464756
 outer loop
  vertex 4.4363556 -0.55590487 0.7405666
  vertex 4.2338104 -0.56368256 0.61954427
  vertex 4.437031 -0.5609722 0.59746647
 endloop
endfacet
facet normal 0.046752572 -0.998273 0.035570644
 outer loop
  vertex 4.4363556 -0.55590487 0.7405666
  vertex 4.437031 -0.5609722 0.59746647
  vertex 4.6374016 -0.5479007 0.70095384
 endloop
endfacet
facet normal 0.046123885 -0.99825823 0.03678605
 outer loop
  vertex 4.6374016 -0.5479007 0.70095384
  vertex 4.437031 -0.5609722 0.59746647
  vertex 4.637307 -0.55281115 0.56781745
 endloop
endfacet
facet normal 0.075755954 -0.99645084 0.036698375
 outer loop
  vertex 4.6374016 -0.5479007 0.70095384
  vertex 4.637307 -0.55281115 0.56781745
  vertex 4.8074703 -0.5414343 0.52546155
 endloop
endfacet
facet normal 0.080677226 -0.99511904 0.05682713
 outer loop
  vertex 4.8074703 -0.5414343 0.52546155
  vertex 4.637307 -0.55281115 0.56781745
  vertex 4.748376 -0.545908 0.5310174
 endloop
endfacet
facet normal 0.4430545 -0.029570663 0.8960069
 outer loop
  vertex 5.1548996 -0.0015788078 1.0598992
  vertex 4.8561487 -0.0015788078 1.2076246
  vertex 4.8370333 -0.081364155 1.2144436
 endloop
endfacet
facet normal 0.43859476 -0.028311398 0.89823896
 outer loop
  vertex 4.8370333 -0.081364155 1.2144436
  vertex 4.8561487 -0.0015788078 1.2076246
  vertex 4.63795 -0.043043613 1.3128604
 endloop
endfacet
facet normal 0.2520443 -0.18352135 0.9501545
 outer loop
  vertex 4.432308 -0.0015788078 1.3902076
  vertex 4.347274 -0.0015788078 1.4127644
  vertex 4.2188807 -0.08775854 1.4301773
 endloop
endfacet
facet normal 0.34230047 -0.072331265 0.9368023
 outer loop
  vertex 4.63795 -0.043043613 1.3128604
  vertex 4.432478 -0.04407358 1.3878587
  vertex 4.637926 -0.08413887 1.3096961
 endloop
endfacet
facet normal 0.3383292 -0.092121065 0.9365079
 outer loop
  vertex 4.637926 -0.08413887 1.3096961
  vertex 4.432478 -0.04407358 1.3878587
  vertex 4.432646 -0.08627558 1.3836468
 endloop
endfacet
facet normal 0.3377572 -0.11417134 0.9342831
 outer loop
  vertex 4.637926 -0.08413887 1.3096961
  vertex 4.432646 -0.08627558 1.3836468
  vertex 4.6379023 -0.12481403 1.3047341
 endloop
endfacet
facet normal 0.43130058 -0.06951281 0.8995264
 outer loop
  vertex 4.63795 -0.043043613 1.3128604
  vertex 4.637926 -0.08413887 1.3096961
  vertex 4.8370333 -0.081364155 1.2144436
 endloop
endfacet
facet normal 0.43020037 -0.10956263 0.8960601
 outer loop
  vertex 4.8370333 -0.081364155 1.2144436
  vertex 4.637926 -0.08413887 1.3096961
  vertex 4.6379023 -0.12481403 1.3047341
 endloop
endfacet
facet normal 0.43014687 -0.10916216 0.8961347
 outer loop
  vertex 4.8370333 -0.081364155 1.2144436
  vertex 4.6379023 -0.12481403 1.3047341
  vertex 4.837166 -0.15938139 1.2048763
 endloop
endfacet
facet normal 0.4310729 0.021000383 0.9020727
 outer loop
  vertex 4.8561487 -0.0015788078 1.2076246
  vertex 4.5905886 -0.0015788078 1.3345276
  vertex 4.63795 -0.043043613 1.3128604
 endloop
endfacet
facet normal 0.32971507 -0.11316524 0.93727356
 outer loop
  vertex 4.63795 -0.043043613 1.3128604
  vertex 4.5905886 -0.0015788078 1.3345276
  vertex 4.432308 -0.0015788078 1.3902076
 endloop
endfacet
facet normal 0.3426647 -0.05048468 0.93810034
 outer loop
  vertex 4.63795 -0.043043613 1.3128604
  vertex 4.432308 -0.0015788078 1.3902076
  vertex 4.432478 -0.04407358 1.3878587
 endloop
endfacet
facet normal 0.2045306 -0.053209487 0.97741294
 outer loop
  vertex 4.432478 -0.04407358 1.3878587
  vertex 4.432308 -0.0015788078 1.3902076
  vertex 4.2188807 -0.08775854 1.4301773
 endloop
endfacet
facet normal 0.21234119 -0.096209064 0.97244793
 outer loop
  vertex 4.432478 -0.04407358 1.3878587
  vertex 4.2188807 -0.08775854 1.4301773
  vertex 4.432646 -0.08627558 1.3836468
 endloop
endfacet
facet normal 0.21152213 -0.14004353 0.9672881
 outer loop
  vertex 4.432646 -0.08627558 1.3836468
  vertex 4.2188807 -0.08775854 1.4301773
  vertex 4.4328146 -0.12811041 1.3775531
 endloop
endfacet
facet normal 0.33347395 -0.13457234 0.93310523
 outer loop
  vertex 4.432646 -0.08627558 1.3836468
  vertex 4.4328146 -0.12811041 1.3775531
  vertex 4.6379023 -0.12481403 1.3047341
 endloop
endfacet
facet normal 0.3326886 -0.15698262 0.9298789
 outer loop
  vertex 4.6379023 -0.12481403 1.3047341
  vertex 4.4328146 -0.12811041 1.3775531
  vertex 4.6378784 -0.16501093 1.2979566
 endloop
endfacet
facet normal 0.42182878 -0.15098844 0.8940151
 outer loop
  vertex 4.6379023 -0.12481403 1.3047341
  vertex 4.6378784 -0.16501093 1.2979566
  vertex 4.837166 -0.15938139 1.2048763
 endloop
endfacet
facet normal 0.19432688 -0.092189774 0.97659516
 outer loop
  vertex 4.347274 -0.0015788078 1.4127644
  vertex 4.2319994 -0.0015788078 1.4357022
  vertex 4.2188807 -0.08775854 1.4301773
 endloop
endfacet
facet normal 0.15535204 -0.086734354 0.9840442
 outer loop
  vertex 4.2188807 -0.08775854 1.4301773
  vertex 4.2319994 -0.0015788078 1.4357022
  vertex 4.2177324 -0.0015788078 1.4379545
 endloop
endfacet
facet normal 0.08567193 -0.08841613 0.9923925
 outer loop
  vertex 4.2188807 -0.08775854 1.4301773
  vertex 4.2177324 -0.0015788078 1.4379545
  vertex 3.9960165 -0.08857632 1.449344
 endloop
endfacet
facet normal 0.10874018 -0.14844592 0.9829239
 outer loop
  vertex 4.2177324 -0.0015788078 1.4379545
  vertex 4.075493 -0.0015788078 1.4536904
  vertex 3.9960165 -0.08857632 1.449344
 endloop
endfacet
facet normal 0.045760598 -0.09150205 0.99475294
 outer loop
  vertex 3.9960165 -0.08857632 1.449344
  vertex 4.075493 -0.0015788078 1.4536904
  vertex 3.9942474 -0.0015788078 1.4574279
 endloop
endfacet
facet normal -0.03477084 -0.0931666 0.99504316
 outer loop
  vertex 3.9960165 -0.08857632 1.449344
  vertex 3.9942474 -0.0015788078 1.4574279
  vertex 3.7628727 -0.08871651 1.4411839
 endloop
endfacet
facet normal -0.031645052 -0.101336956 0.99434876
 outer loop
  vertex 3.7628727 -0.08871651 1.4411839
  vertex 3.9942474 -0.0015788078 1.4574279
  vertex 3.7859592 -0.0015788078 1.4507991
 endloop
endfacet
facet normal -0.10179609 -0.08242386 0.9913848
 outer loop
  vertex 3.7628727 -0.08871651 1.4411839
  vertex 3.7859592 -0.0015788078 1.4507991
  vertex 3.5123568 -0.088172436 1.415506
 endloop
endfacet
facet normal -0.102319695 -0.08080196 0.9914644
 outer loop
  vertex 3.5123568 -0.088172436 1.415506
  vertex 3.7859592 -0.0015788078 1.4507991
  vertex 3.5154018 -0.0015788078 1.4228774
 endloop
endfacet
facet normal -0.1541941 -0.07842098 0.98492354
 outer loop
  vertex 3.5123568 -0.088172436 1.415506
  vertex 3.5154018 -0.0015788078 1.4228774
  vertex 3.2358112 -0.08698988 1.3723058
 endloop
endfacet
facet normal -0.153043 -0.08211699 0.98480177
 outer loop
  vertex 3.2358112 -0.08698988 1.3723058
  vertex 3.5154018 -0.0015788078 1.4228774
  vertex 3.275257 -0.0015788078 1.3855578
 endloop
endfacet
facet normal -0.19268084 -0.062947914 0.97924036
 outer loop
  vertex 3.2358112 -0.08698988 1.3723058
  vertex 3.275257 -0.0015788078 1.3855578
  vertex 2.932004 -0.085244656 1.3126391
 endloop
endfacet
facet normal 0.4041063 -0.28955308 0.86767334
 outer loop
  vertex 4.8372993 -0.23532486 1.1885697
  vertex 4.6378307 -0.24365616 1.278689
  vertex 4.637808 -0.28187084 1.265947
 endloop
endfacet
facet normal 0.40333518 -0.28097096 0.8708479
 outer loop
  vertex 4.8372993 -0.23532486 1.1885697
  vertex 4.637808 -0.28187084 1.265947
  vertex 4.837432 -0.30863523 1.1648554
 endloop
endfacet
facet normal 0.40798777 -0.24017982 0.8808289
 outer loop
  vertex 4.8372993 -0.23532486 1.1885697
  vertex 4.6378546 -0.20465899 1.2893115
  vertex 4.6378307 -0.24365616 1.278689
 endloop
endfacet
facet normal 0.31958678 -0.24921498 0.914197
 outer loop
  vertex 4.6378307 -0.24365616 1.278689
  vertex 4.6378546 -0.20465899 1.2893115
  vertex 4.4331512 -0.21027374 1.3593415
 endloop
endfacet
facet normal 0.31207493 -0.2799781 0.9078665
 outer loop
  vertex 4.6378307 -0.24365616 1.278689
  vertex 4.4331512 -0.21027374 1.3593415
  vertex 4.433321 -0.25031996 1.3469332
 endloop
endfacet
facet normal 0.19918388 -0.2892657 0.9362965
 outer loop
  vertex 4.433321 -0.25031996 1.3469332
  vertex 4.4331512 -0.21027374 1.3593415
  vertex 4.220604 -0.21440125 1.4032828
 endloop
endfacet
facet normal 0.19391528 -0.31115973 0.93036366
 outer loop
  vertex 4.433321 -0.25031996 1.3469332
  vertex 4.220604 -0.21440125 1.4032828
  vertex 4.221178 -0.25521946 1.3895115
 endloop
endfacet
facet normal 0.08012157 -0.31763786 0.94482094
 outer loop
  vertex 4.221178 -0.25521946 1.3895115
  vertex 4.220604 -0.21440125 1.4032828
  vertex 3.9986687 -0.21696281 1.4212419
 endloop
endfacet
facet normal 0.07696485 -0.33208573 0.94010395
 outer loop
  vertex 4.221178 -0.25521946 1.3895115
  vertex 3.9986687 -0.21696281 1.4212419
  vertex 3.9995537 -0.25826454 1.4065799
 endloop
endfacet
facet normal -0.030466914 -0.3349675 0.94173694
 outer loop
  vertex 3.9995537 -0.25826454 1.4065799
  vertex 3.9986687 -0.21696281 1.4212419
  vertex 3.7643967 -0.21788168 1.4133359
 endloop
endfacet
facet normal -0.0314976 -0.34062392 0.9396719
 outer loop
  vertex 3.9995537 -0.25826454 1.4065799
  vertex 3.7643967 -0.21788168 1.4133359
  vertex 3.764904 -0.25936365 1.398316
 endloop
endfacet
facet normal -0.09878825 -0.33985496 0.93527514
 outer loop
  vertex 3.764904 -0.25936365 1.398316
  vertex 3.7643967 -0.21788168 1.4133359
  vertex 3.5062656 -0.25844336 1.3713318
 endloop
endfacet
facet normal -0.15016611 -0.3078079 0.9395235
 outer loop
  vertex 3.2217855 -0.25561094 1.3267907
  vertex 3.5062656 -0.25844336 1.3713318
  vertex 3.5093117 -0.17464352 1.3992733
 endloop
endfacet
facet normal -0.10481274 -0.3111382 0.94456726
 outer loop
  vertex 3.5093117 -0.17464352 1.3992733
  vertex 3.5062656 -0.25844336 1.3713318
  vertex 3.7643967 -0.21788168 1.4133359
 endloop
endfacet
facet normal -0.09853313 -0.26976433 0.9578718
 outer loop
  vertex 3.5093117 -0.17464352 1.3992733
  vertex 3.7643967 -0.21788168 1.4133359
  vertex 3.7638884 -0.17536497 1.4252576
 endloop
endfacet
facet normal -0.031414583 -0.27020112 0.9622913
 outer loop
  vertex 3.7638884 -0.17536497 1.4252576
  vertex 3.7643967 -0.21788168 1.4133359
  vertex 3.9986687 -0.21696281 1.4212419
 endloop
endfacet
facet normal -0.031357046 -0.26988512 0.96238184
 outer loop
  vertex 3.7638884 -0.17536497 1.4252576
  vertex 3.9986687 -0.21696281 1.4212419
  vertex 3.9977856 -0.17471361 1.4330612
 endloop
endfacet
facet normal 0.080790415 -0.26696262 0.96031445
 outer loop
  vertex 3.9977856 -0.17471361 1.4330612
  vertex 3.9986687 -0.21696281 1.4212419
  vertex 4.220604 -0.21440125 1.4032828
 endloop
endfacet
facet normal 0.08269474 -0.25798804 0.9626026
 outer loop
  vertex 3.9977856 -0.17471361 1.4330612
  vertex 4.220604 -0.21440125 1.4032828
  vertex 4.22003 -0.17273474 1.4144992
 endloop
endfacet
facet normal 0.20060939 -0.2520784 0.94668496
 outer loop
  vertex 4.22003 -0.17273474 1.4144992
  vertex 4.220604 -0.21440125 1.4032828
  vertex 4.4331512 -0.21027374 1.3593415
 endloop
endfacet
facet normal 0.20440945 -0.23555368 0.9501217
 outer loop
  vertex 4.22003 -0.17273474 1.4144992
  vertex 4.4331512 -0.21027374 1.3593415
  vertex 4.4329834 -0.16948175 1.3694907
 endloop
endfacet
facet normal 0.320783 -0.22744097 0.91943944
 outer loop
  vertex 4.4329834 -0.16948175 1.3694907
  vertex 4.4331512 -0.21027374 1.3593415
  vertex 4.6378546 -0.20465899 1.2893115
 endloop
endfacet
facet normal -0.14325388 -0.4389079 0.88703895
 outer loop
  vertex 3.2217855 -0.25561094 1.3267907
  vertex 3.218279 -0.29478836 1.3068393
  vertex 3.5062656 -0.25844336 1.3713318
 endloop
endfacet
facet normal -0.14586861 -0.42738813 0.89222294
 outer loop
  vertex 3.5062656 -0.25844336 1.3713318
  vertex 3.218279 -0.29478836 1.3068393
  vertex 3.5047436 -0.29814816 1.3520638
 endloop
endfacet
facet normal -0.09512251 -0.43165606 0.8970088
 outer loop
  vertex 3.5062656 -0.25844336 1.3713318
  vertex 3.5047436 -0.29814816 1.3520638
  vertex 3.764904 -0.25936365 1.398316
 endloop
endfacet
facet normal -0.09822967 -0.41806588 0.9030901
 outer loop
  vertex 3.764904 -0.25936365 1.398316
  vertex 3.5047436 -0.29814816 1.3520638
  vertex 3.7654114 -0.2993374 1.3798662
 endloop
endfacet
facet normal -0.02999316 -0.4191903 0.9074028
 outer loop
  vertex 3.764904 -0.25936365 1.398316
  vertex 3.7654114 -0.2993374 1.3798662
  vertex 3.9995537 -0.25826454 1.4065799
 endloop
endfacet
facet normal -0.032692496 -0.40726393 0.9127252
 outer loop
  vertex 3.9995537 -0.25826454 1.4065799
  vertex 3.7654114 -0.2993374 1.3798662
  vertex 4.0004377 -0.2982297 1.3887788
 endloop
endfacet
facet normal 0.07575268 -0.4043102 0.9114794
 outer loop
  vertex 3.9995537 -0.25826454 1.4065799
  vertex 4.0004377 -0.2982297 1.3887788
  vertex 4.221178 -0.25521946 1.3895115
 endloop
endfacet
facet normal 0.07169011 -0.38361713 0.9207054
 outer loop
  vertex 4.221178 -0.25521946 1.3895115
  vertex 4.0004377 -0.2982297 1.3887788
  vertex 4.221752 -0.2948923 1.3729368
 endloop
endfacet
facet normal 0.19067703 -0.3760692 0.9067603
 outer loop
  vertex 4.221178 -0.25521946 1.3895115
  vertex 4.221752 -0.2948923 1.3729368
  vertex 4.433321 -0.25031996 1.3469332
 endloop
endfacet
facet normal 0.18631338 -0.34843096 0.9186312
 outer loop
  vertex 4.433321 -0.25031996 1.3469332
  vertex 4.221752 -0.2948923 1.3729368
  vertex 4.433489 -0.2894106 1.3320724
 endloop
endfacet
facet normal 0.30788985 -0.3369344 0.8897635
 outer loop
  vertex 4.433321 -0.25031996 1.3469332
  vertex 4.433489 -0.2894106 1.3320724
  vertex 4.6378307 -0.24365616 1.278689
 endloop
endfacet
facet normal 0.28040186 -0.14525868 0.94882804
 outer loop
  vertex 4.6378307 -0.24365616 1.278689
  vertex 4.433489 -0.2894106 1.3320724
  vertex 4.536455 -0.28589296 1.3021818
 endloop
endfacet
facet normal 0.33177337 -0.29857558 0.8948626
 outer loop
  vertex 4.6378307 -0.24365616 1.278689
  vertex 4.536455 -0.28589296 1.3021818
  vertex 4.637808 -0.28187084 1.265947
 endloop
endfacet
facet normal -0.20418623 -0.26671514 0.9418976
 outer loop
  vertex 2.2224636 -0.16028404 1.1471227
  vertex 2.916337 -0.21085644 1.2832214
  vertex 2.9215593 -0.1694622 1.296075
 endloop
endfacet
facet normal -0.17481135 -0.2718015 0.94634295
 outer loop
  vertex 2.9215593 -0.1694622 1.296075
  vertex 2.916337 -0.21085644 1.2832214
  vertex 3.2217855 -0.25561094 1.3267907
 endloop
endfacet
facet normal -0.18418513 -0.30923364 0.93297935
 outer loop
  vertex 2.9215593 -0.1694622 1.296075
  vertex 3.2217855 -0.25561094 1.3267907
  vertex 3.228798 -0.17262697 1.3556799
 endloop
endfacet
facet normal -0.1480002 -0.31397793 0.93782395
 outer loop
  vertex 3.228798 -0.17262697 1.3556799
  vertex 3.2217855 -0.25561094 1.3267907
  vertex 3.5093117 -0.17464352 1.3992733
 endloop
endfacet
facet normal 0.41923875 -0.189891 0.8877952
 outer loop
  vertex 4.8372993 -0.23532486 1.1885697
  vertex 4.837166 -0.15938139 1.2048763
  vertex 4.6378546 -0.20465899 1.2893115
 endloop
endfacet
facet normal 0.41965923 -0.19361284 0.88679206
 outer loop
  vertex 4.6378546 -0.20465899 1.2893115
  vertex 4.837166 -0.15938139 1.2048763
  vertex 4.6378784 -0.16501093 1.2979566
 endloop
endfacet
facet normal 0.32676882 -0.20153202 0.9233672
 outer loop
  vertex 4.6378546 -0.20465899 1.2893115
  vertex 4.6378784 -0.16501093 1.2979566
  vertex 4.4329834 -0.16948175 1.3694907
 endloop
endfacet
facet normal 0.32775342 -0.17942542 0.927569
 outer loop
  vertex 4.4329834 -0.16948175 1.3694907
  vertex 4.6378784 -0.16501093 1.2979566
  vertex 4.4328146 -0.12811041 1.3775531
 endloop
endfacet
facet normal 0.20588645 -0.18637227 0.96066445
 outer loop
  vertex 4.4329834 -0.16948175 1.3694907
  vertex 4.4328146 -0.12811041 1.3775531
  vertex 4.22003 -0.17273474 1.4144992
 endloop
endfacet
facet normal 0.20393695 -0.17495748 0.9632236
 outer loop
  vertex 4.22003 -0.17273474 1.4144992
  vertex 4.4328146 -0.12811041 1.3775531
  vertex 4.2188807 -0.08775854 1.4301773
 endloop
endfacet
facet normal 0.08346517 -0.17971362 0.9801717
 outer loop
  vertex 4.22003 -0.17273474 1.4144992
  vertex 4.2188807 -0.08775854 1.4301773
  vertex 3.9977856 -0.17471361 1.4330612
 endloop
endfacet
facet normal 0.08490024 -0.18338914 0.9793673
 outer loop
  vertex 3.9977856 -0.17471361 1.4330612
  vertex 4.2188807 -0.08775854 1.4301773
  vertex 3.9960165 -0.08857632 1.449344
 endloop
endfacet
facet normal -0.03224327 -0.1862863 0.9819663
 outer loop
  vertex 3.9977856 -0.17471361 1.4330612
  vertex 3.9960165 -0.08857632 1.449344
  vertex 3.7638884 -0.17536497 1.4252576
 endloop
endfacet
facet normal -0.034292072 -0.18105848 0.9828743
 outer loop
  vertex 3.7638884 -0.17536497 1.4252576
  vertex 3.9960165 -0.08857632 1.449344
  vertex 3.7628727 -0.08871651 1.4411839
 endloop
endfacet
facet normal -0.10037153 -0.18100105 0.9783477
 outer loop
  vertex 3.7638884 -0.17536497 1.4252576
  vertex 3.7628727 -0.08871651 1.4411839
  vertex 3.5093117 -0.17464352 1.3992733
 endloop
endfacet
facet normal -0.10068502 -0.18013795 0.9784748
 outer loop
  vertex 3.5093117 -0.17464352 1.3992733
  vertex 3.7628727 -0.08871651 1.4411839
  vertex 3.5123568 -0.088172436 1.415506
 endloop
endfacet
facet normal -0.15237667 -0.17716116 0.9723144
 outer loop
  vertex 3.5093117 -0.17464352 1.3992733
  vertex 3.5123568 -0.088172436 1.415506
  vertex 3.228798 -0.17262697 1.3556799
 endloop
endfacet
facet normal -0.15266067 -0.17628832 0.9724285
 outer loop
  vertex 3.228798 -0.17262697 1.3556799
  vertex 3.5123568 -0.088172436 1.415506
  vertex 3.2358112 -0.08698988 1.3723058
 endloop
endfacet
facet normal -0.18931586 -0.17217495 0.9667033
 outer loop
  vertex 3.228798 -0.17262697 1.3556799
  vertex 3.2358112 -0.08698988 1.3723058
  vertex 2.9215593 -0.1694622 1.296075
 endloop
endfacet
facet normal -0.19094345 -0.1665827 0.96736276
 outer loop
  vertex 2.9215593 -0.1694622 1.296075
  vertex 3.2358112 -0.08698988 1.3723058
  vertex 2.932004 -0.085244656 1.3126391
 endloop
endfacet
facet normal -0.20762593 -0.16392617 0.96437526
 outer loop
  vertex 2.9215593 -0.1694622 1.296075
  vertex 2.932004 -0.085244656 1.3126391
  vertex 2.2224636 -0.16028404 1.1471227
 endloop
endfacet
facet normal 0.44168094 -0.20424224 0.8736149
 outer loop
  vertex 6.319955 -0.16051054 0.4686854
  vertex 5.6279755 -0.18869829 0.8119453
  vertex 5.6282616 -0.24805498 0.7979237
 endloop
endfacet
facet normal 0.43141252 -0.20543465 0.8784531
 outer loop
  vertex 5.6282616 -0.24805498 0.7979237
  vertex 5.6279755 -0.18869829 0.8119453
  vertex 5.2340736 -0.28156996 0.98367345
 endloop
endfacet
facet normal 0.42749384 -0.2983221 0.85337734
 outer loop
  vertex 5.6282616 -0.24805498 0.7979237
  vertex 5.2340736 -0.28156996 0.98367345
  vertex 5.234229 -0.31430435 0.97215235
 endloop
endfacet
facet normal 0.4216307 -0.5209063 0.7422157
 outer loop
  vertex 6.3323364 -0.24990273 0.4242096
  vertex 6.334937 -0.24321651 0.4274248
  vertex 5.628834 -0.35707188 0.74863446
 endloop
endfacet
facet normal 0.42565313 -0.4855276 0.7635983
 outer loop
  vertex 5.628834 -0.35707188 0.74863446
  vertex 6.334937 -0.24321651 0.4274248
  vertex 5.6286907 -0.331985 0.7646655
 endloop
endfacet
facet normal 0.4031577 -0.491135 0.7721724
 outer loop
  vertex 5.628834 -0.35707188 0.74863446
  vertex 5.6286907 -0.331985 0.7646655
  vertex 5.23454 -0.37671185 0.9420067
 endloop
endfacet
facet normal 0.41055855 -0.4301349 0.804006
 outer loop
  vertex 5.23454 -0.37671185 0.9420067
  vertex 5.6286907 -0.331985 0.7646655
  vertex 5.2343845 -0.34616423 0.95842874
 endloop
endfacet
facet normal 0.39165124 -0.43412992 0.8112586
 outer loop
  vertex 5.23454 -0.37671185 0.9420067
  vertex 5.2343845 -0.34616423 0.95842874
  vertex 5.0364647 -0.3950858 1.027799
 endloop
endfacet
facet normal 0.2900774 -0.9038659 0.31445453
 outer loop
  vertex 6.0209827 -0.34703112 0.5056919
  vertex 6.0209427 -0.34340668 0.5161469
  vertex 5.8254204 -0.38149786 0.5870229
 endloop
endfacet
facet normal 0.28216797 -0.9156483 0.28630316
 outer loop
  vertex 5.8254204 -0.38149786 0.5870229
  vertex 6.0209427 -0.34340668 0.5161469
  vertex 5.825363 -0.37774134 0.5990933
 endloop
endfacet
facet normal 0.26847735 -0.9194105 0.28740925
 outer loop
  vertex 5.8254204 -0.38149786 0.5870229
  vertex 5.825363 -0.37774134 0.5990933
  vertex 5.6293354 -0.41363716 0.66737926
 endloop
endfacet
facet normal 0.2623572 -0.92773825 0.2654625
 outer loop
  vertex 5.6293354 -0.41363716 0.66737926
  vertex 5.825363 -0.37774134 0.5990933
  vertex 5.629265 -0.40976048 0.68099725
 endloop
endfacet
facet normal 0.23641324 -0.93420035 0.26716754
 outer loop
  vertex 5.6293354 -0.41363716 0.66737926
  vertex 5.629265 -0.40976048 0.68099725
  vertex 5.2351627 -0.46395922 0.8402175
 endloop
endfacet
facet normal 0.34709424 -0.7269249 0.5925418
 outer loop
  vertex 5.234852 -0.4301591 0.8987118
  vertex 5.234929 -0.44094324 0.88543665
  vertex 5.6290493 -0.38891602 0.7183987
 endloop
endfacet
facet normal 0.38078192 -0.60356355 0.7005114
 outer loop
  vertex 5.2346954 -0.40509272 0.9222735
  vertex 5.2347736 -0.41813946 0.9109899
  vertex 5.6289062 -0.36862946 0.73940647
 endloop
endfacet
facet normal 0.37394068 -0.6353835 0.6756154
 outer loop
  vertex 5.6289062 -0.36862946 0.73940647
  vertex 5.2347736 -0.41813946 0.9109899
  vertex 5.628978 -0.37930346 0.7293285
 endloop
endfacet
facet normal 0.4032514 -0.62679136 0.6667241
 outer loop
  vertex 5.6289062 -0.36862946 0.73940647
  vertex 5.628978 -0.37930346 0.7293285
  vertex 6.316986 -0.2683754 0.41748798
 endloop
endfacet
facet normal 0.3827075 -0.73093 0.56504536
 outer loop
  vertex 6.2874165 -0.28575134 0.4162506
  vertex 6.3055077 -0.27635288 0.41615498
  vertex 6.0208635 -0.33277082 0.5359646
 endloop
endfacet
facet normal 0.41154036 -0.5754092 0.7067806
 outer loop
  vertex 6.0208635 -0.33277082 0.5359646
  vertex 6.3055077 -0.27635288 0.41615498
  vertex 5.6290493 -0.38891602 0.7183987
 endloop
endfacet
facet normal 0.3613247 -0.75826627 0.54265714
 outer loop
  vertex 6.0208635 -0.33277082 0.5359646
  vertex 5.6290493 -0.38891602 0.7183987
  vertex 5.629121 -0.39729548 0.70664227
 endloop
endfacet
facet normal 0.33367512 -0.7666912 0.5484938
 outer loop
  vertex 5.629121 -0.39729548 0.70664227
  vertex 5.6290493 -0.38891602 0.7183987
  vertex 5.234929 -0.44094324 0.88543665
 endloop
endfacet
facet normal 0.3235436 -0.79025203 0.5204049
 outer loop
  vertex 5.629121 -0.39729548 0.70664227
  vertex 5.234929 -0.44094324 0.88543665
  vertex 5.2350063 -0.4502902 0.87119496
 endloop
endfacet
facet normal 0.3577302 -0.79814756 0.48475727
 outer loop
  vertex 6.267622 -0.293921 0.4178332
  vertex 6.0208635 -0.33277082 0.5359646
  vertex 6.0209026 -0.33863974 0.52627265
 endloop
endfacet
facet normal 0.3444761 -0.8024227 0.48729262
 outer loop
  vertex 6.0209026 -0.33863974 0.52627265
  vertex 6.0208635 -0.33277082 0.5359646
  vertex 5.629121 -0.39729548 0.70664227
 endloop
endfacet
facet normal 0.3353002 -0.82153356 0.46114677
 outer loop
  vertex 6.0209026 -0.33863974 0.52627265
  vertex 5.629121 -0.39729548 0.70664227
  vertex 5.6291924 -0.40428782 0.6941334
 endloop
endfacet
facet normal 0.30613598 -0.8302258 0.46583888
 outer loop
  vertex 5.6291924 -0.40428782 0.6941334
  vertex 5.629121 -0.39729548 0.70664227
  vertex 5.2350063 -0.4502902 0.87119496
 endloop
endfacet
facet normal 0.29504606 -0.8502316 0.43595198
 outer loop
  vertex 5.6291924 -0.40428782 0.6941334
  vertex 5.2350063 -0.4502902 0.87119496
  vertex 5.2350845 -0.4580164 0.85607374
 endloop
endfacet
facet normal 0.29171538 -0.9099417 0.29480222
 outer loop
  vertex 6.1832294 -0.3182397 0.43401217
  vertex 6.198944 -0.31442785 0.43022776
  vertex 6.0209827 -0.34703112 0.5056919
 endloop
endfacet
facet normal 0.31087965 -0.8830118 0.35163048
 outer loop
  vertex 6.0209827 -0.34703112 0.5056919
  vertex 6.198944 -0.31442785 0.43022776
  vertex 6.2160797 -0.30747986 0.43252575
 endloop
endfacet
facet normal 0.30019343 -0.9009014 0.3134655
 outer loop
  vertex 6.0209827 -0.34703112 0.5056919
  vertex 6.2160797 -0.30747986 0.43252575
  vertex 6.0209427 -0.34340668 0.5161469
 endloop
endfacet
facet normal 0.32991752 -0.85359293 0.40315443
 outer loop
  vertex 6.0209427 -0.34340668 0.5161469
  vertex 6.2160797 -0.30747986 0.43252575
  vertex 6.0209026 -0.33863974 0.52627265
 endloop
endfacet
facet normal 0.321775 -0.8561446 0.40432328
 outer loop
  vertex 6.0209427 -0.34340668 0.5161469
  vertex 6.0209026 -0.33863974 0.52627265
  vertex 5.825363 -0.37774134 0.5990933
 endloop
endfacet
facet normal 0.3381329 -0.8151961 0.47023556
 outer loop
  vertex 5.825363 -0.37774134 0.5990933
  vertex 6.0209026 -0.33863974 0.52627265
  vertex 5.6291924 -0.40428782 0.6941334
 endloop
endfacet
facet normal 0.29771766 -0.88065225 0.36853185
 outer loop
  vertex 5.825363 -0.37774134 0.5990933
  vertex 5.6291924 -0.40428782 0.6941334
  vertex 5.629265 -0.40976048 0.68099725
 endloop
endfacet
facet normal 0.2734989 -0.8873632 0.37119403
 outer loop
  vertex 5.629265 -0.40976048 0.68099725
  vertex 5.6291924 -0.40428782 0.6941334
  vertex 5.2350845 -0.4580164 0.85607374
 endloop
endfacet
facet normal 0.2615454 -0.9033734 0.3398682
 outer loop
  vertex 5.629265 -0.40976048 0.68099725
  vertex 5.2350845 -0.4580164 0.85607374
  vertex 5.2351627 -0.46395922 0.8402175
 endloop
endfacet
facet normal 0.4161436 -0.5565604 0.7190724
 outer loop
  vertex 6.3287964 -0.2559271 0.42159545
  vertex 6.3323364 -0.24990273 0.4242096
  vertex 5.6289062 -0.36862946 0.73940647
 endloop
endfacet
facet normal 0.41475147 -0.5661637 0.71234816
 outer loop
  vertex 5.6289062 -0.36862946 0.73940647
  vertex 6.3323364 -0.24990273 0.4242096
  vertex 5.628834 -0.35707188 0.74863446
 endloop
endfacet
facet normal 0.38775507 -0.5736472 0.7215088
 outer loop
  vertex 5.6289062 -0.36862946 0.73940647
  vertex 5.628834 -0.35707188 0.74863446
  vertex 5.2346954 -0.40509272 0.9222735
 endloop
endfacet
facet normal 0.39623547 -0.52267885 0.75485384
 outer loop
  vertex 5.2346954 -0.40509272 0.9222735
  vertex 5.628834 -0.35707188 0.74863446
  vertex 5.23454 -0.37671185 0.9420067
 endloop
endfacet
facet normal 0.37335584 -0.5282091 0.7626274
 outer loop
  vertex 5.2346954 -0.40509272 0.9222735
  vertex 5.23454 -0.37671185 0.9420067
  vertex 5.0365925 -0.42437696 1.0059012
 endloop
endfacet
facet normal 0.37355474 -0.55437267 0.7437256
 outer loop
  vertex 5.0365925 -0.42437696 1.0059012
  vertex 5.23454 -0.37671185 0.9420067
  vertex 5.0364647 -0.3950858 1.027799
 endloop
endfacet
facet normal 0.35547566 -0.558661 0.7493564
 outer loop
  vertex 5.0365925 -0.42437696 1.0059012
  vertex 5.0364647 -0.3950858 1.027799
  vertex 4.8376646 -0.42538214 1.0995182
 endloop
endfacet
facet normal 0.35432526 -0.5698301 0.74144936
 outer loop
  vertex 4.8376646 -0.42538214 1.0995182
  vertex 5.0364647 -0.3950858 1.027799
  vertex 4.837631 -0.4101963 1.111205
 endloop
endfacet
facet normal 0.32504678 -0.5763205 0.74979943
 outer loop
  vertex 4.8376646 -0.42538214 1.0995182
  vertex 4.837631 -0.4101963 1.111205
  vertex 4.6377125 -0.4215932 1.1891121
 endloop
endfacet
facet normal 0.2639358 -0.5519545 0.79100204
 outer loop
  vertex 4.4337425 -0.34558392 1.3046883
  vertex 4.6377716 -0.3372693 1.2424113
  vertex 4.536484 -0.32346725 1.2858392
 endloop
endfacet
facet normal 0.31418082 -0.40138656 0.8603367
 outer loop
  vertex 4.536484 -0.32346725 1.2858392
  vertex 4.6377716 -0.3372693 1.2424113
  vertex 4.637783 -0.3190999 1.2508839
 endloop
endfacet
facet normal -0.03298064 -0.5492173 0.8350285
 outer loop
  vertex 3.7659197 -0.33718157 1.357725
  vertex 4.0017643 -0.35451698 1.3556381
  vertex 4.001322 -0.33633614 1.3675786
 endloop
endfacet
facet normal 0.05835129 -0.54702723 0.83507866
 outer loop
  vertex 4.001322 -0.33633614 1.3675786
  vertex 4.0017643 -0.35451698 1.3556381
  vertex 4.2226133 -0.35133886 1.3422881
 endloop
endfacet
facet normal 0.062970184 -0.5136432 0.85568994
 outer loop
  vertex 4.001322 -0.33633614 1.3675786
  vertex 4.2226133 -0.35133886 1.3422881
  vertex 4.2223263 -0.33300734 1.3533131
 endloop
endfacet
facet normal 0.16454197 -0.50647223 0.84641117
 outer loop
  vertex 4.2223263 -0.33300734 1.3533131
  vertex 4.2226133 -0.35133886 1.3422881
  vertex 4.4337425 -0.34558392 1.3046883
 endloop
endfacet
facet normal 0.17201564 -0.46532643 0.8682638
 outer loop
  vertex 4.2223263 -0.33300734 1.3533131
  vertex 4.4337425 -0.34558392 1.3046883
  vertex 4.4336576 -0.32724524 1.3145334
 endloop
endfacet
facet normal 0.25466803 -0.45648435 0.85250586
 outer loop
  vertex 4.4336576 -0.32724524 1.3145334
  vertex 4.4337425 -0.34558392 1.3046883
  vertex 4.536484 -0.32346725 1.2858392
 endloop
endfacet
facet normal 0.05818584 -0.5535314 0.8307933
 outer loop
  vertex 4.0017643 -0.35451698 1.3556381
  vertex 4.2229004 -0.3690977 1.3304359
  vertex 4.2226133 -0.35133886 1.3422881
 endloop
endfacet
facet normal 0.15636039 -0.54654497 0.82270294
 outer loop
  vertex 4.2226133 -0.35133886 1.3422881
  vertex 4.2229004 -0.3690977 1.3304359
  vertex 4.4338264 -0.36346245 1.2940916
 endloop
endfacet
facet normal 0.16485737 -0.5023268 0.8488167
 outer loop
  vertex 4.2226133 -0.35133886 1.3422881
  vertex 4.4338264 -0.36346245 1.2940916
  vertex 4.4337425 -0.34558392 1.3046883
 endloop
endfacet
facet normal 0.26756033 -0.4903567 0.8294346
 outer loop
  vertex 4.4337425 -0.34558392 1.3046883
  vertex 4.4338264 -0.36346245 1.2940916
  vertex 4.63776 -0.35507965 1.2332622
 endloop
endfacet
facet normal 0.27862367 -0.4389793 0.85420495
 outer loop
  vertex 4.4337425 -0.34558392 1.3046883
  vertex 4.63776 -0.35507965 1.2332622
  vertex 4.6377716 -0.3372693 1.2424113
 endloop
endfacet
facet normal 0.13817625 -0.6213327 0.7712671
 outer loop
  vertex 4.2234745 -0.40261316 1.304212
  vertex 4.434079 -0.4137144 1.257538
  vertex 4.4339943 -0.39759445 1.2705394
 endloop
endfacet
facet normal 0.20730086 -0.61349666 0.76200277
 outer loop
  vertex 4.4339943 -0.39759445 1.2705394
  vertex 4.434079 -0.4137144 1.257538
  vertex 4.5365562 -0.41020632 1.2324837
 endloop
endfacet
facet normal 0.25956136 -0.45673326 0.8508953
 outer loop
  vertex 4.4339943 -0.39759445 1.2705394
  vertex 4.5365562 -0.41020632 1.2324837
  vertex 4.6377354 -0.3894186 1.2127777
 endloop
endfacet
facet normal 0.2536307 -0.5935316 0.76380086
 outer loop
  vertex 4.5365696 -0.4258151 1.2194172
  vertex 4.6377125 -0.4215932 1.1891121
  vertex 4.637724 -0.40582323 1.2013627
 endloop
endfacet
facet normal 0.3241751 -0.580494 0.74695206
 outer loop
  vertex 4.637724 -0.40582323 1.2013627
  vertex 4.6377125 -0.4215932 1.1891121
  vertex 4.837631 -0.4101963 1.111205
 endloop
endfacet
facet normal 0.33909228 -0.52954865 0.77755684
 outer loop
  vertex 4.637724 -0.40582323 1.2013627
  vertex 4.837631 -0.4101963 1.111205
  vertex 4.837598 -0.39435244 1.1220099
 endloop
endfacet
facet normal 0.3629367 -0.5244778 0.77019477
 outer loop
  vertex 4.837598 -0.39435244 1.1220099
  vertex 4.837631 -0.4101963 1.111205
  vertex 5.0364647 -0.3950858 1.027799
 endloop
endfacet
facet normal 0.37767208 -0.4647879 0.8008346
 outer loop
  vertex 4.837598 -0.39435244 1.1220099
  vertex 5.0364647 -0.3950858 1.027799
  vertex 5.036339 -0.36341906 1.0462371
 endloop
endfacet
facet normal 0.39286363 -0.46155128 0.7953796
 outer loop
  vertex 5.036339 -0.36341906 1.0462371
  vertex 5.0364647 -0.3950858 1.027799
  vertex 5.2343845 -0.34616423 0.95842874
 endloop
endfacet
facet normal 0.40416273 -0.36019373 0.84078115
 outer loop
  vertex 5.036339 -0.36341906 1.0462371
  vertex 5.2343845 -0.34616423 0.95842874
  vertex 5.234229 -0.31430435 0.97215235
 endloop
endfacet
facet normal 0.41952413 -0.35738376 0.83443177
 outer loop
  vertex 5.234229 -0.31430435 0.97215235
  vertex 5.2343845 -0.34616423 0.95842874
  vertex 5.6285477 -0.30502462 0.77787673
 endloop
endfacet
facet normal 0.4274921 -0.29816616 0.8534328
 outer loop
  vertex 5.234229 -0.31430435 0.97215235
  vertex 5.6285477 -0.30502462 0.77787673
  vertex 5.6282616 -0.24805498 0.7979237
 endloop
endfacet
facet normal 0.43924364 -0.29623777 0.8481204
 outer loop
  vertex 5.6282616 -0.24805498 0.7979237
  vertex 5.6285477 -0.30502462 0.77787673
  vertex 6.3259335 -0.17859173 0.46086037
 endloop
endfacet
facet normal 0.44184297 -0.22924872 0.86730605
 outer loop
  vertex 5.6282616 -0.24805498 0.7979237
  vertex 6.3259335 -0.17859173 0.46086037
  vertex 6.319955 -0.16051054 0.4686854
 endloop
endfacet
facet normal 0.39281636 -0.67039114 0.6295006
 outer loop
  vertex 6.3055077 -0.27635288 0.41615498
  vertex 6.316986 -0.2683754 0.41748798
  vertex 5.6290493 -0.38891602 0.7183987
 endloop
endfacet
facet normal 0.3879239 -0.6908442 0.61012244
 outer loop
  vertex 5.6290493 -0.38891602 0.7183987
  vertex 6.316986 -0.2683754 0.41748798
  vertex 5.628978 -0.37930346 0.7293285
 endloop
endfacet
facet normal 0.35616457 -0.70050806 0.6184135
 outer loop
  vertex 5.6290493 -0.38891602 0.7183987
  vertex 5.628978 -0.37930346 0.7293285
  vertex 5.234852 -0.4301591 0.8987118
 endloop
endfacet
facet normal 0.3659588 -0.66385096 0.6522086
 outer loop
  vertex 5.234852 -0.4301591 0.8987118
  vertex 5.628978 -0.37930346 0.7293285
  vertex 5.2347736 -0.41813946 0.9109899
 endloop
endfacet
facet normal 0.34087244 -0.6707044 0.6587576
 outer loop
  vertex 5.234852 -0.4301591 0.8987118
  vertex 5.2347736 -0.41813946 0.9109899
  vertex 5.0366554 -0.43779707 0.99349153
 endloop
endfacet
facet normal 0.34978968 -0.6351529 0.68864214
 outer loop
  vertex 5.0366554 -0.43779707 0.99349153
  vertex 5.2347736 -0.41813946 0.9109899
  vertex 5.0365925 -0.42437696 1.0059012
 endloop
endfacet
facet normal 0.3319075 -0.63960004 0.6933608
 outer loop
  vertex 5.0366554 -0.43779707 0.99349153
  vertex 5.0365925 -0.42437696 1.0059012
  vertex 4.837698 -0.43979502 1.0868882
 endloop
endfacet
facet normal 0.33660227 -0.6201584 0.7085918
 outer loop
  vertex 4.837698 -0.43979502 1.0868882
  vertex 5.0365925 -0.42437696 1.0059012
  vertex 4.8376646 -0.42538214 1.0995182
 endloop
endfacet
facet normal 0.30889055 -0.62642336 0.7156678
 outer loop
  vertex 4.837698 -0.43979502 1.0868882
  vertex 4.8376646 -0.42538214 1.0995182
  vertex 4.6377 -0.43662453 1.1759847
 endloop
endfacet
facet normal 0.30905512 -0.625734 0.7161996
 outer loop
  vertex 4.6377 -0.43662453 1.1759847
  vertex 4.8376646 -0.42538214 1.0995182
  vertex 4.6377125 -0.4215932 1.1891121
 endloop
endfacet
facet normal 0.23874597 -0.6388819 0.731321
 outer loop
  vertex 4.6377 -0.43662453 1.1759847
  vertex 4.6377125 -0.4215932 1.1891121
  vertex 4.536585 -0.44064093 1.2054859
 endloop
endfacet
facet normal 0.23976591 -0.66467404 0.70761627
 outer loop
  vertex 4.536585 -0.44064093 1.2054859
  vertex 4.6377125 -0.4215932 1.1891121
  vertex 4.5365696 -0.4258151 1.2194172
 endloop
endfacet
facet normal 0.18442693 -0.6729322 0.7163442
 outer loop
  vertex 4.536585 -0.44064093 1.2054859
  vertex 4.5365696 -0.4258151 1.2194172
  vertex 4.434248 -0.44364166 1.2290143
 endloop
endfacet
facet normal 0.1038467 -0.7476177 0.6559601
 outer loop
  vertex 4.434332 -0.45727015 1.2134682
  vertex 4.434248 -0.44364166 1.2290143
  vertex 4.2243357 -0.44681883 1.2586249
 endloop
endfacet
facet normal 0.17115285 -0.7404075 0.6500026
 outer loop
  vertex 4.434248 -0.44364166 1.2290143
  vertex 4.434332 -0.45727015 1.2134682
  vertex 4.536585 -0.44064093 1.2054859
 endloop
endfacet
facet normal 0.16944715 -0.71773654 0.6753828
 outer loop
  vertex 4.536585 -0.44064093 1.2054859
  vertex 4.434332 -0.45727015 1.2134682
  vertex 4.536598 -0.45458603 1.190663
 endloop
endfacet
facet normal 0.22310531 -0.70988643 0.66804594
 outer loop
  vertex 4.536585 -0.44064093 1.2054859
  vertex 4.536598 -0.45458603 1.190663
  vertex 4.6377 -0.43662453 1.1759847
 endloop
endfacet
facet normal 0.22244798 -0.68593365 0.6928289
 outer loop
  vertex 4.6377 -0.43662453 1.1759847
  vertex 4.536598 -0.45458603 1.190663
  vertex 4.6376877 -0.45081377 1.1619407
 endloop
endfacet
facet normal 0.29209095 -0.67291236 0.6796115
 outer loop
  vertex 4.6377 -0.43662453 1.1759847
  vertex 4.6376877 -0.45081377 1.1619407
  vertex 4.837698 -0.43979502 1.0868882
 endloop
endfacet
facet normal 0.29029143 -0.67944705 0.6738565
 outer loop
  vertex 4.837698 -0.43979502 1.0868882
  vertex 4.6376877 -0.45081377 1.1619407
  vertex 4.8377304 -0.45328474 1.0732726
 endloop
endfacet
facet normal 0.31995925 -0.6726581 0.6672009
 outer loop
  vertex 4.837698 -0.43979502 1.0868882
  vertex 4.8377304 -0.45328474 1.0732726
  vertex 5.0366554 -0.43779707 0.99349153
 endloop
endfacet
facet normal 0.31249562 -0.6987231 0.64353126
 outer loop
  vertex 5.0366554 -0.43779707 0.99349153
  vertex 4.8377304 -0.45328474 1.0732726
  vertex 5.0367184 -0.45013666 0.9800631
 endloop
endfacet
facet normal 0.33231694 -0.6937055 0.6390134
 outer loop
  vertex 5.0366554 -0.43779707 0.99349153
  vertex 5.0367184 -0.45013666 0.9800631
  vertex 5.234852 -0.4301591 0.8987118
 endloop
endfacet
facet normal 0.31325313 -0.7536169 0.5778703
 outer loop
  vertex 5.234852 -0.4301591 0.8987118
  vertex 5.0367184 -0.45013666 0.9800631
  vertex 5.0367823 -0.4611869 0.96561754
 endloop
endfacet
facet normal 0.31749532 -0.73510444 0.59901434
 outer loop
  vertex 5.234852 -0.4301591 0.8987118
  vertex 5.0367823 -0.4611869 0.96561754
  vertex 5.234929 -0.44094324 0.88543665
 endloop
endfacet
facet normal 0.28762773 -0.8135346 0.50540245
 outer loop
  vertex 5.234929 -0.44094324 0.88543665
  vertex 5.0367823 -0.4611869 0.96561754
  vertex 5.036846 -0.47074842 0.9501902
 endloop
endfacet
facet normal 0.29210606 -0.798835 0.52586764
 outer loop
  vertex 5.234929 -0.44094324 0.88543665
  vertex 5.036846 -0.47074842 0.9501902
  vertex 5.2350063 -0.4502902 0.87119496
 endloop
endfacet
facet normal 0.25774565 -0.8694877 0.42137673
 outer loop
  vertex 5.2350063 -0.4502902 0.87119496
  vertex 5.036846 -0.47074842 0.9501902
  vertex 5.036909 -0.47863817 0.9338716
 endloop
endfacet
facet normal 0.26215836 -0.8587976 0.44015858
 outer loop
  vertex 5.2350063 -0.4502902 0.87119496
  vertex 5.036909 -0.47863817 0.9338716
  vertex 5.2350845 -0.4580164 0.85607374
 endloop
endfacet
facet normal 0.22379057 -0.91826487 0.32666105
 outer loop
  vertex 5.2350845 -0.4580164 0.85607374
  vertex 5.036909 -0.47863817 0.9338716
  vertex 5.036972 -0.48469257 0.9168092
 endloop
endfacet
facet normal 0.22778788 -0.91140604 0.34271237
 outer loop
  vertex 5.2350845 -0.4580164 0.85607374
  vertex 5.036972 -0.48469257 0.9168092
  vertex 5.2351627 -0.46395922 0.8402175
 endloop
endfacet
facet normal 0.19114769 -0.9525804 0.23675534
 outer loop
  vertex 5.2351627 -0.46395922 0.8402175
  vertex 5.036972 -0.48469257 0.9168092
  vertex 5.23524 -0.4680252 0.8237957
 endloop
endfacet
facet normal 0.22389054 -0.94580096 0.23523085
 outer loop
  vertex 5.2351627 -0.46395922 0.8402175
  vertex 5.23524 -0.4680252 0.8237957
  vertex 5.6293354 -0.41363716 0.66737926
 endloop
endfacet
facet normal 0.2004762 -0.9649079 0.16959389
 outer loop
  vertex 5.6293354 -0.41363716 0.66737926
  vertex 5.23524 -0.4680252 0.8237957
  vertex 5.629408 -0.4160509 0.6535605
 endloop
endfacet
facet normal 0.2263903 -0.9593072 0.1687517
 outer loop
  vertex 5.6293354 -0.41363716 0.66737926
  vertex 5.629408 -0.4160509 0.6535605
  vertex 5.8254204 -0.38149786 0.5870229
 endloop
endfacet
facet normal 0.20451374 -0.97408223 0.09663306
 outer loop
  vertex 5.8254204 -0.38149786 0.5870229
  vertex 5.629408 -0.4160509 0.6535605
  vertex 6.021021 -0.34953547 0.49524283
 endloop
endfacet
facet normal 0.2594661 -0.93893987 0.22598517
 outer loop
  vertex 5.8254204 -0.38149786 0.5870229
  vertex 6.021021 -0.34953547 0.49524283
  vertex 6.0209827 -0.34703112 0.5056919
 endloop
endfacet
facet normal 0.26578346 -0.93726254 0.22560622
 outer loop
  vertex 6.0209827 -0.34703112 0.5056919
  vertex 6.021021 -0.34953547 0.49524283
  vertex 6.1801796 -0.3189602 0.43476272
 endloop
endfacet
facet normal 0.2847539 -0.91807497 0.27577814
 outer loop
  vertex 6.0209827 -0.34703112 0.5056919
  vertex 6.1801796 -0.3189602 0.43476272
  vertex 6.1832294 -0.3182397 0.43401217
 endloop
endfacet
facet normal 0.046907146 -0.6353199 0.7708232
 outer loop
  vertex 4.0026484 -0.38874388 1.3290812
  vertex 4.2234745 -0.40261316 1.304212
  vertex 4.2231874 -0.38621283 1.3177468
 endloop
endfacet
facet normal 0.1373793 -0.62904245 0.7651355
 outer loop
  vertex 4.2231874 -0.38621283 1.3177468
  vertex 4.2234745 -0.40261316 1.304212
  vertex 4.4339943 -0.39759445 1.2705394
 endloop
endfacet
facet normal 0.14795993 -0.5805249 0.80068636
 outer loop
  vertex 4.2231874 -0.38621283 1.3177468
  vertex 4.4339943 -0.39759445 1.2705394
  vertex 4.4339104 -0.3808198 1.2827171
 endloop
endfacet
facet normal 0.24539602 -0.5687084 0.7850807
 outer loop
  vertex 4.4339104 -0.3808198 1.2827171
  vertex 4.4339943 -0.39759445 1.2705394
  vertex 4.6377354 -0.3894186 1.2127777
 endloop
endfacet
facet normal 0.25911036 -0.5131976 0.8182237
 outer loop
  vertex 4.4339104 -0.3808198 1.2827171
  vertex 4.6377354 -0.3894186 1.2127777
  vertex 4.637748 -0.3724804 1.2233976
 endloop
endfacet
facet normal 0.34941933 -0.49790326 0.7937245
 outer loop
  vertex 4.637748 -0.3724804 1.2233976
  vertex 4.6377354 -0.3894186 1.2127777
  vertex 4.8375645 -0.3779621 1.1319941
 endloop
endfacet
facet normal 0.36581495 -0.42983136 0.8254844
 outer loop
  vertex 4.637748 -0.3724804 1.2233976
  vertex 4.8375645 -0.3779621 1.1319941
  vertex 4.8374977 -0.34394264 1.1497377
 endloop
endfacet
facet normal -0.087058365 -0.7465873 0.6595667
 outer loop
  vertex 3.5001755 -0.40029573 1.2708501
  vertex 3.767189 -0.41808462 1.2859582
  vertex 3.7669353 -0.4038043 1.3020891
 endloop
endfacet
facet normal -0.04141131 -0.74843186 0.6619175
 outer loop
  vertex 3.7669353 -0.4038043 1.3020891
  vertex 3.767189 -0.41808462 1.2859582
  vertex 4.0035324 -0.4196043 1.2990261
 endloop
endfacet
facet normal -0.038967803 -0.71820456 0.69474006
 outer loop
  vertex 3.7669353 -0.4038043 1.3020891
  vertex 4.0035324 -0.4196043 1.2990261
  vertex 4.00309 -0.40463114 1.3144802
 endloop
endfacet
facet normal 0.033533767 -0.7173087 0.69594806
 outer loop
  vertex 4.00309 -0.40463114 1.3144802
  vertex 4.0035324 -0.4196043 1.2990261
  vertex 4.2237616 -0.41822767 1.2898334
 endloop
endfacet
facet normal 0.115207605 -0.7116285 0.6930456
 outer loop
  vertex 4.434164 -0.42909336 1.2437004
  vertex 4.2237616 -0.41822767 1.2898334
  vertex 4.2240486 -0.43298674 1.2746309
 endloop
endfacet
facet normal 0.033553403 -0.71677333 0.6964986
 outer loop
  vertex 4.2240486 -0.43298674 1.2746309
  vertex 4.2237616 -0.41822767 1.2898334
  vertex 4.0035324 -0.4196043 1.2990261
 endloop
endfacet
facet normal 0.026297374 -0.756947 0.652947
 outer loop
  vertex 4.2240486 -0.43298674 1.2746309
  vertex 4.0035324 -0.4196043 1.2990261
  vertex 4.003975 -0.43361092 1.2827708
 endloop
endfacet
facet normal -0.04089772 -0.7574794 0.6515767
 outer loop
  vertex 4.003975 -0.43361092 1.2827708
  vertex 4.0035324 -0.4196043 1.2990261
  vertex 3.767189 -0.41808462 1.2859582
 endloop
endfacet
facet normal 0.13767095 -0.82474744 0.5484873
 outer loop
  vertex 4.434416 -0.46987486 1.1970631
  vertex 4.4345007 -0.4813304 1.1798164
  vertex 4.5366135 -0.46753073 1.1749362
 endloop
endfacet
facet normal 0.13657266 -0.8078084 0.5734051
 outer loop
  vertex 4.5366135 -0.46753073 1.1749362
  vertex 4.4345007 -0.4813304 1.1798164
  vertex 4.536627 -0.47932863 1.1583122
 endloop
endfacet
facet normal 0.18526186 -0.80131423 0.5688353
 outer loop
  vertex 4.5366135 -0.46753073 1.1749362
  vertex 4.536627 -0.47932863 1.1583122
  vertex 4.6376762 -0.46402788 1.1469558
 endloop
endfacet
facet normal 0.2441161 -0.7911807 0.56074995
 outer loop
  vertex 4.8377647 -0.46565437 1.0586532
  vertex 4.637665 -0.4760995 1.1310271
  vertex 4.837797 -0.47671032 1.0430399
 endloop
endfacet
facet normal 0.22789498 -0.8206257 0.5240584
 outer loop
  vertex 4.837797 -0.47671032 1.0430399
  vertex 4.637665 -0.4760995 1.1310271
  vertex 4.6376524 -0.4868641 1.1141762
 endloop
endfacet
facet normal 0.21640068 -0.84549505 0.48816887
 outer loop
  vertex 4.837797 -0.47671032 1.0430399
  vertex 4.6376524 -0.4868641 1.1141762
  vertex 4.8378305 -0.4862666 1.0264739
 endloop
endfacet
facet normal 0.2019209 -0.86731184 0.45497054
 outer loop
  vertex 4.8378305 -0.4862666 1.0264739
  vertex 4.6376524 -0.4868641 1.1141762
  vertex 4.63764 -0.49616432 1.0964526
 endloop
endfacet
facet normal 0.1859602 -0.895029 0.40539092
 outer loop
  vertex 4.8378305 -0.4862666 1.0264739
  vertex 4.63764 -0.49616432 1.0964526
  vertex 4.837864 -0.49415255 1.0090479
 endloop
endfacet
facet normal 0.17411283 -0.909318 0.37792248
 outer loop
  vertex 4.837864 -0.49415255 1.0090479
  vertex 4.63764 -0.49616432 1.0964526
  vertex 4.6376286 -0.50385714 1.0779482
 endloop
endfacet
facet normal 0.15331148 -0.93711174 0.31355575
 outer loop
  vertex 4.837864 -0.49415255 1.0090479
  vertex 4.6376286 -0.50385714 1.0779482
  vertex 4.8378973 -0.50021744 0.99090564
 endloop
endfacet
facet normal 0.14493439 -0.9447649 0.29396152
 outer loop
  vertex 4.8378973 -0.50021744 0.99090564
  vertex 4.6376286 -0.50385714 1.0779482
  vertex 4.637617 -0.5098176 1.0587975
 endloop
endfacet
facet normal 0.1196535 -0.9690452 0.2159499
 outer loop
  vertex 4.8378973 -0.50021744 0.99090564
  vertex 4.637617 -0.5098176 1.0587975
  vertex 4.8379307 -0.5043783 0.9722158
 endloop
endfacet
facet normal 0.077601746 -0.95814437 0.27556717
 outer loop
  vertex 4.4348373 -0.5133748 1.1035334
  vertex 4.637617 -0.5098176 1.0587975
  vertex 4.4347534 -0.5076332 1.1235205
 endloop
endfacet
facet normal 0.08421738 -0.95144415 0.29607666
 outer loop
  vertex 4.4347534 -0.5076332 1.1235205
  vertex 4.637617 -0.5098176 1.0587975
  vertex 4.6376286 -0.50385714 1.0779482
 endloop
endfacet
facet normal 0.09612428 -0.9315291 0.35073298
 outer loop
  vertex 4.4347534 -0.5076332 1.1235205
  vertex 4.6376286 -0.50385714 1.0779482
  vertex 4.4346695 -0.5003185 1.1429709
 endloop
endfacet
facet normal 0.10626147 -0.9181792 0.3816483
 outer loop
  vertex 4.4346695 -0.5003185 1.1429709
  vertex 4.6376286 -0.50385714 1.0779482
  vertex 4.63764 -0.49616432 1.0964526
 endloop
endfacet
facet normal 0.11505647 -0.8994063 0.42169937
 outer loop
  vertex 4.4346695 -0.5003185 1.1429709
  vertex 4.63764 -0.49616432 1.0964526
  vertex 4.4345856 -0.49151707 1.1617657
 endloop
endfacet
facet normal 0.12810294 -0.8782344 0.46075365
 outer loop
  vertex 4.4345856 -0.49151707 1.1617657
  vertex 4.63764 -0.49616432 1.0964526
  vertex 4.6376524 -0.4868641 1.1141762
 endloop
endfacet
facet normal 0.121399485 -0.8943537 0.4305736
 outer loop
  vertex 4.4345856 -0.49151707 1.1617657
  vertex 4.6376524 -0.4868641 1.1141762
  vertex 4.536627 -0.47932863 1.1583122
 endloop
endfacet
facet normal 0.16978784 -0.83054626 0.53043854
 outer loop
  vertex 4.536627 -0.47932863 1.1583122
  vertex 4.6376524 -0.4868641 1.1141762
  vertex 4.637665 -0.4760995 1.1310271
 endloop
endfacet
facet normal 0.1852932 -0.7832496 0.5934531
 outer loop
  vertex 4.536627 -0.47932863 1.1583122
  vertex 4.637665 -0.4760995 1.1310271
  vertex 4.6376762 -0.46402788 1.1469558
 endloop
endfacet
facet normal 0.2516546 -0.7714244 0.5844437
 outer loop
  vertex 4.6376762 -0.46402788 1.1469558
  vertex 4.637665 -0.4760995 1.1310271
  vertex 4.8377647 -0.46565437 1.0586532
 endloop
endfacet
facet normal 0.02213096 -0.9659915 0.25762513
 outer loop
  vertex 4.226345 -0.51182556 1.1272527
  vertex 4.4348373 -0.5133748 1.1035334
  vertex 4.226059 -0.5063925 1.1476492
 endloop
endfacet
facet normal 0.026210595 -0.9607698 0.27610558
 outer loop
  vertex 4.226059 -0.5063925 1.1476492
  vertex 4.4348373 -0.5133748 1.1035334
  vertex 4.4347534 -0.5076332 1.1235205
 endloop
endfacet
facet normal 0.031648256 -0.9460805 0.32238182
 outer loop
  vertex 4.226059 -0.5063925 1.1476492
  vertex 4.4347534 -0.5076332 1.1235205
  vertex 4.225771 -0.49958897 1.1676434
 endloop
endfacet
facet normal 0.03829413 -0.9352591 0.3518862
 outer loop
  vertex 4.225771 -0.49958897 1.1676434
  vertex 4.4347534 -0.5076332 1.1235205
  vertex 4.4346695 -0.5003185 1.1429709
 endloop
endfacet
facet normal 0.042288676 -0.9218176 0.38531005
 outer loop
  vertex 4.225771 -0.49958897 1.1676434
  vertex 4.4346695 -0.5003185 1.1429709
  vertex 4.225484 -0.49145412 1.1871368
 endloop
endfacet
facet normal 0.051140115 -0.9043453 0.42372686
 outer loop
  vertex 4.225484 -0.49145412 1.1871368
  vertex 4.4346695 -0.5003185 1.1429709
  vertex 4.4345856 -0.49151707 1.1617657
 endloop
endfacet
facet normal 0.0538007 -0.89360017 0.44562802
 outer loop
  vertex 4.225484 -0.49145412 1.1871368
  vertex 4.4345856 -0.49151707 1.1617657
  vertex 4.225197 -0.4820423 1.2060446
 endloop
endfacet
facet normal 0.064444065 -0.8689508 0.49068463
 outer loop
  vertex 4.225197 -0.4820423 1.2060446
  vertex 4.4345856 -0.49151707 1.1617657
  vertex 4.4345007 -0.4813304 1.1798164
 endloop
endfacet
facet normal 0.065929085 -0.8619281 0.5027259
 outer loop
  vertex 4.225197 -0.4820423 1.2060446
  vertex 4.4345007 -0.4813304 1.1798164
  vertex 4.22491 -0.47141886 1.2242962
 endloop
endfacet
facet normal 0.07785534 -0.83028656 0.55187213
 outer loop
  vertex 4.22491 -0.47141886 1.2242962
  vertex 4.4345007 -0.4813304 1.1798164
  vertex 4.434416 -0.46987486 1.1970631
 endloop
endfacet
facet normal 0.07839907 -0.82732683 0.55622286
 outer loop
  vertex 4.22491 -0.47141886 1.2242962
  vertex 4.434416 -0.46987486 1.1970631
  vertex 4.2246227 -0.45965338 1.2418367
 endloop
endfacet
facet normal 0.0115690855 -0.98604167 0.16609606
 outer loop
  vertex 4.226345 -0.51182556 1.1272527
  vertex 4.226919 -0.51880884 1.085756
  vertex 4.4348373 -0.5133748 1.1035334
 endloop
endfacet
facet normal 0.0115503175 -0.98600674 0.16630487
 outer loop
  vertex 4.4348373 -0.5133748 1.1035334
  vertex 4.226919 -0.51880884 1.085756
  vertex 4.435007 -0.52028847 1.0625311
 endloop
endfacet
facet normal 0.053947944 -0.98460776 0.16624452
 outer loop
  vertex 4.4348373 -0.5133748 1.1035334
  vertex 4.435007 -0.52028847 1.0625311
  vertex 4.637617 -0.5098176 1.0587975
 endloop
endfacet
facet normal 0.05397442 -0.98413646 0.16900314
 outer loop
  vertex 4.637617 -0.5098176 1.0587975
  vertex 4.435007 -0.52028847 1.0625311
  vertex 4.6375923 -0.5166173 1.0192095
 endloop
endfacet
facet normal 0.099410295 -0.9806959 0.16838372
 outer loop
  vertex 4.637617 -0.5098176 1.0587975
  vertex 4.6375923 -0.5166173 1.0192095
  vertex 4.8379307 -0.5043783 0.9722158
 endloop
endfacet
facet normal 0.09100377 -0.98721683 0.13084766
 outer loop
  vertex 4.8379307 -0.5043783 0.9722158
  vertex 4.6375923 -0.5166173 1.0192095
  vertex 4.837963 -0.5068989 0.95317614
 endloop
endfacet
facet normal 0.13799888 -0.9818352 0.13021524
 outer loop
  vertex 4.8379307 -0.5043783 0.9722158
  vertex 4.837963 -0.5068989 0.95317614
  vertex 5.235317 -0.47043085 0.8070425
 endloop
endfacet
facet normal 0.13072819 -0.98534495 0.109569535
 outer loop
  vertex 5.235317 -0.47043085 0.8070425
  vertex 4.837963 -0.5068989 0.95317614
  vertex 4.8380966 -0.5155349 0.8753544
 endloop
endfacet
facet normal 0.12991276 -0.9860154 0.10438538
 outer loop
  vertex 5.235317 -0.47043085 0.8070425
  vertex 4.8380966 -0.5155349 0.8753544
  vertex 5.235629 -0.47761965 0.7387496
 endloop
endfacet
facet normal 0.12676126 -0.9873896 0.094832785
 outer loop
  vertex 5.235629 -0.47761965 0.7387496
  vertex 4.8380966 -0.5155349 0.8753544
  vertex 4.83823 -0.52308416 0.7965735
 endloop
endfacet
facet normal 0.12494214 -0.98883617 0.08119333
 outer loop
  vertex 5.235629 -0.47761965 0.7387496
  vertex 4.83823 -0.52308416 0.7965735
  vertex 5.23594 -0.48328972 0.66921663
 endloop
endfacet
facet normal 0.12242006 -0.9897886 0.0730198
 outer loop
  vertex 5.23594 -0.48328972 0.66921663
  vertex 4.83823 -0.52308416 0.7965735
  vertex 4.8384953 -0.5342026 0.64541817
 endloop
endfacet
facet normal 0.123291925 -0.9905496 0.060087338
 outer loop
  vertex 5.23594 -0.48328972 0.66921663
  vertex 4.8384953 -0.5342026 0.64541817
  vertex 5.2365627 -0.4912548 0.536633
 endloop
endfacet
facet normal 0.12221585 -0.9909223 0.05600263
 outer loop
  vertex 5.2365627 -0.4912548 0.536633
  vertex 4.8384953 -0.5342026 0.64541817
  vertex 4.9213476 -0.5313258 0.5155095
 endloop
endfacet
facet normal 0.12231877 -0.99098825 0.054592155
 outer loop
  vertex 5.2365627 -0.4912548 0.536633
  vertex 4.9213476 -0.5313258 0.5155095
  vertex 5.2295017 -0.49445486 0.49436462
 endloop
endfacet
facet normal -0.044777673 -0.8291201 0.55727434
 outer loop
  vertex 4.0044174 -0.44659948 1.2657679
  vertex 3.7676973 -0.44342613 1.2514685
  vertex 4.004859 -0.45851755 1.2480716
 endloop
endfacet
facet normal -0.047027748 -0.8552186 0.5161293
 outer loop
  vertex 4.004859 -0.45851755 1.2480716
  vertex 3.7676973 -0.44342613 1.2514685
  vertex 3.767951 -0.45441866 1.2332772
 endloop
endfacet
facet normal -0.04653334 -0.8609026 0.5066374
 outer loop
  vertex 4.004859 -0.45851755 1.2480716
  vertex 3.767951 -0.45441866 1.2332772
  vertex 4.0053005 -0.46932888 1.229741
 endloop
endfacet
facet normal -0.049768753 -0.8966068 0.44002193
 outer loop
  vertex 4.0053005 -0.46932888 1.229741
  vertex 3.767951 -0.45441866 1.2332772
  vertex 3.7684593 -0.47302246 1.1954268
 endloop
endfacet
facet normal -0.05197232 -0.8892597 0.4544404
 outer loop
  vertex 4.0053005 -0.46932888 1.229741
  vertex 3.7684593 -0.47302246 1.1954268
  vertex 4.005743 -0.47901297 1.2108415
 endloop
endfacet
facet normal -0.04917367 -0.91451865 0.40154383
 outer loop
  vertex 4.005743 -0.47901297 1.2108415
  vertex 3.7684593 -0.47302246 1.1954268
  vertex 4.0061855 -0.48755312 1.1914455
 endloop
endfacet
facet normal -0.05165211 -0.9385489 0.34125927
 outer loop
  vertex 4.0061855 -0.48755312 1.1914455
  vertex 3.7684593 -0.47302246 1.1954268
  vertex 3.7689667 -0.48731232 1.1562029
 endloop
endfacet
facet normal -0.05258782 -0.9361768 0.34757373
 outer loop
  vertex 4.0061855 -0.48755312 1.1914455
  vertex 3.7689667 -0.48731232 1.1562029
  vertex 4.006628 -0.4949336 1.1716334
 endloop
endfacet
facet normal -0.04713844 -0.9675786 0.24813217
 outer loop
  vertex 4.006628 -0.4949336 1.1716334
  vertex 3.7689667 -0.48731232 1.1562029
  vertex 3.769475 -0.49758387 1.1162461
 endloop
endfacet
facet normal -0.051504146 -0.96243596 0.26657885
 outer loop
  vertex 4.006628 -0.4949336 1.1716334
  vertex 3.769475 -0.49758387 1.1162461
  vertex 4.007511 -0.50621367 1.1310793
 endloop
endfacet
facet normal -0.046116043 -0.98486716 0.16706297
 outer loop
  vertex 4.007511 -0.50621367 1.1310793
  vertex 3.769475 -0.49758387 1.1162461
  vertex 3.7699823 -0.5044069 1.0761629
 endloop
endfacet
facet normal -0.045816664 -0.9851012 0.16576037
 outer loop
  vertex 4.007511 -0.50621367 1.1310793
  vertex 3.7699823 -0.5044069 1.0761629
  vertex 4.008396 -0.5131812 1.0899163
 endloop
endfacet
facet normal -0.046248704 -0.9836251 0.17419137
 outer loop
  vertex 4.008396 -0.5131812 1.0899163
  vertex 3.7699823 -0.5044069 1.0761629
  vertex 3.7720137 -0.5300536 0.93188035
 endloop
endfacet
facet normal -0.03458251 -0.98697704 0.1570995
 outer loop
  vertex 4.008396 -0.5131812 1.0899163
  vertex 3.7720137 -0.5300536 0.93188035
  vertex 4.0119324 -0.53780746 0.93598044
 endloop
endfacet
facet normal -0.034351822 -0.9897997 0.1382625
 outer loop
  vertex 4.0119324 -0.53780746 0.93598044
  vertex 3.7720137 -0.5300536 0.93188035
  vertex 3.774046 -0.5495043 0.793141
 endloop
endfacet
facet normal -0.024968166 -0.99211425 0.122824386
 outer loop
  vertex 4.0119324 -0.53780746 0.93598044
  vertex 3.774046 -0.5495043 0.793141
  vertex 4.0154696 -0.55629253 0.7873863
 endloop
endfacet
facet normal -0.027341928 -0.9991293 0.031514376
 outer loop
  vertex 4.0154696 -0.55629253 0.7873863
  vertex 3.774046 -0.5495043 0.793141
  vertex 3.7760773 -0.5544019 0.63963044
 endloop
endfacet
facet normal -0.027800744 -0.9990929 0.032258213
 outer loop
  vertex 4.0154696 -0.55629253 0.7873863
  vertex 3.7760773 -0.5544019 0.63963044
  vertex 4.0190067 -0.56135464 0.63365257
 endloop
endfacet
facet normal -0.0073718233 -0.99993205 0.009039348
 outer loop
  vertex 4.293253 -0.5638709 0.5789579
  vertex 4.0190067 -0.56135464 0.63365257
  vertex 4.003521 -0.56143904 0.6116872
 endloop
endfacet
facet normal -0.028020691 -0.9993289 0.023594636
 outer loop
  vertex 4.003521 -0.56143904 0.6116872
  vertex 4.0190067 -0.56135464 0.63365257
  vertex 3.7760773 -0.5544019 0.63963044
 endloop
endfacet
facet normal -0.032044474 -0.9994448 -0.009127717
 outer loop
  vertex 4.003521 -0.56143904 0.6116872
  vertex 3.7760773 -0.5544019 0.63963044
  vertex 3.706007 -0.552114 0.6351135
 endloop
endfacet
facet normal -0.034640122 -0.9989061 0.03141068
 outer loop
  vertex 3.706007 -0.552114 0.6351135
  vertex 3.7760773 -0.5544019 0.63963044
  vertex 3.774046 -0.5495043 0.793141
 endloop
endfacet
facet normal -0.038541906 -0.998709 0.033087343
 outer loop
  vertex 3.706007 -0.552114 0.6351135
  vertex 3.774046 -0.5495043 0.793141
  vertex 3.47886 -0.5386224 0.77775204
 endloop
endfacet
facet normal -0.04367436 -0.98945796 0.13807803
 outer loop
  vertex 3.47886 -0.5386224 0.77775204
  vertex 3.774046 -0.5495043 0.793141
  vertex 3.7720137 -0.5300536 0.93188035
 endloop
endfacet
facet normal -0.05061183 -0.98721457 0.15114845
 outer loop
  vertex 3.47886 -0.5386224 0.77775204
  vertex 3.7720137 -0.5300536 0.93188035
  vertex 3.48495 -0.51903486 0.9077257
 endloop
endfacet
facet normal -0.052390557 -0.98334134 0.17405446
 outer loop
  vertex 3.48495 -0.51903486 0.9077257
  vertex 3.7720137 -0.5300536 0.93188035
  vertex 3.7699823 -0.5044069 1.0761629
 endloop
endfacet
facet normal -0.06034143 -0.9804556 0.18725844
 outer loop
  vertex 3.48495 -0.51903486 0.9077257
  vertex 3.7699823 -0.5044069 1.0761629
  vertex 3.4910402 -0.4934435 1.0436805
 endloop
endfacet
facet normal -0.05811041 -0.9842751 0.16681038
 outer loop
  vertex 3.4910402 -0.4934435 1.0436805
  vertex 3.7699823 -0.5044069 1.0761629
  vertex 3.769475 -0.49758387 1.1162461
 endloop
endfacet
facet normal -0.057881385 -0.98443866 0.16592227
 outer loop
  vertex 3.4910402 -0.4934435 1.0436805
  vertex 3.769475 -0.49758387 1.1162461
  vertex 3.4925632 -0.48693132 1.0828494
 endloop
endfacet
facet normal -0.06704474 -0.966537 0.24761118
 outer loop
  vertex 3.4925632 -0.48693132 1.0828494
  vertex 3.769475 -0.49758387 1.1162461
  vertex 3.7689667 -0.48731232 1.1562029
 endloop
endfacet
facet normal -0.062655486 -0.9709225 0.23104924
 outer loop
  vertex 3.4925632 -0.48693132 1.0828494
  vertex 3.7689667 -0.48731232 1.1562029
  vertex 3.4940853 -0.4776392 1.1223098
 endloop
endfacet
facet normal -0.0749645 -0.93725616 0.34048676
 outer loop
  vertex 3.4940853 -0.4776392 1.1223098
  vertex 3.7689667 -0.48731232 1.1562029
  vertex 3.7684593 -0.47302246 1.1954268
 endloop
endfacet
facet normal -0.067266725 -0.947614 0.3122546
 outer loop
  vertex 3.4940853 -0.4776392 1.1223098
  vertex 3.7684593 -0.47302246 1.1954268
  vertex 3.4956083 -0.4648161 1.1615528
 endloop
endfacet
facet normal -0.0813874 -0.8949095 0.43876308
 outer loop
  vertex 3.4956083 -0.4648161 1.1615528
  vertex 3.7684593 -0.47302246 1.1954268
  vertex 3.767951 -0.45441866 1.2332772
 endloop
endfacet
facet normal -0.07180634 -0.9115815 0.40479994
 outer loop
  vertex 3.4956083 -0.4648161 1.1615528
  vertex 3.767951 -0.45441866 1.2332772
  vertex 3.4971304 -0.44789267 1.1999332
 endloop
endfacet
facet normal -0.083910316 -0.8533745 0.5145007
 outer loop
  vertex 3.4971304 -0.44789267 1.1999332
  vertex 3.767951 -0.45441866 1.2332772
  vertex 3.7676973 -0.44342613 1.2514685
 endloop
endfacet
facet normal 0.052225735 -0.99862844 0.0037126234
 outer loop
  vertex 4.636902 -0.5529294 0.5417104
  vertex 4.637307 -0.55281115 0.56781745
  vertex 4.586791 -0.555532 0.5465766
 endloop
endfacet
facet normal 0.044108555 -0.99876106 0.023034325
 outer loop
  vertex 4.586791 -0.555532 0.5465766
  vertex 4.637307 -0.55281115 0.56781745
  vertex 4.437031 -0.5609722 0.59746647
 endloop
endfacet
facet normal 0.024580264 -0.9991033 -0.03447074
 outer loop
  vertex 4.586791 -0.555532 0.5465766
  vertex 4.437031 -0.5609722 0.59746647
  vertex 4.293253 -0.5638709 0.5789579
 endloop
endfacet
facet normal 0.016451133 -0.99945176 0.02873242
 outer loop
  vertex 4.293253 -0.5638709 0.5789579
  vertex 4.437031 -0.5609722 0.59746647
  vertex 4.2338104 -0.56368256 0.61954427
 endloop
endfacet
facet normal -0.011651945 -0.99985486 -0.0124253025
 outer loop
  vertex 4.293253 -0.5638709 0.5789579
  vertex 4.2338104 -0.56368256 0.61954427
  vertex 4.0190067 -0.56135464 0.63365257
 endloop
endfacet
facet normal -0.008601252 -0.9993867 0.03394532
 outer loop
  vertex 4.0190067 -0.56135464 0.63365257
  vertex 4.2338104 -0.56368256 0.61954427
  vertex 4.231513 -0.5585642 0.7696525
 endloop
endfacet
facet normal -0.007822287 -0.9994337 0.032729108
 outer loop
  vertex 4.0190067 -0.56135464 0.63365257
  vertex 4.231513 -0.5585642 0.7696525
  vertex 4.0154696 -0.55629253 0.7873863
 endloop
endfacet
facet normal -0.0015701065 -0.99412614 0.10821688
 outer loop
  vertex 4.0154696 -0.55629253 0.7873863
  vertex 4.231513 -0.5585642 0.7696525
  vertex 4.2292156 -0.5416446 0.9250499
 endloop
endfacet
facet normal -0.011327495 -0.99232036 0.12317472
 outer loop
  vertex 4.0154696 -0.55629253 0.7873863
  vertex 4.2292156 -0.5416446 0.9250499
  vertex 4.0119324 -0.53780746 0.93598044
 endloop
endfacet
facet normal -0.010413857 -0.99002177 0.14052959
 outer loop
  vertex 4.0119324 -0.53780746 0.93598044
  vertex 4.2292156 -0.5416446 0.9250499
  vertex 4.226919 -0.51880884 1.085756
 endloop
endfacet
facet normal -0.022428155 -0.98727596 0.15742657
 outer loop
  vertex 4.0119324 -0.53780746 0.93598044
  vertex 4.226919 -0.51880884 1.085756
  vertex 4.008396 -0.5131812 1.0899163
 endloop
endfacet
facet normal -0.02223793 -0.98594034 0.1656113
 outer loop
  vertex 4.008396 -0.5131812 1.0899163
  vertex 4.226919 -0.51880884 1.085756
  vertex 4.226345 -0.51182556 1.1272527
 endloop
endfacet
facet normal -0.022371123 -0.98580724 0.16638397
 outer loop
  vertex 4.008396 -0.5131812 1.0899163
  vertex 4.226345 -0.51182556 1.1272527
  vertex 4.007511 -0.50621367 1.1310793
 endloop
endfacet
facet normal -0.02028178 -0.9661774 0.25707972
 outer loop
  vertex 4.007511 -0.50621367 1.1310793
  vertex 4.226345 -0.51182556 1.1272527
  vertex 4.226059 -0.5063925 1.1476492
 endloop
endfacet
facet normal -0.021068765 -0.96333015 0.26749036
 outer loop
  vertex 4.007511 -0.50621367 1.1310793
  vertex 4.226059 -0.5063925 1.1476492
  vertex 4.006628 -0.4949336 1.1716334
 endloop
endfacet
facet normal -0.01424921 -0.9466603 0.32191795
 outer loop
  vertex 4.006628 -0.4949336 1.1716334
  vertex 4.226059 -0.5063925 1.1476492
  vertex 4.225771 -0.49958897 1.1676434
 endloop
endfacet
facet normal -0.013556906 -0.9371027 0.3487904
 outer loop
  vertex 4.006628 -0.4949336 1.1716334
  vertex 4.225771 -0.49958897 1.1676434
  vertex 4.0061855 -0.48755312 1.1914455
 endloop
endfacet
facet normal -0.008852313 -0.92287487 0.38499814
 outer loop
  vertex 4.0061855 -0.48755312 1.1914455
  vertex 4.225771 -0.49958897 1.1676434
  vertex 4.225484 -0.49145412 1.1871368
 endloop
endfacet
facet normal -0.008366984 -0.9152511 0.4027972
 outer loop
  vertex 4.0061855 -0.48755312 1.1914455
  vertex 4.225484 -0.49145412 1.1871368
  vertex 4.005743 -0.47901297 1.2108415
 endloop
endfacet
facet normal -0.0026179194 -0.8952355 0.44558558
 outer loop
  vertex 4.005743 -0.47901297 1.2108415
  vertex 4.225484 -0.49145412 1.1871368
  vertex 4.225197 -0.4820423 1.2060446
 endloop
endfacet
facet normal -0.0023183606 -0.8899888 0.45597658
 outer loop
  vertex 4.005743 -0.47901297 1.2108415
  vertex 4.225197 -0.4820423 1.2060446
  vertex 4.0053005 -0.46932888 1.229741
 endloop
endfacet
facet normal 0.004248494 -0.86422276 0.5030914
 outer loop
  vertex 4.0053005 -0.46932888 1.229741
  vertex 4.225197 -0.4820423 1.2060446
  vertex 4.22491 -0.47141886 1.2242962
 endloop
endfacet
facet normal 0.004400408 -0.8612908 0.50809324
 outer loop
  vertex 4.0053005 -0.46932888 1.229741
  vertex 4.22491 -0.47141886 1.2242962
  vertex 4.004859 -0.45851755 1.2480716
 endloop
endfacet
facet normal 0.0115152 -0.8303348 0.55714595
 outer loop
  vertex 4.004859 -0.45851755 1.2480716
  vertex 4.22491 -0.47141886 1.2242962
  vertex 4.2246227 -0.45965338 1.2418367
 endloop
endfacet
facet normal 0.011566758 -0.82924557 0.5587647
 outer loop
  vertex 4.004859 -0.45851755 1.2480716
  vertex 4.2246227 -0.45965338 1.2418367
  vertex 4.0044174 -0.44659948 1.2657679
 endloop
endfacet
facet normal 0.16317348 -0.98456746 0.06325504
 outer loop
  vertex 5.2655687 -0.48928022 0.49254322
  vertex 5.6679087 -0.42339087 0.48023295
  vertex 5.2365627 -0.4912548 0.536633
 endloop
endfacet
facet normal 0.16127725 -0.985775 0.04729977
 outer loop
  vertex 5.2365627 -0.4912548 0.536633
  vertex 5.6679087 -0.42339087 0.48023295
  vertex 5.62998 -0.4265151 0.54444516
 endloop
endfacet
facet normal 0.16092263 -0.98514533 0.05993939
 outer loop
  vertex 5.2365627 -0.4912548 0.536633
  vertex 5.62998 -0.4265151 0.54444516
  vertex 5.23594 -0.48328972 0.66921663
 endloop
endfacet
facet normal 0.16618147 -0.9830447 0.07750316
 outer loop
  vertex 5.23594 -0.48328972 0.66921663
  vertex 5.62998 -0.4265151 0.54444516
  vertex 5.629694 -0.4222479 0.5991837
 endloop
endfacet
facet normal 0.16672535 -0.9826807 0.080878235
 outer loop
  vertex 5.23594 -0.48328972 0.66921663
  vertex 5.629694 -0.4222479 0.5991837
  vertex 5.235629 -0.47761965 0.7387496
 endloop
endfacet
facet normal 0.17718124 -0.9777434 0.11235931
 outer loop
  vertex 5.235629 -0.47761965 0.7387496
  vertex 5.629694 -0.4222479 0.5991837
  vertex 5.629408 -0.4160509 0.6535605
 endloop
endfacet
facet normal 0.17553443 -0.9789802 0.10385318
 outer loop
  vertex 5.235629 -0.47761965 0.7387496
  vertex 5.629408 -0.4160509 0.6535605
  vertex 5.235317 -0.47043085 0.8070425
 endloop
endfacet
facet normal 0.1888063 -0.9719213 0.1404317
 outer loop
  vertex 5.235317 -0.47043085 0.8070425
  vertex 5.629408 -0.4160509 0.6535605
  vertex 5.23524 -0.4680252 0.8237957
 endloop
endfacet
facet normal 0.14243291 -0.9796626 0.14132953
 outer loop
  vertex 5.235317 -0.47043085 0.8070425
  vertex 5.23524 -0.4680252 0.8237957
  vertex 4.8379307 -0.5043783 0.9722158
 endloop
endfacet
facet normal 0.11933277 -0.9898645 0.076993436
 outer loop
  vertex 4.8379307 -0.5043783 0.9722158
  vertex 5.23524 -0.4680252 0.8237957
  vertex 5.036972 -0.48469257 0.9168092
 endloop
endfacet
facet normal 0.15519568 -0.96421766 0.21493864
 outer loop
  vertex 4.8379307 -0.5043783 0.9722158
  vertex 5.036972 -0.48469257 0.9168092
  vertex 4.8378973 -0.50021744 0.99090564
 endloop
endfacet
facet normal 0.19440638 -0.9242211 0.32866618
 outer loop
  vertex 4.8378973 -0.50021744 0.99090564
  vertex 5.036972 -0.48469257 0.9168092
  vertex 5.036909 -0.47863817 0.9338716
 endloop
endfacet
facet normal 0.19024146 -0.9309829 0.31157497
 outer loop
  vertex 4.8378973 -0.50021744 0.99090564
  vertex 5.036909 -0.47863817 0.9338716
  vertex 4.837864 -0.49415255 1.0090479
 endloop
endfacet
facet normal 0.22860181 -0.87611043 0.42446634
 outer loop
  vertex 4.837864 -0.49415255 1.0090479
  vertex 5.036909 -0.47863817 0.9338716
  vertex 5.036846 -0.47074842 0.9501902
 endloop
endfacet
facet normal 0.2234047 -0.8878672 0.40222153
 outer loop
  vertex 4.837864 -0.49415255 1.0090479
  vertex 5.036846 -0.47074842 0.9501902
  vertex 4.8378305 -0.4862666 1.0264739
 endloop
endfacet
facet normal 0.25929102 -0.8204356 0.50956213
 outer loop
  vertex 4.8378305 -0.4862666 1.0264739
  vertex 5.036846 -0.47074842 0.9501902
  vertex 5.0367823 -0.4611869 0.96561754
 endloop
endfacet
facet normal 0.25356442 -0.8376788 0.48373476
 outer loop
  vertex 4.8378305 -0.4862666 1.0264739
  vertex 5.0367823 -0.4611869 0.96561754
  vertex 4.837797 -0.47671032 1.0430399
 endloop
endfacet
facet normal 0.2861492 -0.7604383 0.58296853
 outer loop
  vertex 4.837797 -0.47671032 1.0430399
  vertex 5.0367823 -0.4611869 0.96561754
  vertex 5.0367184 -0.45013666 0.9800631
 endloop
endfacet
facet normal 0.28035685 -0.7831064 0.55510765
 outer loop
  vertex 4.837797 -0.47671032 1.0430399
  vertex 5.0367184 -0.45013666 0.9800631
  vertex 4.8377647 -0.46565437 1.0586532
 endloop
endfacet
facet normal 0.30030417 -0.7278174 0.6165218
 outer loop
  vertex 4.8377647 -0.46565437 1.0586532
  vertex 5.0367184 -0.45013666 0.9800631
  vertex 4.8377304 -0.45328474 1.0732726
 endloop
endfacet
facet normal 0.26875758 -0.73500293 0.6225271
 outer loop
  vertex 4.8377647 -0.46565437 1.0586532
  vertex 4.8377304 -0.45328474 1.0732726
  vertex 4.6376762 -0.46402788 1.1469558
 endloop
endfacet
facet normal 0.27305698 -0.72163236 0.63614976
 outer loop
  vertex 4.6376762 -0.46402788 1.1469558
  vertex 4.8377304 -0.45328474 1.0732726
  vertex 4.6376877 -0.45081377 1.1619407
 endloop
endfacet
facet normal 0.20466435 -0.7342329 0.6473135
 outer loop
  vertex 4.6376762 -0.46402788 1.1469558
  vertex 4.6376877 -0.45081377 1.1619407
  vertex 4.5366135 -0.46753073 1.1749362
 endloop
endfacet
facet normal 0.20496184 -0.75560457 0.6221353
 outer loop
  vertex 4.5366135 -0.46753073 1.1749362
  vertex 4.6376877 -0.45081377 1.1619407
  vertex 4.536598 -0.45458603 1.190663
 endloop
endfacet
facet normal 0.15348172 -0.76287246 0.62806755
 outer loop
  vertex 4.5366135 -0.46753073 1.1749362
  vertex 4.536598 -0.45458603 1.190663
  vertex 4.434416 -0.46987486 1.1970631
 endloop
endfacet
facet normal 0.15488823 -0.78301233 0.60241276
 outer loop
  vertex 4.434416 -0.46987486 1.1970631
  vertex 4.536598 -0.45458603 1.190663
  vertex 4.434332 -0.45727015 1.2134682
 endloop
endfacet
facet normal 0.09108744 -0.78944325 0.60702753
 outer loop
  vertex 4.434416 -0.46987486 1.1970631
  vertex 4.434332 -0.45727015 1.2134682
  vertex 4.2246227 -0.45965338 1.2418367
 endloop
endfacet
facet normal 0.09093351 -0.7903959 0.60580957
 outer loop
  vertex 4.2246227 -0.45965338 1.2418367
  vertex 4.434332 -0.45727015 1.2134682
  vertex 4.2243357 -0.44681883 1.2586249
 endloop
endfacet
facet normal 0.018937804 -0.79413944 0.6074405
 outer loop
  vertex 4.2246227 -0.45965338 1.2418367
  vertex 4.2243357 -0.44681883 1.2586249
  vertex 4.0044174 -0.44659948 1.2657679
 endloop
endfacet
facet normal -0.21476571 -0.022121496 0.976415
 outer loop
  vertex 2.9424496 -0.0015788078 1.3195726
  vertex 2.4583864 -0.0015788078 1.2131013
  vertex 2.2376308 -0.08037567 1.1627601
 endloop
endfacet
facet normal -0.21403064 -0.02425164 0.97652584
 outer loop
  vertex 2.2376308 -0.08037567 1.1627601
  vertex 2.4583864 -0.0015788078 1.2131013
  vertex 2.2527971 -0.0015788078 1.1680411
 endloop
endfacet
facet normal -0.19120313 -0.02895348 0.9811233
 outer loop
  vertex 2.2376308 -0.08037567 1.1627601
  vertex 2.2527971 -0.0015788078 1.1680411
  vertex 1.419673 -0.07418156 1.0035378
 endloop
endfacet
facet normal -0.1976271 0.049514547 0.9790259
 outer loop
  vertex 1.419673 -0.07418156 1.0035378
  vertex 2.2527971 -0.0015788078 1.1680411
  vertex 1.6116495 -0.0015788078 1.0386184
 endloop
endfacet
facet normal -0.15393695 -0.069213666 0.9856535
 outer loop
  vertex 1.419673 -0.07418156 1.0035378
  vertex 1.6116495 -0.0015788078 1.0386184
  vertex 0.9615383 -0.0707798 0.9322263
 endloop
endfacet
facet normal -0.15997547 -0.014575304 0.98701334
 outer loop
  vertex 1.6116495 -0.0015788078 1.0386184
  vertex 0.9754257 -0.0015788078 0.9354991
  vertex 0.9615383 -0.0707798 0.9322263
 endloop
endfacet
facet normal -0.13381775 -0.020003965 0.990804
 outer loop
  vertex 0.9615383 -0.0707798 0.9322263
  vertex 0.9754257 -0.0015788078 0.9354991
  vertex 0.8742256 -0.0015788078 0.921831
 endloop
endfacet
facet normal -0.15348253 -0.20581546 0.9664797
 outer loop
  vertex 1.4039097 -0.14829826 0.9889909
  vertex 0.95459557 -0.10619879 0.9266025
  vertex 0.94765186 -0.14162445 0.91795576
 endloop
endfacet
facet normal -0.15356527 -0.11975881 0.98085445
 outer loop
  vertex 0.9615383 -0.0707798 0.9322263
  vertex 1.4117908 -0.11125183 0.9977776
  vertex 1.419673 -0.07418156 1.0035378
 endloop
endfacet
facet normal -0.18658243 -0.11198967 0.97603554
 outer loop
  vertex 1.419673 -0.07418156 1.0035378
  vertex 1.4117908 -0.11125183 0.9977776
  vertex 2.2224636 -0.16028404 1.1471227
 endloop
endfacet
facet normal -0.18992263 -0.15371172 0.9696917
 outer loop
  vertex 1.419673 -0.07418156 1.0035378
  vertex 2.2224636 -0.16028404 1.1471227
  vertex 2.2376308 -0.08037567 1.1627601
 endloop
endfacet
facet normal -0.20962395 -0.1493114 0.9663146
 outer loop
  vertex 2.2376308 -0.08037567 1.1627601
  vertex 2.2224636 -0.16028404 1.1471227
  vertex 2.932004 -0.085244656 1.3126391
 endloop
endfacet
facet normal -0.21104024 -0.05452997 0.9759552
 outer loop
  vertex 2.2376308 -0.08037567 1.1627601
  vertex 2.932004 -0.085244656 1.3126391
  vertex 2.9424496 -0.0015788078 1.3195726
 endloop
endfacet
facet normal -0.19416736 -0.056915045 0.97931594
 outer loop
  vertex 2.9424496 -0.0015788078 1.3195726
  vertex 2.932004 -0.085244656 1.3126391
  vertex 3.275257 -0.0015788078 1.3855578
 endloop
endfacet
facet normal -0.19359246 -0.43655634 0.8786015
 outer loop
  vertex 2.9058924 -0.28950024 1.2465876
  vertex 2.9111147 -0.25107908 1.2668289
  vertex 2.2072973 -0.23777676 1.1183583
 endloop
endfacet
facet normal -0.19977412 -0.3484213 0.9158018
 outer loop
  vertex 2.2072973 -0.23777676 1.1183583
  vertex 2.9111147 -0.25107908 1.2668289
  vertex 2.214881 -0.199615 1.1345314
 endloop
endfacet
facet normal -0.18301287 -0.35256383 0.9177172
 outer loop
  vertex 2.2072973 -0.23777676 1.1183583
  vertex 2.214881 -0.199615 1.1345314
  vertex 1.3960276 -0.1848321 0.97691333
 endloop
endfacet
facet normal -0.18662883 -0.27183288 0.9440744
 outer loop
  vertex 1.3960276 -0.1848321 0.97691333
  vertex 2.214881 -0.199615 1.1345314
  vertex 1.4039097 -0.14829826 0.9889909
 endloop
endfacet
facet normal -0.15254915 -0.28038058 0.94768953
 outer loop
  vertex 1.3960276 -0.1848321 0.97691333
  vertex 1.4039097 -0.14829826 0.9889909
  vertex 0.94070816 -0.17656946 0.90606534
 endloop
endfacet
facet normal -0.15132341 -0.2913338 0.94457716
 outer loop
  vertex 0.94070816 -0.17656946 0.90606534
  vertex 1.4039097 -0.14829826 0.9889909
  vertex 0.94765186 -0.14162445 0.91795576
 endloop
endfacet
facet normal -0.14517462 -0.47260943 0.8692322
 outer loop
  vertex 0.93376446 -0.21044874 0.8908113
  vertex 0.92682076 -0.24264145 0.87214816
  vertex 1.3881454 -0.2202549 0.96136796
 endloop
endfacet
facet normal -0.14671169 -0.46218362 0.87456393
 outer loop
  vertex 1.3881454 -0.2202549 0.96136796
  vertex 0.92682076 -0.24264145 0.87214816
  vertex 1.3802633 -0.25392485 0.94225204
 endloop
endfacet
facet normal -0.1775351 -0.45412108 0.8730724
 outer loop
  vertex 1.3881454 -0.2202549 0.96136796
  vertex 1.3802633 -0.25392485 0.94225204
  vertex 2.1997147 -0.27411032 1.0983843
 endloop
endfacet
facet normal -0.170078 -0.5427837 0.82247144
 outer loop
  vertex 2.1997147 -0.27411032 1.0983843
  vertex 1.3802633 -0.25392485 0.94225204
  vertex 2.192131 -0.3078475 1.0745515
 endloop
endfacet
facet normal -0.18470848 -0.539016 0.82179356
 outer loop
  vertex 2.1997147 -0.27411032 1.0983843
  vertex 2.192131 -0.3078475 1.0745515
  vertex 2.90067 -0.32534695 1.2223266
 endloop
endfacet
facet normal -0.17334521 -0.63065207 0.75645846
 outer loop
  vertex 2.90067 -0.32534695 1.2223266
  vertex 2.192131 -0.3078475 1.0745515
  vertex 2.8954477 -0.35783386 1.1940459
 endloop
endfacet
facet normal -0.15836787 -0.6337003 0.75719446
 outer loop
  vertex 2.90067 -0.32534695 1.2223266
  vertex 2.8954477 -0.35783386 1.1940459
  vertex 3.2147732 -0.3314786 1.28289
 endloop
endfacet
facet normal -0.16134289 -0.6236194 0.7648969
 outer loop
  vertex 3.2147732 -0.3314786 1.28289
  vertex 2.8954477 -0.35783386 1.1940459
  vertex 3.2112665 -0.364913 1.2548913
 endloop
endfacet
facet normal -0.13110271 -0.62837255 0.7667855
 outer loop
  vertex 3.2147732 -0.3314786 1.28289
  vertex 3.2112665 -0.364913 1.2548913
  vertex 3.5032215 -0.3355112 1.3289033
 endloop
endfacet
facet normal -0.13608961 -0.6112449 0.77965325
 outer loop
  vertex 3.5032215 -0.3355112 1.3289033
  vertex 3.2112665 -0.364913 1.2548913
  vertex 3.5016985 -0.36980534 1.301751
 endloop
endfacet
facet normal -0.08979795 -0.6157799 0.78278446
 outer loop
  vertex 3.5032215 -0.3355112 1.3289033
  vertex 3.5016985 -0.36980534 1.301751
  vertex 3.7659197 -0.33718157 1.357725
 endloop
endfacet
facet normal -0.096002474 -0.5935006 0.7990872
 outer loop
  vertex 3.7659197 -0.33718157 1.357725
  vertex 3.5016985 -0.36980534 1.301751
  vertex 3.766428 -0.37223482 1.3317512
 endloop
endfacet
facet normal -0.036653854 -0.59529525 0.80267054
 outer loop
  vertex 3.7659197 -0.33718157 1.357725
  vertex 3.766428 -0.37223482 1.3317512
  vertex 4.0017643 -0.35451698 1.3556381
 endloop
endfacet
facet normal -0.03718954 -0.59171253 0.80529076
 outer loop
  vertex 4.0017643 -0.35451698 1.3556381
  vertex 3.766428 -0.37223482 1.3317512
  vertex 4.002207 -0.37201262 1.3428031
 endloop
endfacet
facet normal 0.052945927 -0.5898098 0.80580467
 outer loop
  vertex 4.0017643 -0.35451698 1.3556381
  vertex 4.002207 -0.37201262 1.3428031
  vertex 4.2229004 -0.3690977 1.3304359
 endloop
endfacet
facet normal -0.15396325 -0.12543763 0.98008204
 outer loop
  vertex 0.9615383 -0.0707798 0.9322263
  vertex 0.95459557 -0.10619879 0.9266025
  vertex 1.4117908 -0.11125183 0.9977776
 endloop
endfacet
facet normal -0.1529329 -0.19714433 0.96837264
 outer loop
  vertex 1.4117908 -0.11125183 0.9977776
  vertex 0.95459557 -0.10619879 0.9266025
  vertex 1.4039097 -0.14829826 0.9889909
 endloop
endfacet
facet normal -0.18893975 -0.18838756 0.96374893
 outer loop
  vertex 1.4117908 -0.11125183 0.9977776
  vertex 1.4039097 -0.14829826 0.9889909
  vertex 2.2224636 -0.16028404 1.1471227
 endloop
endfacet
facet normal -0.18656912 -0.26673487 0.94553924
 outer loop
  vertex 2.2224636 -0.16028404 1.1471227
  vertex 1.4039097 -0.14829826 0.9889909
  vertex 2.214881 -0.199615 1.1345314
 endloop
endfacet
facet normal -0.20411532 -0.26256424 0.9430784
 outer loop
  vertex 2.2224636 -0.16028404 1.1471227
  vertex 2.214881 -0.199615 1.1345314
  vertex 2.916337 -0.21085644 1.2832214
 endloop
endfacet
facet normal -0.19977248 -0.34744304 0.91617376
 outer loop
  vertex 2.916337 -0.21085644 1.2832214
  vertex 2.214881 -0.199615 1.1345314
  vertex 2.9111147 -0.25107908 1.2668289
 endloop
endfacet
facet normal -0.18240489 -0.3506716 0.91856295
 outer loop
  vertex 2.916337 -0.21085644 1.2832214
  vertex 2.9111147 -0.25107908 1.2668289
  vertex 3.2217855 -0.25561094 1.3267907
 endloop
endfacet
facet normal -0.17636938 -0.43992215 0.8805466
 outer loop
  vertex 3.2217855 -0.25561094 1.3267907
  vertex 2.9111147 -0.25107908 1.2668289
  vertex 2.9058924 -0.28950024 1.2465876
 endloop
endfacet
facet normal -0.1777047 -0.43390065 0.8832617
 outer loop
  vertex 3.2217855 -0.25561094 1.3267907
  vertex 2.9058924 -0.28950024 1.2465876
  vertex 3.218279 -0.29478836 1.3068393
 endloop
endfacet
facet normal -0.035601325 -0.6343029 0.7722645
 outer loop
  vertex 3.766428 -0.37223482 1.3317512
  vertex 4.0026484 -0.38874388 1.3290812
  vertex 4.002207 -0.37201262 1.3428031
 endloop
endfacet
facet normal 0.046987385 -0.6327013 0.7729692
 outer loop
  vertex 4.002207 -0.37201262 1.3428031
  vertex 4.0026484 -0.38874388 1.3290812
  vertex 4.2231874 -0.38621283 1.3177468
 endloop
endfacet
facet normal 0.05282424 -0.5941651 0.8026067
 outer loop
  vertex 4.002207 -0.37201262 1.3428031
  vertex 4.2231874 -0.38621283 1.3177468
  vertex 4.2229004 -0.3690977 1.3304359
 endloop
endfacet
facet normal 0.1473124 -0.58747524 0.795721
 outer loop
  vertex 4.2229004 -0.3690977 1.3304359
  vertex 4.2231874 -0.38621283 1.3177468
  vertex 4.4339104 -0.3808198 1.2827171
 endloop
endfacet
facet normal 0.15684432 -0.5407934 0.8264033
 outer loop
  vertex 4.2229004 -0.3690977 1.3304359
  vertex 4.4339104 -0.3808198 1.2827171
  vertex 4.4338264 -0.36346245 1.2940916
 endloop
endfacet
facet normal 0.25702956 -0.52882355 0.80887663
 outer loop
  vertex 4.4338264 -0.36346245 1.2940916
  vertex 4.4339104 -0.3808198 1.2827171
  vertex 4.637748 -0.3724804 1.2233976
 endloop
endfacet
facet normal 0.2693947 -0.47508225 0.83768934
 outer loop
  vertex 4.4338264 -0.36346245 1.2940916
  vertex 4.637748 -0.3724804 1.2233976
  vertex 4.63776 -0.35507965 1.2332622
 endloop
endfacet
facet normal 0.36434814 -0.45946693 0.81002504
 outer loop
  vertex 4.63776 -0.35507965 1.2332622
  vertex 4.637748 -0.3724804 1.2233976
  vertex 4.8374977 -0.34394264 1.1497377
 endloop
endfacet
facet normal 0.36931434 -0.42481694 0.82652134
 outer loop
  vertex 4.63776 -0.35507965 1.2332622
  vertex 4.8374977 -0.34394264 1.1497377
  vertex 4.6377716 -0.3372693 1.2424113
 endloop
endfacet
facet normal 0.38215798 -0.36313102 0.8497595
 outer loop
  vertex 4.6377716 -0.3372693 1.2424113
  vertex 4.8374977 -0.34394264 1.1497377
  vertex 4.837432 -0.30863523 1.1648554
 endloop
endfacet
facet normal 0.38144672 -0.39086762 0.8376879
 outer loop
  vertex 4.6377716 -0.3372693 1.2424113
  vertex 4.837432 -0.30863523 1.1648554
  vertex 4.637783 -0.3190999 1.2508839
 endloop
endfacet
facet normal 0.3865054 -0.34614107 0.8548684
 outer loop
  vertex 4.637783 -0.3190999 1.2508839
  vertex 4.837432 -0.30863523 1.1648554
  vertex 4.637808 -0.28187084 1.265947
 endloop
endfacet
facet normal 0.31852758 -0.35571384 0.8786398
 outer loop
  vertex 4.637783 -0.3190999 1.2508839
  vertex 4.637808 -0.28187084 1.265947
  vertex 4.536484 -0.32346725 1.2858392
 endloop
endfacet
facet normal 0.3250362 -0.3769841 0.8673145
 outer loop
  vertex 4.536484 -0.32346725 1.2858392
  vertex 4.637808 -0.28187084 1.265947
  vertex 4.536455 -0.28589296 1.3021818
 endloop
endfacet
facet normal 0.26117605 -0.38483825 0.88526076
 outer loop
  vertex 4.536484 -0.32346725 1.2858392
  vertex 4.536455 -0.28589296 1.3021818
  vertex 4.4336576 -0.32724524 1.3145334
 endloop
endfacet
facet normal 0.2677012 -0.40424383 0.87459874
 outer loop
  vertex 4.4336576 -0.32724524 1.3145334
  vertex 4.536455 -0.28589296 1.3021818
  vertex 4.433489 -0.2894106 1.3320724
 endloop
endfacet
facet normal 0.17523445 -0.41342607 0.89351654
 outer loop
  vertex 4.4336576 -0.32724524 1.3145334
  vertex 4.433489 -0.2894106 1.3320724
  vertex 4.2223263 -0.33300734 1.3533131
 endloop
endfacet
facet normal 0.18058221 -0.4480721 0.87556916
 outer loop
  vertex 4.2223263 -0.33300734 1.3533131
  vertex 4.433489 -0.2894106 1.3320724
  vertex 4.221752 -0.2948923 1.3729368
 endloop
endfacet
facet normal 0.06416507 -0.45604166 0.8876423
 outer loop
  vertex 4.2223263 -0.33300734 1.3533131
  vertex 4.221752 -0.2948923 1.3729368
  vertex 4.001322 -0.33633614 1.3675786
 endloop
endfacet
facet normal 0.06974404 -0.48374748 0.8724243
 outer loop
  vertex 4.001322 -0.33633614 1.3675786
  vertex 4.221752 -0.2948923 1.3729368
  vertex 4.0004377 -0.2982297 1.3887788
 endloop
endfacet
facet normal -0.034795076 -0.48648933 0.87299335
 outer loop
  vertex 4.001322 -0.33633614 1.3675786
  vertex 4.0004377 -0.2982297 1.3887788
  vertex 3.7659197 -0.33718157 1.357725
 endloop
endfacet
facet normal -0.030329023 -0.5050555 0.8625539
 outer loop
  vertex 3.7659197 -0.33718157 1.357725
  vertex 4.0004377 -0.2982297 1.3887788
  vertex 3.7654114 -0.2993374 1.3798662
 endloop
endfacet
facet normal -0.09738654 -0.5035581 0.85845506
 outer loop
  vertex 3.7659197 -0.33718157 1.357725
  vertex 3.7654114 -0.2993374 1.3798662
  vertex 3.5032215 -0.3355112 1.3289033
 endloop
endfacet
facet normal -0.09282406 -0.52185434 0.84796923
 outer loop
  vertex 3.5032215 -0.3355112 1.3289033
  vertex 3.7654114 -0.2993374 1.3798662
  vertex 3.5047436 -0.29814816 1.3520638
 endloop
endfacet
facet normal -0.14185704 -0.51735425 0.8439319
 outer loop
  vertex 3.5032215 -0.3355112 1.3289033
  vertex 3.5047436 -0.29814816 1.3520638
  vertex 3.2147732 -0.3314786 1.28289
 endloop
endfacet
facet normal -0.13811861 -0.5320769 0.8353546
 outer loop
  vertex 3.2147732 -0.3314786 1.28289
  vertex 3.5047436 -0.29814816 1.3520638
  vertex 3.218279 -0.29478836 1.3068393
 endloop
endfacet
facet normal -0.17080192 -0.52707565 0.832477
 outer loop
  vertex 3.2147732 -0.3314786 1.28289
  vertex 3.218279 -0.29478836 1.3068393
  vertex 2.90067 -0.32534695 1.2223266
 endloop
endfacet
facet normal -0.168674 -0.5354937 0.82752377
 outer loop
  vertex 2.90067 -0.32534695 1.2223266
  vertex 3.218279 -0.29478836 1.3068393
  vertex 2.9058924 -0.28950024 1.2465876
 endloop
endfacet
facet normal -0.18498288 -0.5321974 0.8261642
 outer loop
  vertex 2.90067 -0.32534695 1.2223266
  vertex 2.9058924 -0.28950024 1.2465876
  vertex 2.1997147 -0.27411032 1.0983843
 endloop
endfacet
facet normal -0.19351108 -0.44131732 0.87623763
 outer loop
  vertex 2.1997147 -0.27411032 1.0983843
  vertex 2.9058924 -0.28950024 1.2465876
  vertex 2.2072973 -0.23777676 1.1183583
 endloop
endfacet
facet normal -0.17770822 -0.44533712 0.8775503
 outer loop
  vertex 2.1997147 -0.27411032 1.0983843
  vertex 2.2072973 -0.23777676 1.1183583
  vertex 1.3881454 -0.2202549 0.96136796
 endloop
endfacet
facet normal -0.18299255 -0.36064485 0.9145758
 outer loop
  vertex 1.3881454 -0.2202549 0.96136796
  vertex 2.2072973 -0.23777676 1.1183583
  vertex 1.3960276 -0.1848321 0.97691333
 endloop
endfacet
facet normal -0.15038279 -0.36903816 0.9171673
 outer loop
  vertex 1.3881454 -0.2202549 0.96136796
  vertex 1.3960276 -0.1848321 0.97691333
  vertex 0.93376446 -0.21044874 0.8908113
 endloop
endfacet
facet normal -0.14892633 -0.38043383 0.9127382
 outer loop
  vertex 0.93376446 -0.21044874 0.8908113
  vertex 1.3960276 -0.1848321 0.97691333
  vertex 0.94070816 -0.17656946 0.90606534
 endloop
endfacet
facet normal -0.13973638 -0.56551266 0.81281555
 outer loop
  vertex 0.92682076 -0.24264145 0.87214816
  vertex 0.91987705 -0.27248144 0.8501934
  vertex 1.3802633 -0.25392485 0.94225204
 endloop
endfacet
facet normal -0.1411209 -0.55746627 0.8181175
 outer loop
  vertex 1.3802633 -0.25392485 0.94225204
  vertex 0.91987705 -0.27248144 0.8501934
  vertex 1.3723812 -0.2851324 0.91962755
 endloop
endfacet
facet normal -0.1697854 -0.54996055 0.81775075
 outer loop
  vertex 1.3802633 -0.25392485 0.94225204
  vertex 1.3723812 -0.2851324 0.91962755
  vertex 2.192131 -0.3078475 1.0745515
 endloop
endfacet
facet normal -0.15956876 -0.64160424 0.7502546
 outer loop
  vertex 2.192131 -0.3078475 1.0745515
  vertex 1.3723812 -0.2851324 0.91962755
  vertex 2.1845474 -0.3382225 1.0469624
 endloop
endfacet
facet normal -0.17281944 -0.6382378 0.7501906
 outer loop
  vertex 2.192131 -0.3078475 1.0745515
  vertex 2.1845474 -0.3382225 1.0469624
  vertex 2.8954477 -0.35783386 1.1940459
 endloop
endfacet
facet normal -0.15869285 -0.72486657 0.6703619
 outer loop
  vertex 2.8954477 -0.35783386 1.1940459
  vertex 2.1845474 -0.3382225 1.0469624
  vertex 2.8902254 -0.3862095 1.1621269
 endloop
endfacet
facet normal -0.1454895 -0.7274807 0.67052567
 outer loop
  vertex 2.8954477 -0.35783386 1.1940459
  vertex 2.8902254 -0.3862095 1.1621269
  vertex 3.2112665 -0.364913 1.2548913
 endloop
endfacet
facet normal -0.1492956 -0.7166926 0.68122125
 outer loop
  vertex 3.2112665 -0.364913 1.2548913
  vertex 2.8902254 -0.3862095 1.1621269
  vertex 3.2077599 -0.39433908 1.2231644
 endloop
endfacet
facet normal -0.122205965 -0.7209252 0.6821528
 outer loop
  vertex 3.2112665 -0.364913 1.2548913
  vertex 3.2077599 -0.39433908 1.2231644
  vertex 3.5016985 -0.36980534 1.301751
 endloop
endfacet
facet normal -0.12842639 -0.70275325 0.699746
 outer loop
  vertex 3.5016985 -0.36980534 1.301751
  vertex 3.2077599 -0.39433908 1.2231644
  vertex 3.5001755 -0.40029573 1.2708501
 endloop
endfacet
facet normal -0.086031355 -0.7070575 0.70190346
 outer loop
  vertex 3.5016985 -0.36980534 1.301751
  vertex 3.5001755 -0.40029573 1.2708501
  vertex 3.766428 -0.37223482 1.3317512
 endloop
endfacet
facet normal -0.09385607 -0.6825265 0.7248093
 outer loop
  vertex 3.766428 -0.37223482 1.3317512
  vertex 3.5001755 -0.40029573 1.2708501
  vertex 3.7669353 -0.4038043 1.3020891
 endloop
endfacet
facet normal -0.03961452 -0.68454903 0.7278896
 outer loop
  vertex 3.766428 -0.37223482 1.3317512
  vertex 3.7669353 -0.4038043 1.3020891
  vertex 4.0026484 -0.38874388 1.3290812
 endloop
endfacet
facet normal -0.04094023 -0.67672193 0.73509943
 outer loop
  vertex 4.0026484 -0.38874388 1.3290812
  vertex 3.7669353 -0.4038043 1.3020891
  vertex 4.00309 -0.40463114 1.3144802
 endloop
endfacet
facet normal 0.04048845 -0.6755076 0.73624057
 outer loop
  vertex 4.0026484 -0.38874388 1.3290812
  vertex 4.00309 -0.40463114 1.3144802
  vertex 4.2234745 -0.40261316 1.304212
 endloop
endfacet
facet normal 0.040457293 -0.67643607 0.7353893
 outer loop
  vertex 4.2234745 -0.40261316 1.304212
  vertex 4.00309 -0.40463114 1.3144802
  vertex 4.2237616 -0.41822767 1.2898334
 endloop
endfacet
facet normal 0.12661992 -0.6706805 0.73085916
 outer loop
  vertex 4.2234745 -0.40261316 1.304212
  vertex 4.2237616 -0.41822767 1.2898334
  vertex 4.434079 -0.4137144 1.257538
 endloop
endfacet
facet normal 0.12749998 -0.6630239 0.7376606
 outer loop
  vertex 4.434079 -0.4137144 1.257538
  vertex 4.2237616 -0.41822767 1.2898334
  vertex 4.434164 -0.42909336 1.2437004
 endloop
endfacet
facet normal 0.20059693 -0.65466416 0.728818
 outer loop
  vertex 4.434079 -0.4137144 1.257538
  vertex 4.434164 -0.42909336 1.2437004
  vertex 4.5365562 -0.41020632 1.2324837
 endloop
endfacet
facet normal -0.122612156 -0.74312854 0.65781945
 outer loop
  vertex 0.91293335 -0.29932785 0.82517874
  vertex 0.90598965 -0.32262564 0.79756534
  vertex 1.3645 -0.31318712 0.89369047
 endloop
endfacet
facet normal -0.123017155 -0.7414898 0.65959036
 outer loop
  vertex 1.3645 -0.31318712 0.89369047
  vertex 0.90598965 -0.32262564 0.79756534
  vertex 1.3566179 -0.33748102 0.86491
 endloop
endfacet
facet normal -0.14609915 -0.73587275 0.6611704
 outer loop
  vertex 1.3645 -0.31318712 0.89369047
  vertex 1.3566179 -0.33748102 0.86491
  vertex 2.1769638 -0.36453533 1.0160712
 endloop
endfacet
facet normal -0.1301248 -0.8184113 0.55970573
 outer loop
  vertex 2.1769638 -0.36453533 1.0160712
  vertex 1.3566179 -0.33748102 0.86491
  vertex 2.1693811 -0.38627434 0.9825212
 endloop
endfacet
facet normal -0.14026277 -0.8161626 0.56053996
 outer loop
  vertex 2.1769638 -0.36453533 1.0160712
  vertex 2.1693811 -0.38627434 0.9825212
  vertex 2.885003 -0.4099145 1.127169
 endloop
endfacet
facet normal -0.12301878 -0.87652975 0.46536225
 outer loop
  vertex 2.885003 -0.4099145 1.127169
  vertex 2.1693811 -0.38627434 0.9825212
  vertex 2.8797808 -0.42884016 1.0901412
 endloop
endfacet
facet normal -0.114422455 -0.8779509 0.46487612
 outer loop
  vertex 2.885003 -0.4099145 1.127169
  vertex 2.8797808 -0.42884016 1.0901412
  vertex 3.2042532 -0.41918087 1.1882476
 endloop
endfacet
facet normal -0.11951316 -0.8686488 0.480797
 outer loop
  vertex 3.2042532 -0.41918087 1.1882476
  vertex 2.8797808 -0.42884016 1.0901412
  vertex 3.2007465 -0.43928766 1.1510493
 endloop
endfacet
facet normal -0.10033601 -0.8712838 0.48041347
 outer loop
  vertex 3.2042532 -0.41918087 1.1882476
  vertex 3.2007465 -0.43928766 1.1510493
  vertex 3.4986534 -0.4263978 1.2366453
 endloop
endfacet
facet normal -0.110876344 -0.82039356 0.5609465
 outer loop
  vertex 0.90598965 -0.32262564 0.79756534
  vertex 0.89904594 -0.34195328 0.76792586
  vertex 1.3566179 -0.33748102 0.86491
 endloop
endfacet
facet normal -0.1106276 -0.82120275 0.5598102
 outer loop
  vertex 1.3566179 -0.33748102 0.86491
  vertex 0.89904594 -0.34195328 0.76792586
  vertex 1.3487358 -0.3575611 0.8338963
 endloop
endfacet
facet normal -0.13035825 -0.81681246 0.5619823
 outer loop
  vertex 1.3566179 -0.33748102 0.86491
  vertex 1.3487358 -0.3575611 0.8338963
  vertex 2.1693811 -0.38627434 0.9825212
 endloop
endfacet
facet normal -0.11296571 -0.8843785 0.45289457
 outer loop
  vertex 2.1693811 -0.38627434 0.9825212
  vertex 1.3487358 -0.3575611 0.8338963
  vertex 2.1617975 -0.40335512 0.9472755
 endloop
endfacet
facet normal -0.12165791 -0.88268554 0.45394439
 outer loop
  vertex 2.1693811 -0.38627434 0.9825212
  vertex 2.1617975 -0.40335512 0.9472755
  vertex 2.8797808 -0.42884016 1.0901412
 endloop
endfacet
facet normal -0.105119996 -0.9257843 0.36314356
 outer loop
  vertex 2.8797808 -0.42884016 1.0901412
  vertex 2.1617975 -0.40335512 0.9472755
  vertex 2.8745575 -0.44319153 1.0520424
 endloop
endfacet
facet normal -0.09897788 -0.9266614 0.36263198
 outer loop
  vertex 2.8797808 -0.42884016 1.0901412
  vertex 2.8745575 -0.44319153 1.0520424
  vertex 3.2007465 -0.43928766 1.1510493
 endloop
endfacet
facet normal -0.09613916 -0.93185717 0.34985623
 outer loop
  vertex 2.1542149 -0.4159956 0.91131794
  vertex 1.3408537 -0.3733163 0.80148757
  vertex 1.3329716 -0.38487434 0.7685362
 endloop
endfacet
facet normal -0.08598182 -0.9335374 0.3480159
 outer loop
  vertex 1.3329716 -0.38487434 0.7685362
  vertex 1.3408537 -0.3733163 0.80148757
  vertex 1.2335768 -0.38035107 0.75611293
 endloop
endfacet
facet normal -0.07889783 -0.9558003 0.28323314
 outer loop
  vertex 1.3329716 -0.38487434 0.7685362
  vertex 1.2335768 -0.38035107 0.75611293
  vertex 1.3300552 -0.3875141 0.75881565
 endloop
endfacet
facet normal -0.0870806 -0.879583 0.46770802
 outer loop
  vertex 0.9122219 -0.35551357 0.7448772
  vertex 0.938159 -0.35753918 0.74589694
  vertex 0.89904594 -0.34195328 0.76792586
 endloop
endfacet
facet normal -0.08678701 -0.8794025 0.46810162
 outer loop
  vertex 0.89904594 -0.34195328 0.76792586
  vertex 0.938159 -0.35753918 0.74589694
  vertex 0.96393967 -0.35955334 0.7468928
 endloop
endfacet
facet normal -0.096414916 -0.88942987 0.44678712
 outer loop
  vertex 0.89904594 -0.34195328 0.76792586
  vertex 0.96393967 -0.35955334 0.7468928
  vertex 1.3487358 -0.3575611 0.8338963
 endloop
endfacet
facet normal -0.09813599 -0.8854232 0.45430735
 outer loop
  vertex 1.3487358 -0.3575611 0.8338963
  vertex 0.96393967 -0.35955334 0.7468928
  vertex 1.3408537 -0.3733163 0.80148757
 endloop
endfacet
facet normal -0.11336782 -0.88243943 0.45656136
 outer loop
  vertex 1.3487358 -0.3575611 0.8338963
  vertex 1.3408537 -0.3733163 0.80148757
  vertex 2.1617975 -0.40335512 0.9472755
 endloop
endfacet
facet normal -0.09593278 -0.93255156 0.348058
 outer loop
  vertex 2.1617975 -0.40335512 0.9472755
  vertex 1.3408537 -0.3733163 0.80148757
  vertex 2.1542149 -0.4159956 0.91131794
 endloop
endfacet
facet normal -0.10338013 -0.9313286 0.34919855
 outer loop
  vertex 2.1617975 -0.40335512 0.9472755
  vertex 2.1542149 -0.4159956 0.91131794
  vertex 2.8745575 -0.44319153 1.0520424
 endloop
endfacet
facet normal -0.0899255 -0.95713174 0.27534017
 outer loop
  vertex 2.8745575 -0.44319153 1.0520424
  vertex 2.1542149 -0.4159956 0.91131794
  vertex 2.8693352 -0.45370865 1.0137774
 endloop
endfacet
facet normal -0.077177666 -0.9560717 0.2827908
 outer loop
  vertex 1.3300552 -0.3875141 0.75881565
  vertex 1.3398438 -0.3882289 0.7590705
  vertex 1.3329716 -0.38487434 0.7685362
 endloop
endfacet
facet normal -0.074188925 -0.9557029 0.28482994
 outer loop
  vertex 1.3329716 -0.38487434 0.7685362
  vertex 1.3398438 -0.3882289 0.7590705
  vertex 1.4929905 -0.39908934 0.7625197
 endloop
endfacet
facet normal -0.07732544 -0.96928024 0.23348774
 outer loop
  vertex 1.3329716 -0.38487434 0.7685362
  vertex 1.4929905 -0.39908934 0.7625197
  vertex 2.1542149 -0.4159956 0.91131794
 endloop
endfacet
facet normal -0.08258098 -0.9627197 0.25758758
 outer loop
  vertex 2.1542149 -0.4159956 0.91131794
  vertex 1.4929905 -0.39908934 0.7625197
  vertex 2.1466312 -0.42492056 0.8755301
 endloop
endfacet
facet normal -0.08777171 -0.9620125 0.25851116
 outer loop
  vertex 2.1542149 -0.4159956 0.91131794
  vertex 2.1466312 -0.42492056 0.8755301
  vertex 2.8693352 -0.45370865 1.0137774
 endloop
endfacet
facet normal -0.06978246 -0.9846883 0.15974829
 outer loop
  vertex 2.8693352 -0.45370865 1.0137774
  vertex 2.1466312 -0.42492056 0.8755301
  vertex 2.131465 -0.4350047 0.80674636
 endloop
endfacet
facet normal -0.07562227 -0.98058385 0.18093248
 outer loop
  vertex 2.8693352 -0.45370865 1.0137774
  vertex 2.131465 -0.4350047 0.80674636
  vertex 2.8588905 -0.46668386 0.9390913
 endloop
endfacet
facet normal -0.07535907 -0.98088294 0.17941427
 outer loop
  vertex 2.8588905 -0.46668386 0.9390913
  vertex 2.131465 -0.4350047 0.80674636
  vertex 2.1968584 -0.45444727 0.72791827
 endloop
endfacet
facet normal -0.08090266 -0.9770567 0.19701524
 outer loop
  vertex 2.8588905 -0.46668386 0.9390913
  vertex 2.1968584 -0.45444727 0.72791827
  vertex 2.8380013 -0.48916817 0.81900704
 endloop
endfacet
facet normal -0.08028482 -0.97804874 0.19228831
 outer loop
  vertex 2.8380013 -0.48916817 0.81900704
  vertex 2.1968584 -0.45444727 0.72791827
  vertex 2.5719395 -0.4893961 0.70676076
 endloop
endfacet
facet normal -0.06913505 -0.9837211 0.1658711
 outer loop
  vertex 2.8380013 -0.48916817 0.81900704
  vertex 2.5719395 -0.4893961 0.70676076
  vertex 2.817112 -0.5066991 0.7063309
 endloop
endfacet
facet normal -0.0680789 -0.97039247 0.23174062
 outer loop
  vertex 2.817112 -0.5066991 0.7063309
  vertex 2.5719395 -0.4893961 0.70676076
  vertex 2.6263905 -0.4937544 0.704507
 endloop
endfacet
facet normal -0.06716023 -0.99650586 -0.04965536
 outer loop
  vertex 2.817112 -0.5066991 0.7063309
  vertex 2.6263905 -0.4937544 0.704507
  vertex 3.0208063 -0.5196252 0.6902355
 endloop
endfacet
facet normal -0.13223372 -0.6571972 0.7420285
 outer loop
  vertex 0.91987705 -0.27248144 0.8501934
  vertex 0.91293335 -0.29932785 0.82517874
  vertex 1.3723812 -0.2851324 0.91962755
 endloop
endfacet
facet normal -0.13322127 -0.6523635 0.7461059
 outer loop
  vertex 1.3723812 -0.2851324 0.91962755
  vertex 0.91293335 -0.29932785 0.82517874
  vertex 1.3645 -0.31318712 0.89369047
 endloop
endfacet
facet normal -0.15929456 -0.6456846 0.7468043
 outer loop
  vertex 1.3723812 -0.2851324 0.91962755
  vertex 1.3645 -0.31318712 0.89369047
  vertex 2.1845474 -0.3382225 1.0469624
 endloop
endfacet
facet normal -0.14617845 -0.73508686 0.6620265
 outer loop
  vertex 2.1845474 -0.3382225 1.0469624
  vertex 1.3645 -0.31318712 0.89369047
  vertex 2.1769638 -0.36453533 1.0160712
 endloop
endfacet
facet normal -0.15790881 -0.73224306 0.6624839
 outer loop
  vertex 2.1845474 -0.3382225 1.0469624
  vertex 2.1769638 -0.36453533 1.0160712
  vertex 2.8902254 -0.3862095 1.1621269
 endloop
endfacet
facet normal -0.14131132 -0.80941737 0.56997776
 outer loop
  vertex 2.8902254 -0.3862095 1.1621269
  vertex 2.1769638 -0.36453533 1.0160712
  vertex 2.885003 -0.4099145 1.127169
 endloop
endfacet
facet normal -0.13028674 -0.8114524 0.56971073
 outer loop
  vertex 2.8902254 -0.3862095 1.1621269
  vertex 2.885003 -0.4099145 1.127169
  vertex 3.2077599 -0.39433908 1.2231644
 endloop
endfacet
facet normal -0.1348572 -0.8009321 0.5833707
 outer loop
  vertex 3.2077599 -0.39433908 1.2231644
  vertex 2.885003 -0.4099145 1.127169
  vertex 3.2042532 -0.41918087 1.1882476
 endloop
endfacet
facet normal -0.111541316 -0.8044128 0.5835054
 outer loop
  vertex 3.2077599 -0.39433908 1.2231644
  vertex 3.2042532 -0.41918087 1.1882476
  vertex 3.5001755 -0.40029573 1.2708501
 endloop
endfacet
facet normal -0.11885871 -0.7867753 0.60568744
 outer loop
  vertex 3.5001755 -0.40029573 1.2708501
  vertex 3.2042532 -0.41918087 1.1882476
  vertex 3.4986534 -0.4263978 1.2366453
 endloop
endfacet
facet normal -0.0869704 -0.7900861 0.60679495
 outer loop
  vertex 3.5001755 -0.40029573 1.2708501
  vertex 3.4986534 -0.4263978 1.2366453
  vertex 3.767189 -0.41808462 1.2859582
 endloop
endfacet
facet normal -0.088229395 -0.7852672 0.6128385
 outer loop
  vertex 3.767189 -0.41808462 1.2859582
  vertex 3.4986534 -0.4263978 1.2366453
  vertex 3.7674437 -0.4313035 1.2690567
 endloop
endfacet
facet normal -0.043342438 -0.78727096 0.615082
 outer loop
  vertex 3.767189 -0.41808462 1.2859582
  vertex 3.7674437 -0.4313035 1.2690567
  vertex 4.003975 -0.43361092 1.2827708
 endloop
endfacet
facet normal 0.4432545 0.00012372996 0.8963958
 outer loop
  vertex 5.4922028 -0.0015788078 0.8931078
  vertex 5.1548996 -0.0015788078 1.0598992
  vertex 5.6274014 -0.06510973 0.82626283
 endloop
endfacet
facet normal 0.44107693 -0.019259518 0.89726263
 outer loop
  vertex 5.6274014 -0.06510973 0.82626283
  vertex 5.1548996 -0.0015788078 1.0598992
  vertex 4.8370333 -0.081364155 1.2144436
 endloop
endfacet
facet normal 0.44093424 -0.06882829 0.89489645
 outer loop
  vertex 5.6274014 -0.06510973 0.82626283
  vertex 4.8370333 -0.081364155 1.2144436
  vertex 5.6276884 -0.12759924 0.82131517
 endloop
endfacet
facet normal 0.43747622 -0.10872039 0.8926334
 outer loop
  vertex 5.6276884 -0.12759924 0.82131517
  vertex 4.8370333 -0.081364155 1.2144436
  vertex 4.837166 -0.15938139 1.2048763
 endloop
endfacet
facet normal 0.4369387 -0.13434166 0.8894025
 outer loop
  vertex 5.6276884 -0.12759924 0.82131517
  vertex 4.837166 -0.15938139 1.2048763
  vertex 5.6279755 -0.18869829 0.8119453
 endloop
endfacet
facet normal 0.43136063 -0.18867472 0.88223004
 outer loop
  vertex 5.6279755 -0.18869829 0.8119453
  vertex 4.837166 -0.15938139 1.2048763
  vertex 4.8372993 -0.23532486 1.1885697
 endloop
endfacet
facet normal 0.43090302 -0.2008545 0.87976134
 outer loop
  vertex 5.6279755 -0.18869829 0.8119453
  vertex 4.8372993 -0.23532486 1.1885697
  vertex 5.2340736 -0.28156996 0.98367345
 endloop
endfacet
facet normal 0.41465634 -0.2793907 0.8660259
 outer loop
  vertex 5.2340736 -0.28156996 0.98367345
  vertex 4.8372993 -0.23532486 1.1885697
  vertex 4.837432 -0.30863523 1.1648554
 endloop
endfacet
facet normal 0.41317368 -0.30058503 0.85961396
 outer loop
  vertex 5.2340736 -0.28156996 0.98367345
  vertex 4.837432 -0.30863523 1.1648554
  vertex 5.234229 -0.31430435 0.97215235
 endloop
endfacet
facet normal 0.40348542 -0.35951126 0.8413983
 outer loop
  vertex 5.234229 -0.31430435 0.97215235
  vertex 4.837432 -0.30863523 1.1648554
  vertex 4.8374977 -0.34394264 1.1497377
 endloop
endfacet
facet normal 0.4038343 -0.35583958 0.84279054
 outer loop
  vertex 5.234229 -0.31430435 0.97215235
  vertex 4.8374977 -0.34394264 1.1497377
  vertex 5.036339 -0.36341906 1.0462371
 endloop
endfacet
facet normal 0.38445014 -0.4263148 0.8188124
 outer loop
  vertex 5.036339 -0.36341906 1.0462371
  vertex 4.8374977 -0.34394264 1.1497377
  vertex 4.8375645 -0.3779621 1.1319941
 endloop
endfacet
facet normal 0.3766771 -0.48135588 0.7914613
 outer loop
  vertex 5.036339 -0.36341906 1.0462371
  vertex 4.8375645 -0.3779621 1.1319941
  vertex 4.837598 -0.39435244 1.1220099
 endloop
endfacet
facet normal 0.3512726 -0.4865588 0.7999176
 outer loop
  vertex 4.837598 -0.39435244 1.1220099
  vertex 4.8375645 -0.3779621 1.1319941
  vertex 4.6377354 -0.3894186 1.2127777
 endloop
endfacet
facet normal 0.3375735 -0.5377992 0.77253884
 outer loop
  vertex 4.837598 -0.39435244 1.1220099
  vertex 4.6377354 -0.3894186 1.2127777
  vertex 4.637724 -0.40582323 1.2013627
 endloop
endfacet
facet normal 0.2671508 -0.5505349 0.790912
 outer loop
  vertex 4.637724 -0.40582323 1.2013627
  vertex 4.6377354 -0.3894186 1.2127777
  vertex 4.5365562 -0.41020632 1.2324837
 endloop
endfacet
facet normal 0.25499877 -0.6205508 0.7415473
 outer loop
  vertex 4.637724 -0.40582323 1.2013627
  vertex 4.5365562 -0.41020632 1.2324837
  vertex 4.5365696 -0.4258151 1.2194172
 endloop
endfacet
facet normal 0.19837034 -0.6290432 0.7516341
 outer loop
  vertex 4.5365696 -0.4258151 1.2194172
  vertex 4.5365562 -0.41020632 1.2324837
  vertex 4.434164 -0.42909336 1.2437004
 endloop
endfacet
facet normal 0.18641149 -0.69744664 0.6919674
 outer loop
  vertex 4.5365696 -0.4258151 1.2194172
  vertex 4.434164 -0.42909336 1.2437004
  vertex 4.434248 -0.44364166 1.2290143
 endloop
endfacet
facet normal 0.11601814 -0.705303 0.69934785
 outer loop
  vertex 4.434248 -0.44364166 1.2290143
  vertex 4.434164 -0.42909336 1.2437004
  vertex 4.2240486 -0.43298674 1.2746309
 endloop
endfacet
facet normal 0.10326741 -0.75165653 0.6514202
 outer loop
  vertex 4.434248 -0.44364166 1.2290143
  vertex 4.2240486 -0.43298674 1.2746309
  vertex 4.2243357 -0.44681883 1.2586249
 endloop
endfacet
facet normal 0.026330285 -0.7561227 0.65389997
 outer loop
  vertex 4.2243357 -0.44681883 1.2586249
  vertex 4.2240486 -0.43298674 1.2746309
  vertex 4.003975 -0.43361092 1.2827708
 endloop
endfacet
facet normal 0.018931521 -0.79428405 0.6072515
 outer loop
  vertex 4.2243357 -0.44681883 1.2586249
  vertex 4.003975 -0.43361092 1.2827708
  vertex 4.0044174 -0.44659948 1.2657679
 endloop
endfacet
facet normal -0.04287371 -0.79447144 0.6057862
 outer loop
  vertex 4.0044174 -0.44659948 1.2657679
  vertex 4.003975 -0.43361092 1.2827708
  vertex 3.7674437 -0.4313035 1.2690567
 endloop
endfacet
facet normal -0.045249626 -0.82282996 0.5664832
 outer loop
  vertex 4.0044174 -0.44659948 1.2657679
  vertex 3.7674437 -0.4313035 1.2690567
  vertex 3.7676973 -0.44342613 1.2514685
 endloop
endfacet
facet normal -0.08308229 -0.8210814 0.5647324
 outer loop
  vertex 3.7676973 -0.44342613 1.2514685
  vertex 3.7674437 -0.4313035 1.2690567
  vertex 3.4986534 -0.4263978 1.2366453
 endloop
endfacet
facet normal -0.082222976 -0.858552 0.50609064
 outer loop
  vertex 3.7676973 -0.44342613 1.2514685
  vertex 3.4986534 -0.4263978 1.2366453
  vertex 3.4971304 -0.44789267 1.1999332
 endloop
endfacet
facet normal -0.108247116 -0.8559298 0.505635
 outer loop
  vertex 3.4971304 -0.44789267 1.1999332
  vertex 3.4986534 -0.4263978 1.2366453
  vertex 3.2007465 -0.43928766 1.1510493
 endloop
endfacet
facet normal -0.09317472 -0.90964806 0.40479487
 outer loop
  vertex 3.4971304 -0.44789267 1.1999332
  vertex 3.2007465 -0.43928766 1.1510493
  vertex 3.4956083 -0.4648161 1.1615528
 endloop
endfacet
facet normal -0.09314566 -0.9344399 0.3437238
 outer loop
  vertex 3.4956083 -0.4648161 1.1615528
  vertex 3.2007465 -0.43928766 1.1510493
  vertex 2.8745575 -0.44319153 1.0520424
 endloop
endfacet
facet normal -0.08803318 -0.9458364 0.31247967
 outer loop
  vertex 3.4956083 -0.4648161 1.1615528
  vertex 2.8745575 -0.44319153 1.0520424
  vertex 3.4940853 -0.4776392 1.1223098
 endloop
endfacet
facet normal -0.084421314 -0.9577962 0.27477163
 outer loop
  vertex 3.4940853 -0.4776392 1.1223098
  vertex 2.8745575 -0.44319153 1.0520424
  vertex 2.8693352 -0.45370865 1.0137774
 endloop
endfacet
facet normal -0.077337414 -0.96979195 0.2313493
 outer loop
  vertex 3.4940853 -0.4776392 1.1223098
  vertex 2.8693352 -0.45370865 1.0137774
  vertex 3.4925632 -0.48693132 1.0828494
 endloop
endfacet
facet normal -0.07229715 -0.9809099 0.18052413
 outer loop
  vertex 3.4925632 -0.48693132 1.0828494
  vertex 2.8693352 -0.45370865 1.0137774
  vertex 2.8588905 -0.46668386 0.9390913
 endloop
endfacet
facet normal -0.06914232 -0.98365986 0.16623059
 outer loop
  vertex 3.4925632 -0.48693132 1.0828494
  vertex 2.8588905 -0.46668386 0.9390913
  vertex 3.4910402 -0.4934435 1.0436805
 endloop
endfacet
facet normal -0.073809154 -0.9778367 0.19592735
 outer loop
  vertex 3.4910402 -0.4934435 1.0436805
  vertex 2.8588905 -0.46668386 0.9390913
  vertex 2.8380013 -0.48916817 0.81900704
 endloop
endfacet
facet normal -0.07095218 -0.97968185 0.18758813
 outer loop
  vertex 3.4910402 -0.4934435 1.0436805
  vertex 2.8380013 -0.48916817 0.81900704
  vertex 3.48495 -0.51903486 0.9077257
 endloop
endfacet
facet normal -0.068141855 -0.9838189 0.16570218
 outer loop
  vertex 3.48495 -0.51903486 0.9077257
  vertex 2.8380013 -0.48916817 0.81900704
  vertex 2.817112 -0.5066991 0.7063309
 endloop
endfacet
facet normal -0.06394983 -0.98636407 0.15164527
 outer loop
  vertex 3.48495 -0.51903486 0.9077257
  vertex 2.817112 -0.5066991 0.7063309
  vertex 3.47886 -0.5386224 0.77775204
 endloop
endfacet
facet normal -0.056746673 -0.9950972 0.08100142
 outer loop
  vertex 3.47886 -0.5386224 0.77775204
  vertex 2.817112 -0.5066991 0.7063309
  vertex 3.0208063 -0.5196252 0.6902355
 endloop
endfacet
facet normal -0.047904115 -0.99827206 0.034031074
 outer loop
  vertex 3.47886 -0.5386224 0.77775204
  vertex 3.0208063 -0.5196252 0.6902355
  vertex 3.4735012 -0.542593 0.6537341
 endloop
endfacet
facet normal -0.15982457 0.04580279 0.98608226
 outer loop
  vertex 0.9754257 -0.0015788078 0.9354991
  vertex 1.6116495 -0.0015788078 1.0386184
  vertex 1.4717836 0.071416855 1.0125583
 endloop
endfacet
facet normal -0.19310299 -0.019783406 0.980979
 outer loop
  vertex 1.4717836 0.071416855 1.0125583
  vertex 1.6116495 -0.0015788078 1.0386184
  vertex 2.2777262 0.07751703 1.1713289
 endloop
endfacet
facet normal 0.14316338 0.97950417 0.14168967
 outer loop
  vertex 5.242275 0.46404028 0.8210753
  vertex 5.2423534 0.46644545 0.80436933
  vertex 4.847431 0.5031276 0.9498147
 endloop
endfacet
facet normal 0.23610236 0.8174232 0.52542824
 outer loop
  vertex 4.64839 0.48330832 1.110988
  vertex 4.6484013 0.47252035 1.127766
  vertex 4.8472214 0.46187067 1.0549937
 endloop
endfacet
facet normal 0.2593567 0.5100832 0.82009095
 outer loop
  vertex 4.6484814 0.368793 1.2195369
  vertex 4.64847 0.38573313 1.209004
  vertex 4.4462376 0.39404154 1.267793
 endloop
endfacet
facet normal 0.35553545 0.56770265 0.7425013
 outer loop
  vertex 4.8471155 0.4215865 1.0956818
  vertex 4.84708 0.4064026 1.107308
  vertex 5.0447006 0.39122725 1.0242833
 endloop
endfacet
facet normal 0.3532005 0.63315564 0.6887404
 outer loop
  vertex 5.0448933 0.43390274 0.99011886
  vertex 5.0448284 0.42049217 1.0024804
  vertex 5.2417297 0.40118456 0.91925466
 endloop
endfacet
facet normal 0.3730884 0.6354123 0.67605937
 outer loop
  vertex 5.633564 0.36481714 0.7373289
  vertex 5.6336355 0.37547064 0.72727644
  vertex 5.241885 0.4262166 0.89577186
 endloop
endfacet
facet normal 0.37764847 0.47920418 0.7923035
 outer loop
  vertex 4.847046 0.390563 1.1180524
  vertex 4.8470106 0.37418127 1.1279773
  vertex 5.044572 0.35959673 1.0426315
 endloop
endfacet
facet normal -0.023882272 0.4847337 0.87433565
 outer loop
  vertex 3.7842312 0.29617548 1.3814241
  vertex 4.0165653 0.29490757 1.3884732
  vertex 4.01744 0.33302307 1.3673657
 endloop
endfacet
facet normal 0.29732993 0.35572842 0.88603175
 outer loop
  vertex 4.6485386 0.2782545 1.2617031
  vertex 4.6485157 0.3154416 1.2467808
  vertex 4.44594 0.3236704 1.3114563
 endloop
endfacet
facet normal 0.24158652 0.09451738 0.96576524
 outer loop
  vertex 4.4449005 0.040864468 1.3841892
  vertex 4.4450493 0.08300924 1.3800274
  vertex 4.347274 -0.0015788078 1.4127644
 endloop
endfacet
facet normal 0.35629815 0.801666 0.4799825
 outer loop
  vertex 6.271531 0.28926945 0.41743362
  vertex 6.2688856 0.29028606 0.41769946
  vertex 6.023218 0.3350687 0.5252662
 endloop
endfacet
facet normal 0.21883264 0.9679256 0.12341899
 outer loop
  vertex 6.0234747 0.35120487 0.4592973
  vertex 6.0234146 0.3491845 0.4752487
  vertex 6.0283155 0.350173 0.45880663
 endloop
endfacet
facet normal -0.08691262 0.88450223 0.45836884
 outer loop
  vertex 0.9564667 0.3407712 0.7756313
  vertex 0.94928074 0.35525036 0.7463287
  vertex 0.9459448 0.35498953 0.7461995
 endloop
endfacet
facet normal -0.0870107 0.88447994 0.45839316
 outer loop
  vertex 0.9459448 0.35498953 0.7461995
  vertex 0.91895866 0.3528819 0.7451438
  vertex 0.9564667 0.3407712 0.7756313
 endloop
endfacet
facet normal -0.081922464 0.9392708 0.3332554
 outer loop
  vertex 1.1326761 0.36950827 0.75293577
  vertex 1.3923883 0.37203264 0.8096646
  vertex 1.24154 0.37779236 0.7563487
 endloop
endfacet
facet normal -0.08733919 0.93343574 0.34795082
 outer loop
  vertex 1.24154 0.37779236 0.7563487
  vertex 1.3923883 0.37203264 0.8096646
  vertex 1.384449 0.38364172 0.7765285
 endloop
endfacet
facet normal -0.07848682 0.95726687 0.27835217
 outer loop
  vertex 1.24154 0.37779236 0.7563487
  vertex 1.384449 0.38364172 0.7765285
  vertex 1.3460426 0.38552284 0.7592298
 endloop
endfacet
facet normal -0.07949584 0.9680449 0.23784362
 outer loop
  vertex 2.1877098 0.42339754 0.8831972
  vertex 1.4852648 0.39539862 0.7623731
  vertex 1.384449 0.38364172 0.7765285
 endloop
endfacet
facet normal -0.073959604 0.9598777 0.27048984
 outer loop
  vertex 1.384449 0.38364172 0.7765285
  vertex 1.4852648 0.39539862 0.7623731
  vertex 1.3589125 0.38645697 0.7595557
 endloop
endfacet
facet normal -0.076522835 0.9586401 0.2741411
 outer loop
  vertex 1.384449 0.38364172 0.7765285
  vertex 1.3589125 0.38645697 0.7595557
  vertex 1.3460426 0.38552284 0.7592298
 endloop
endfacet
facet normal -0.058053292 0.9900073 0.12851201
 outer loop
  vertex 1.8395882 0.41836023 0.76474416
  vertex 1.8395567 0.41835833 0.76474464
  vertex 2.1877098 0.42339754 0.8831972
 endloop
endfacet
facet normal -0.058921088 0.9896194 0.13107911
 outer loop
  vertex 1.8395567 0.41835833 0.76474464
  vertex 1.8389597 0.4183221 0.7647499
  vertex 2.1877098 0.42339754 0.8831972
 endloop
endfacet
facet normal -0.059495445 0.98935807 0.13278142
 outer loop
  vertex 2.1877098 0.42339754 0.8831972
  vertex 1.8389597 0.4183221 0.7647499
  vertex 1.8326168 0.4179349 0.7647928
 endloop
endfacet
facet normal -0.06505331 0.9866078 0.14957626
 outer loop
  vertex 2.1877098 0.42339754 0.8831972
  vertex 1.8326168 0.4179349 0.7647928
  vertex 1.4852648 0.39539862 0.7623731
 endloop
endfacet
facet normal -0.07855599 0.98155236 0.17430985
 outer loop
  vertex 2.1727076 0.4336319 0.81407535
  vertex 2.133789 0.44484854 0.73337424
  vertex 1.9895048 0.4306755 0.7481593
 endloop
endfacet
facet normal -0.06529914 0.99786544 0.00080483966
 outer loop
  vertex 2.8504333 0.5053115 0.7104937
  vertex 3.0199947 0.5164237 0.69026506
  vertex 2.6310549 0.4909606 0.7043222
 endloop
endfacet
facet normal -0.03774216 0.998733 0.03328614
 outer loop
  vertex 3.7942963 0.5470214 0.7931181
  vertex 3.4993963 0.5405922 0.65164447
  vertex 3.50449 0.5365124 0.7798327
 endloop
endfacet
facet normal -0.04445418 0.9984481 0.033543777
 outer loop
  vertex 3.50449 0.5365124 0.7798327
  vertex 3.4993963 0.5405922 0.65164447
  vertex 3.2981815 0.5310874 0.66789806
 endloop
endfacet
facet normal -0.049190253 0.9978933 0.04229979
 outer loop
  vertex 3.2981815 0.5310874 0.66789806
  vertex 3.0208063 0.5164676 0.6902355
  vertex 3.50449 0.5365124 0.7798327
 endloop
endfacet
facet normal -0.055249922 0.99561226 0.075522736
 outer loop
  vertex 3.50449 0.5365124 0.7798327
  vertex 3.0208063 0.5164676 0.6902355
  vertex 3.0207653 0.5164652 0.6902369
 endloop
endfacet
facet normal -0.05582113 0.9953368 0.07866828
 outer loop
  vertex 3.50449 0.5365124 0.7798327
  vertex 3.0207653 0.5164652 0.6902369
  vertex 2.8504333 0.5053115 0.7104937
 endloop
endfacet
facet normal -0.04943252 0.9903294 0.12963067
 outer loop
  vertex 2.8504333 0.5053115 0.7104937
  vertex 3.0207653 0.5164652 0.6902369
  vertex 3.020216 0.51643515 0.69025695
 endloop
endfacet
facet normal -0.044933867 0.9853319 0.1646266
 outer loop
  vertex 2.8504333 0.5053115 0.7104937
  vertex 3.020216 0.51643515 0.69025695
  vertex 3.0199947 0.5164237 0.69026506
 endloop
endfacet
facet normal -0.026231052 0.99918 0.030841608
 outer loop
  vertex 4.031431 0.5534506 0.78651583
  vertex 3.797351 0.55220175 0.62788725
  vertex 3.7942963 0.5470214 0.7931181
 endloop
endfacet
facet normal -0.03205572 0.99901366 0.030728707
 outer loop
  vertex 3.7942963 0.5470214 0.7931181
  vertex 3.797351 0.55220175 0.62788725
  vertex 3.795722 0.5521455 0.6280173
 endloop
endfacet
facet normal -0.036497444 0.99886245 0.03068566
 outer loop
  vertex 3.7942963 0.5470214 0.7931181
  vertex 3.795722 0.5521455 0.6280173
  vertex 3.4993963 0.5405922 0.65164447
 endloop
endfacet
facet normal -0.014386608 0.9996131 -0.023804734
 outer loop
  vertex 4.280718 0.5608096 0.5805069
  vertex 3.9449205 0.5568261 0.61617327
  vertex 4.0349293 0.5585203 0.63291895
 endloop
endfacet
facet normal 0.06858296 0.99763966 0.003405605
 outer loop
  vertex 4.810852 0.5380049 0.52515125
  vertex 4.647814 0.54916 0.5406691
  vertex 4.64806 0.54905653 0.56602573
 endloop
endfacet
facet normal 0.05515495 0.9984715 0.003539298
 outer loop
  vertex 4.64806 0.54905653 0.56602573
  vertex 4.647814 0.54916 0.5406691
  vertex 4.6197853 0.55069876 0.5433556
 endloop
endfacet
facet normal 0.04476286 0.99886084 0.016528664
 outer loop
  vertex 4.64806 0.54905653 0.56602573
  vertex 4.6197853 0.55069876 0.5433556
  vertex 4.4489117 0.55748653 0.5959157
 endloop
endfacet
facet normal 0.024301909 0.9984566 -0.04993799
 outer loop
  vertex 4.4489117 0.55748653 0.5959157
  vertex 4.6197853 0.55069876 0.5433556
  vertex 4.280718 0.5608096 0.5805069
 endloop
endfacet
facet normal 0.017590629 0.9995677 0.02355847
 outer loop
  vertex 4.4489117 0.55748653 0.5959157
  vertex 4.280718 0.5608096 0.5805069
  vertex 4.247305 0.56050587 0.61834335
 endloop
endfacet
facet normal -0.009365507 0.9999561 -0.000243077
 outer loop
  vertex 4.247305 0.56050587 0.61834335
  vertex 4.280718 0.5608096 0.5805069
  vertex 4.0349293 0.5585203 0.63291895
 endloop
endfacet
facet normal 0.119961075 0.9911958 0.056037396
 outer loop
  vertex 5.168643 0.4996376 0.4978162
  vertex 4.9442463 0.52590084 0.51364243
  vertex 4.847992 0.5302558 0.64266634
 endloop
endfacet
facet normal 0.15076685 0.9870513 0.054764222
 outer loop
  vertex 5.243602 0.48716974 0.5348208
  vertex 5.3508472 0.47326708 0.49014902
  vertex 5.2751217 0.48471642 0.4922639
 endloop
endfacet
facet normal 0.14686885 0.9877969 0.051834177
 outer loop
  vertex 5.2751217 0.48471642 0.4922639
  vertex 5.2647552 0.48624182 0.49256718
  vertex 5.243602 0.48716974 0.5348208
 endloop
endfacet
facet normal 0.14639844 0.98787916 0.051596865
 outer loop
  vertex 5.243602 0.48716974 0.5348208
  vertex 5.2647552 0.48624182 0.49256718
  vertex 5.264303 0.4863081 0.49258077
 endloop
endfacet
facet normal 0.14299189 0.9884643 0.049915414
 outer loop
  vertex 5.243602 0.48716974 0.5348208
  vertex 5.264303 0.4863081 0.49258077
  vertex 5.26429 0.48631 0.49258125
 endloop
endfacet
facet normal 0.19085737 0.9784715 0.07853016
 outer loop
  vertex 5.8532743 0.38566685 0.47183263
  vertex 5.783064 0.39907503 0.47540653
  vertex 5.634634 0.42260408 0.5429784
 endloop
endfacet
facet normal 0.17962702 0.98233193 0.05251703
 outer loop
  vertex 5.634634 0.42260408 0.5429784
  vertex 5.783064 0.39907503 0.47540653
  vertex 5.58832 0.43427515 0.48308218
 endloop
endfacet
facet normal 0.16317123 0.9844113 0.0656465
 outer loop
  vertex 5.634634 0.42260408 0.5429784
  vertex 5.58832 0.43427515 0.48308218
  vertex 5.242977 0.47925425 0.66697705
 endloop
endfacet
facet normal 0.1635934 0.98428595 0.06646997
 outer loop
  vertex 5.242977 0.47925425 0.66697705
  vertex 5.58832 0.43427515 0.48308218
  vertex 5.3508472 0.47326708 0.49014902
 endloop
endfacet
facet normal 0.21731423 0.96826303 0.12345601
 outer loop
  vertex 6.0234747 0.35120487 0.4592973
  vertex 6.012224 0.35358953 0.4603982
  vertex 6.0234146 0.3491845 0.4752487
 endloop
endfacet
facet normal 0.21228598 0.96886426 0.12742333
 outer loop
  vertex 6.0234146 0.3491845 0.4752487
  vertex 6.012224 0.35358953 0.4603982
  vertex 5.634349 0.41835165 0.59751546
 endloop
endfacet
facet normal 0.22231095 0.96113557 0.16369571
 outer loop
  vertex 6.0234146 0.3491845 0.4752487
  vertex 5.634349 0.41835165 0.59751546
  vertex 6.0233364 0.3459587 0.49429512
 endloop
endfacet
facet normal 0.31821325 0.8757932 0.36294153
 outer loop
  vertex 6.2375746 0.3009143 0.4218973
  vertex 6.2172356 0.3065958 0.42602003
  vertex 6.2172337 0.30410624 0.43202913
 endloop
endfacet
facet normal 0.3115846 0.87782574 0.3637815
 outer loop
  vertex 6.2172337 0.30410624 0.43202913
  vertex 6.2172356 0.3065958 0.42602003
  vertex 6.2134 0.3076005 0.42688096
 endloop
endfacet
facet normal 0.22800504 0.96547204 0.12600553
 outer loop
  vertex 6.0283155 0.350173 0.45880663
  vertex 6.0234146 0.3491845 0.4752487
  vertex 6.105815 0.33316183 0.44891465
 endloop
endfacet
facet normal 0.23829803 0.95739406 0.16312774
 outer loop
  vertex 6.105815 0.33316183 0.44891465
  vertex 6.0234146 0.3491845 0.4752487
  vertex 6.0233364 0.3459587 0.49429512
 endloop
endfacet
facet normal 0.25935787 0.94371694 0.20526056
 outer loop
  vertex 6.105815 0.33316183 0.44891465
  vertex 6.0233364 0.3459587 0.49429512
  vertex 6.1801796 0.31580257 0.43476272
 endloop
endfacet
facet normal 0.26598665 0.9370903 0.2260815
 outer loop
  vertex 6.1801796 0.31580257 0.43476272
  vertex 6.0233364 0.3459587 0.49429512
  vertex 6.0232973 0.34345388 0.5047234
 endloop
endfacet
facet normal 0.2960452 0.9047401 0.30627206
 outer loop
  vertex 6.1801796 0.31580257 0.43476272
  vertex 6.0232973 0.34345388 0.5047234
  vertex 6.2134 0.3076005 0.42688096
 endloop
endfacet
facet normal 0.2985591 0.9012521 0.31401756
 outer loop
  vertex 6.2134 0.3076005 0.42688096
  vertex 6.0232973 0.34345388 0.5047234
  vertex 6.023258 0.33983088 0.5151589
 endloop
endfacet
facet normal 0.31606 0.8776495 0.3603295
 outer loop
  vertex 6.2134 0.3076005 0.42688096
  vertex 6.023258 0.33983088 0.5151589
  vertex 6.2172337 0.30410624 0.43202913
 endloop
endfacet
facet normal 0.39046016 0.70094484 0.5968393
 outer loop
  vertex 6.311613 0.26924467 0.4166664
  vertex 6.298088 0.27737093 0.41597092
  vertex 6.02318 0.32920742 0.5349412
 endloop
endfacet
facet normal 0.33644423 0.82097363 0.46131068
 outer loop
  vertex 5.63385 0.40041018 0.69217193
  vertex 5.6337776 0.39342928 0.7046484
  vertex 6.02318 0.32920742 0.5349412
 endloop
endfacet
facet normal 0.36159497 0.7579977 0.5428523
 outer loop
  vertex 6.02318 0.32920742 0.5349412
  vertex 5.6337776 0.39342928 0.7046484
  vertex 5.633707 0.38506508 0.7163745
 endloop
endfacet
facet normal 0.40741864 0.59754044 0.69061965
 outer loop
  vertex 6.02318 0.32920742 0.5349412
  vertex 5.633707 0.38506508 0.7163745
  vertex 6.311613 0.26924467 0.4166664
 endloop
endfacet
facet normal 0.3878516 0.6906621 0.6103744
 outer loop
  vertex 6.311613 0.26924467 0.4166664
  vertex 5.633707 0.38506508 0.7163745
  vertex 5.6336355 0.37547064 0.72727644
 endloop
endfacet
facet normal 0.39822686 0.65046686 0.6467675
 outer loop
  vertex 6.311613 0.26924467 0.4166664
  vertex 5.6336355 0.37547064 0.72727644
  vertex 6.32034 0.26233435 0.4182428
 endloop
endfacet
facet normal 0.40604234 0.61283857 0.67790747
 outer loop
  vertex 6.32034 0.26233435 0.4182428
  vertex 5.6336355 0.37547064 0.72727644
  vertex 6.3258457 0.25662947 0.42010248
 endloop
endfacet
facet normal 0.40348053 0.62651443 0.6668457
 outer loop
  vertex 6.3258457 0.25662947 0.42010248
  vertex 5.6336355 0.37547064 0.72727644
  vertex 5.633564 0.36481714 0.7373289
 endloop
endfacet
facet normal 0.4127502 0.57869655 0.70338297
 outer loop
  vertex 6.3258457 0.25662947 0.42010248
  vertex 5.633564 0.36481714 0.7373289
  vertex 6.330229 0.25057554 0.42251122
 endloop
endfacet
facet normal 0.42827594 0.46574262 0.7743794
 outer loop
  vertex 5.6333504 0.3282442 0.7625252
  vertex 6.3368416 0.2280879 0.43369246
  vertex 6.335553 0.23774481 0.42859697
 endloop
endfacet
facet normal 0.43854442 0.26697248 0.8581401
 outer loop
  vertex 6.3259544 0.17549944 0.46083045
  vertex 6.3291492 0.18562269 0.45604837
  vertex 5.6332073 0.30133533 0.775704
 endloop
endfacet
facet normal 0.4388605 0.29104513 0.8501142
 outer loop
  vertex 5.6332073 0.30133533 0.775704
  vertex 6.3291492 0.18562269 0.45604837
  vertex 6.33111 0.19226456 0.45276225
 endloop
endfacet
facet normal 0.4380647 0.3441379 0.83046275
 outer loop
  vertex 5.6332073 0.30133533 0.775704
  vertex 6.33111 0.19226456 0.45276225
  vertex 6.33636 0.21681166 0.43982077
 endloop
endfacet
facet normal 0.44325453 -0.00015806618 0.8963958
 outer loop
  vertex 5.1548996 -0.0015788078 1.0598992
  vertex 5.4922028 -0.0015788078 0.8931078
  vertex 5.632066 0.06183672 0.82395875
 endloop
endfacet
facet normal 0.44325557 -0.0001609495 0.8963953
 outer loop
  vertex 5.632066 0.06183672 0.82395875
  vertex 5.4922028 -0.0015788078 0.8931078
  vertex 5.8687763 -0.0015788078 0.70689714
 endloop
endfacet
facet normal 0.4568466 0.06802239 0.88694084
 outer loop
  vertex 5.632066 0.06183672 0.82395875
  vertex 5.8687763 -0.0015788078 0.70689714
  vertex 5.632351 0.12421942 0.81902754
 endloop
endfacet
facet normal 0.44239637 0.19239725 0.8759388
 outer loop
  vertex 6.3259544 0.17549944 0.46083045
  vertex 5.632921 0.24446917 0.79570067
  vertex 6.3086433 0.12222004 0.48127615
 endloop
endfacet
facet normal 0.44309935 0.20390531 0.8729751
 outer loop
  vertex 6.3086433 0.12222004 0.48127615
  vertex 5.632921 0.24446917 0.79570067
  vertex 5.632637 0.18521547 0.8096851
 endloop
endfacet
facet normal 0.4427535 0.116276555 0.8890721
 outer loop
  vertex 6.3086433 0.12222004 0.48127615
  vertex 5.632637 0.18521547 0.8096851
  vertex 6.299736 0.090177536 0.48990262
 endloop
endfacet
facet normal 0.44380373 0.13363793 0.8861034
 outer loop
  vertex 6.299736 0.090177536 0.48990262
  vertex 5.632637 0.18521547 0.8096851
  vertex 5.632351 0.12421942 0.81902754
 endloop
endfacet
facet normal 0.4441273 0.07528201 0.8927953
 outer loop
  vertex 6.299736 0.090177536 0.48990262
  vertex 5.632351 0.12421942 0.81902754
  vertex 6.293598 0.06300974 0.49524677
 endloop
endfacet
facet normal 0.44188708 0.031367205 0.89652216
 outer loop
  vertex 6.293598 0.06300974 0.49524677
  vertex 5.632351 0.12421942 0.81902754
  vertex 5.8687763 -0.0015788078 0.70689714
 endloop
endfacet
facet normal 0.44314867 0.021946207 0.8961795
 outer loop
  vertex 6.293598 0.06300974 0.49524677
  vertex 5.8687763 -0.0015788078 0.70689714
  vertex 6.2844715 -0.0015788078 0.50134146
 endloop
endfacet
facet normal 0.20382461 0.973698 0.10182197
 outer loop
  vertex 6.012224 0.35358953 0.4603982
  vertex 5.8532743 0.38566685 0.47183263
  vertex 5.634349 0.41835165 0.59751546
 endloop
endfacet
facet normal 0.19048704 0.9786413 0.07730388
 outer loop
  vertex 5.634349 0.41835165 0.59751546
  vertex 5.8532743 0.38566685 0.47183263
  vertex 5.634634 0.42260408 0.5429784
 endloop
endfacet
facet normal 0.16616032 0.983047 0.077520184
 outer loop
  vertex 5.634349 0.41835165 0.59751546
  vertex 5.634634 0.42260408 0.5429784
  vertex 5.2426662 0.4736128 0.73628986
 endloop
endfacet
facet normal 0.16767229 0.98253244 0.0807217
 outer loop
  vertex 5.2426662 0.4736128 0.73628986
  vertex 5.634634 0.42260408 0.5429784
  vertex 5.242977 0.47925425 0.66697705
 endloop
endfacet
facet normal 0.12327608 0.9890568 0.08105358
 outer loop
  vertex 5.2426662 0.4736128 0.73628986
  vertex 5.242977 0.47925425 0.66697705
  vertex 4.8475714 0.51172304 0.8721572
 endloop
endfacet
facet normal 0.15278846 0.9864477 0.05980545
 outer loop
  vertex 5.3508472 0.47326708 0.49014902
  vertex 5.243602 0.48716974 0.5348208
  vertex 5.242977 0.47925425 0.66697705
 endloop
endfacet
facet normal 0.119391784 0.99103725 0.059922487
 outer loop
  vertex 5.242977 0.47925425 0.66697705
  vertex 5.243602 0.48716974 0.5348208
  vertex 4.8477116 0.5192213 0.7935175
 endloop
endfacet
facet normal 0.1300045 0.9870147 0.09434317
 outer loop
  vertex 5.242977 0.47925425 0.66697705
  vertex 4.8477116 0.5192213 0.7935175
  vertex 4.8475714 0.51172304 0.8721572
 endloop
endfacet
facet normal -0.070053734 0.96898896 0.23696607
 outer loop
  vertex 2.6310549 0.4909606 0.7043222
  vertex 2.4806423 0.4785018 0.71080196
  vertex 2.8504333 0.5053115 0.7104937
 endloop
endfacet
facet normal -0.071169674 0.98356456 0.16593826
 outer loop
  vertex 2.8504333 0.5053115 0.7104937
  vertex 2.4806423 0.4785018 0.71080196
  vertex 2.8707237 0.4876256 0.8240255
 endloop
endfacet
facet normal -0.06442536 0.9842149 0.16483423
 outer loop
  vertex 2.8504333 0.5053115 0.7104937
  vertex 2.8707237 0.4876256 0.8240255
  vertex 3.50449 0.5365124 0.7798327
 endloop
endfacet
facet normal -0.06557332 0.9863905 0.1507779
 outer loop
  vertex 3.50449 0.5365124 0.7798327
  vertex 2.8707237 0.4876256 0.8240255
  vertex 3.5098782 0.51690245 0.9104644
 endloop
endfacet
facet normal -0.042696413 0.9877576 0.15003951
 outer loop
  vertex 3.50449 0.5365124 0.7798327
  vertex 3.5098782 0.51690245 0.9104644
  vertex 3.7942963 0.5470214 0.7931181
 endloop
endfacet
facet normal -0.04837103 0.98942876 0.1367146
 outer loop
  vertex 3.7942963 0.5470214 0.7931181
  vertex 3.5098782 0.51690245 0.9104644
  vertex 3.7919273 0.52761745 0.9327098
 endloop
endfacet
facet normal -0.02302648 0.9902672 0.13726127
 outer loop
  vertex 3.7942963 0.5470214 0.7931181
  vertex 3.7919273 0.52761745 0.9327098
  vertex 4.031431 0.5534506 0.78651583
 endloop
endfacet
facet normal -0.03282608 0.9920458 0.12152126
 outer loop
  vertex 4.031431 0.5534506 0.78651583
  vertex 3.7919273 0.52761745 0.9327098
  vertex 4.027934 0.5350599 0.93570435
 endloop
endfacet
facet normal 0.0015526398 0.992482 0.122380875
 outer loop
  vertex 4.031431 0.5534506 0.78651583
  vertex 4.027934 0.5350599 0.93570435
  vertex 4.245119 0.555388 0.768093
 endloop
endfacet
facet normal -0.010373574 0.9941904 0.10713453
 outer loop
  vertex 4.245119 0.555388 0.768093
  vertex 4.027934 0.5350599 0.93570435
  vertex 4.2429314 0.5385852 0.9238082
 endloop
endfacet
facet normal 0.030162899 0.99373066 0.10765442
 outer loop
  vertex 4.245119 0.555388 0.768093
  vertex 4.2429314 0.5385852 0.9238082
  vertex 4.4483166 0.55242586 0.7385031
 endloop
endfacet
facet normal 0.017417097 0.99545217 0.093656056
 outer loop
  vertex 4.4483166 0.55242586 0.7385031
  vertex 4.2429314 0.5385852 0.9238082
  vertex 4.4477234 0.53753996 0.8968328
 endloop
endfacet
facet normal 0.05984215 0.99380416 0.09366005
 outer loop
  vertex 4.4483166 0.55242586 0.7385031
  vertex 4.4477234 0.53753996 0.8968328
  vertex 4.6481514 0.5441575 0.6985563
 endloop
endfacet
facet normal 0.048376057 0.99544734 0.082124375
 outer loop
  vertex 4.6481514 0.5441575 0.6985563
  vertex 4.4477234 0.53753996 0.8968328
  vertex 4.648243 0.53127 0.8547143
 endloop
endfacet
facet normal 0.09192548 0.9923965 0.081847064
 outer loop
  vertex 4.6481514 0.5441575 0.6985563
  vertex 4.648243 0.53127 0.8547143
  vertex 4.847992 0.5302558 0.64266634
 endloop
endfacet
facet normal -0.02755319 0.99851114 0.04707765
 outer loop
  vertex 3.9449205 0.5568261 0.61617327
  vertex 3.797351 0.55220175 0.62788725
  vertex 4.0349293 0.5585203 0.63291895
 endloop
endfacet
facet normal -0.02725719 0.9991046 0.032356422
 outer loop
  vertex 4.0349293 0.5585203 0.63291895
  vertex 3.797351 0.55220175 0.62788725
  vertex 4.031431 0.5534506 0.78651583
 endloop
endfacet
facet normal -0.00709103 0.99943584 0.03282663
 outer loop
  vertex 4.0349293 0.5585203 0.63291895
  vertex 4.031431 0.5534506 0.78651583
  vertex 4.247305 0.56050587 0.61834335
 endloop
endfacet
facet normal -0.0061240136 0.99940085 0.034066465
 outer loop
  vertex 4.247305 0.56050587 0.61834335
  vertex 4.031431 0.5534506 0.78651583
  vertex 4.245119 0.555388 0.768093
 endloop
endfacet
facet normal 0.018794352 0.99923056 0.034424365
 outer loop
  vertex 4.247305 0.56050587 0.61834335
  vertex 4.245119 0.555388 0.768093
  vertex 4.4489117 0.55748653 0.5959157
 endloop
endfacet
facet normal 0.019741526 0.99917305 0.035544757
 outer loop
  vertex 4.4489117 0.55748653 0.5959157
  vertex 4.245119 0.555388 0.768093
  vertex 4.4483166 0.55242586 0.7385031
 endloop
endfacet
facet normal 0.047602724 0.99823076 0.035627592
 outer loop
  vertex 4.4489117 0.55748653 0.5959157
  vertex 4.4483166 0.55242586 0.7385031
  vertex 4.64806 0.54905653 0.56602573
 endloop
endfacet
facet normal 0.048667587 0.99813455 0.036862675
 outer loop
  vertex 4.64806 0.54905653 0.56602573
  vertex 4.4483166 0.55242586 0.7385031
  vertex 4.6481514 0.5441575 0.6985563
 endloop
endfacet
facet normal 0.07687542 0.99636215 0.036777668
 outer loop
  vertex 4.64806 0.54905653 0.56602573
  vertex 4.6481514 0.5441575 0.6985563
  vertex 4.810852 0.5380049 0.52515125
 endloop
endfacet
facet normal 0.08053066 0.99594015 0.040222242
 outer loop
  vertex 4.810852 0.5380049 0.52515125
  vertex 4.6481514 0.5441575 0.6985563
  vertex 4.847992 0.5302558 0.64266634
 endloop
endfacet
facet normal 0.08657728 0.99550927 0.038282838
 outer loop
  vertex 4.810852 0.5380049 0.52515125
  vertex 4.847992 0.5302558 0.64266634
  vertex 4.8479776 0.53490496 0.5218016
 endloop
endfacet
facet normal 0.09626958 0.9946202 0.038247492
 outer loop
  vertex 4.8479776 0.53490496 0.5218016
  vertex 4.847992 0.5302558 0.64266634
  vertex 4.9442463 0.52590084 0.51364243
 endloop
endfacet
facet normal 0.3488687 0.0908789 0.9327548
 outer loop
  vertex 4.4449005 0.040864468 1.3841892
  vertex 4.648676 0.039821625 1.3080748
  vertex 4.4450493 0.08300924 1.3800274
 endloop
endfacet
facet normal 0.34564957 0.07081447 0.9356878
 outer loop
  vertex 4.4450493 0.08300924 1.3800274
  vertex 4.648676 0.039821625 1.3080748
  vertex 4.648653 0.08084917 1.3049783
 endloop
endfacet
facet normal 0.3440202 0.13315451 0.929473
 outer loop
  vertex 4.4450493 0.08300924 1.3800274
  vertex 4.648653 0.08084917 1.3049783
  vertex 4.445197 0.12478304 1.3739883
 endloop
endfacet
facet normal 0.34088677 0.11256874 0.9333405
 outer loop
  vertex 4.445197 0.12478304 1.3739883
  vertex 4.648653 0.08084917 1.3049783
  vertex 4.64863 0.121454716 1.3000892
 endloop
endfacet
facet normal 0.25592354 0.060875434 0.96477836
 outer loop
  vertex 4.347274 -0.0015788078 1.4127644
  vertex 4.432308 -0.0015788078 1.3902076
  vertex 4.4449005 0.040864468 1.3841892
 endloop
endfacet
facet normal 0.33164012 0.0352872 0.9427458
 outer loop
  vertex 4.4449005 0.040864468 1.3841892
  vertex 4.432308 -0.0015788078 1.3902076
  vertex 4.5905886 -0.0015788078 1.3345276
 endloop
endfacet
facet normal 0.34840593 0.106222235 0.93130565
 outer loop
  vertex 4.4449005 0.040864468 1.3841892
  vertex 4.5905886 -0.0015788078 1.3345276
  vertex 4.648676 0.039821625 1.3080748
 endloop
endfacet
facet normal 0.43099362 -0.028437726 0.9019068
 outer loop
  vertex 4.648676 0.039821625 1.3080748
  vertex 4.5905886 -0.0015788078 1.3345276
  vertex 4.8561487 -0.0015788078 1.2076246
 endloop
endfacet
facet normal 0.44567403 0.06762096 0.89263767
 outer loop
  vertex 4.648676 0.039821625 1.3080748
  vertex 4.8561487 -0.0015788078 1.2076246
  vertex 4.648653 0.08084917 1.3049783
 endloop
endfacet
facet normal 0.4335647 0.027616888 0.9006992
 outer loop
  vertex 4.648653 0.08084917 1.3049783
  vertex 4.8561487 -0.0015788078 1.2076246
  vertex 4.846449 0.07805967 1.2098519
 endloop
endfacet
facet normal 0.4321137 0.1080428 0.89532375
 outer loop
  vertex 4.648653 0.08084917 1.3049783
  vertex 4.846449 0.07805967 1.2098519
  vertex 4.64863 0.121454716 1.3000892
 endloop
endfacet
facet normal 0.43214604 0.108283356 0.89527905
 outer loop
  vertex 4.64863 0.121454716 1.3000892
  vertex 4.846449 0.07805967 1.2098519
  vertex 4.84659 0.15592957 1.2003654
 endloop
endfacet
facet normal 0.093977235 0.12301751 0.9879448
 outer loop
  vertex 4.0121927 0.08538294 1.4488834
  vertex 4.075493 -0.0015788078 1.4536904
  vertex 4.2330923 0.08452463 1.4279774
 endloop
endfacet
facet normal 0.10945987 0.095122166 0.9894293
 outer loop
  vertex 4.2330923 0.08452463 1.4279774
  vertex 4.075493 -0.0015788078 1.4536904
  vertex 4.2177324 -0.0015788078 1.4379545
 endloop
endfacet
facet normal 0.1553577 0.0863147 0.98408014
 outer loop
  vertex 4.2330923 0.08452463 1.4279774
  vertex 4.2177324 -0.0015788078 1.4379545
  vertex 4.2319994 -0.0015788078 1.4357022
 endloop
endfacet
facet normal 0.38944554 0.34321746 0.8547128
 outer loop
  vertex 4.6485157 0.3154416 1.2467808
  vertex 4.6485386 0.2782545 1.2617031
  vertex 4.8468704 0.3049264 1.1606239
 endloop
endfacet
facet normal 0.40594554 0.27921498 0.8701996
 outer loop
  vertex 4.8468704 0.3049264 1.1606239
  vertex 4.6485386 0.2782545 1.2617031
  vertex 4.84673 0.23173285 1.1841744
 endloop
endfacet
facet normal 0.41508877 0.27793828 0.86628616
 outer loop
  vertex 4.8468704 0.3049264 1.1606239
  vertex 4.84673 0.23173285 1.1841744
  vertex 5.241105 0.27786636 0.98040473
 endloop
endfacet
facet normal -0.095177636 0.270284 0.9580646
 outer loop
  vertex 3.531433 0.171597 1.4020287
  vertex 3.7824545 0.17220545 1.4267944
  vertex 3.7830467 0.21471357 1.4148611
 endloop
endfacet
facet normal -0.023316931 0.27050966 0.9624348
 outer loop
  vertex 3.7830467 0.21471357 1.4148611
  vertex 3.7824545 0.17220545 1.4267944
  vertex 4.013942 0.17145872 1.4326125
 endloop
endfacet
facet normal -0.023547495 0.26940387 0.9627393
 outer loop
  vertex 3.7830467 0.21471357 1.4148611
  vertex 4.013942 0.17145872 1.4326125
  vertex 4.0148163 0.21367645 1.4208201
 endloop
endfacet
facet normal 0.09068332 0.26617464 0.95964974
 outer loop
  vertex 4.0148163 0.21367645 1.4208201
  vertex 4.013942 0.17145872 1.4326125
  vertex 4.234186 0.1694026 1.4123706
 endloop
endfacet
facet normal 0.08891523 0.25690082 0.9623388
 outer loop
  vertex 4.0148163 0.21367645 1.4208201
  vertex 4.234186 0.1694026 1.4123706
  vertex 4.2347317 0.21102095 1.40121
 endloop
endfacet
facet normal 0.21143417 0.25057206 0.9447271
 outer loop
  vertex 4.2347317 0.21102095 1.40121
  vertex 4.234186 0.1694026 1.4123706
  vertex 4.445346 0.1660924 1.36599
 endloop
endfacet
facet normal 0.20871682 0.23404734 0.94955736
 outer loop
  vertex 4.2347317 0.21102095 1.40121
  vertex 4.445346 0.1660924 1.36599
  vertex 4.4454937 0.20682383 1.355918
 endloop
endfacet
facet normal 0.332138 0.22528456 0.9159319
 outer loop
  vertex 4.4454937 0.20682383 1.355918
  vertex 4.445346 0.1660924 1.36599
  vertex 4.6486073 0.16158152 1.2933923
 endloop
endfacet
facet normal 0.32864222 0.19967684 0.92310536
 outer loop
  vertex 4.4454937 0.20682383 1.355918
  vertex 4.6486073 0.16158152 1.2933923
  vertex 4.6485844 0.20116091 1.284839
 endloop
endfacet
facet normal -0.1440858 0.30759323 0.9405454
 outer loop
  vertex 3.2548132 0.16969728 1.3602735
  vertex 3.531433 0.171597 1.4020287
  vertex 3.528739 0.25543785 1.3741969
 endloop
endfacet
facet normal -0.10140933 0.3104934 0.94515085
 outer loop
  vertex 3.528739 0.25543785 1.3741969
  vertex 3.531433 0.171597 1.4020287
  vertex 3.7830467 0.21471357 1.4148611
 endloop
endfacet
facet normal -0.09515669 0.34000063 0.9355987
 outer loop
  vertex 3.528739 0.25543785 1.3741969
  vertex 3.7830467 0.21471357 1.4148611
  vertex 3.783639 0.25619268 1.3998476
 endloop
endfacet
facet normal -0.022643387 0.34054258 0.93995637
 outer loop
  vertex 3.783639 0.25619268 1.3998476
  vertex 3.7830467 0.21471357 1.4148611
  vertex 4.0148163 0.21367645 1.4208201
 endloop
endfacet
facet normal -0.024028216 0.3341297 0.94222075
 outer loop
  vertex 3.783639 0.25619268 1.3998476
  vertex 4.0148163 0.21367645 1.4208201
  vertex 4.015691 0.25495338 1.4062048
 endloop
endfacet
facet normal 0.08778013 0.33083227 0.9395982
 outer loop
  vertex 4.015691 0.25495338 1.4062048
  vertex 4.0148163 0.21367645 1.4208201
  vertex 4.2347317 0.21102095 1.40121
 endloop
endfacet
facet normal 0.08497003 0.3162218 0.9448724
 outer loop
  vertex 4.015691 0.25495338 1.4062048
  vertex 4.2347317 0.21102095 1.40121
  vertex 4.235279 0.25179815 1.3875138
 endloop
endfacet
facet normal 0.20569013 0.3091078 0.9285171
 outer loop
  vertex 4.235279 0.25179815 1.3875138
  vertex 4.2347317 0.21102095 1.40121
  vertex 4.4454937 0.20682383 1.355918
 endloop
endfacet
facet normal 0.20222136 0.28750587 0.9361874
 outer loop
  vertex 4.235279 0.25179815 1.3875138
  vertex 4.4454937 0.20682383 1.355918
  vertex 4.4456425 0.2468152 1.3436044
 endloop
endfacet
facet normal 0.3242657 0.27727 0.9044186
 outer loop
  vertex 4.4456425 0.2468152 1.3436044
  vertex 4.4454937 0.20682383 1.355918
  vertex 4.6485844 0.20116091 1.284839
 endloop
endfacet
facet normal 0.3204072 0.24719545 0.91445816
 outer loop
  vertex 4.6485844 0.20116091 1.284839
  vertex 4.6485615 0.24009514 1.2743224
  vertex 4.4456425 0.2468152 1.3436044
 endloop
endfacet
facet normal 0.31441712 0.3343298 0.88846236
 outer loop
  vertex 4.4456425 0.2468152 1.3436044
  vertex 4.6485615 0.24009514 1.2743224
  vertex 4.4457912 0.28586245 1.3288583
 endloop
endfacet
facet normal 0.19957852 0.3455227 0.916942
 outer loop
  vertex 4.4456425 0.2468152 1.3436044
  vertex 4.4457912 0.28586245 1.3288583
  vertex 4.235279 0.25179815 1.3875138
 endloop
endfacet
facet normal 0.19217852 0.3743795 0.9071424
 outer loop
  vertex 4.235279 0.25179815 1.3875138
  vertex 4.4457912 0.28586245 1.3288583
  vertex 4.2358255 0.29144144 1.3710371
 endloop
endfacet
facet normal 0.08383937 0.38145652 0.92057693
 outer loop
  vertex 4.235279 0.25179815 1.3875138
  vertex 4.2358255 0.29144144 1.3710371
  vertex 4.015691 0.25495338 1.4062048
 endloop
endfacet
facet normal 0.078879684 0.40293962 0.91182107
 outer loop
  vertex 4.015691 0.25495338 1.4062048
  vertex 4.2358255 0.29144144 1.3710371
  vertex 4.0165653 0.29490757 1.3884732
 endloop
endfacet
facet normal -0.02286068 0.40595853 0.9136056
 outer loop
  vertex 4.015691 0.25495338 1.4062048
  vertex 4.0165653 0.29490757 1.3884732
  vertex 3.783639 0.25619268 1.3998476
 endloop
endfacet
facet normal -0.025257709 0.4186706 0.9077868
 outer loop
  vertex 3.783639 0.25619268 1.3998476
  vertex 4.0165653 0.29490757 1.3884732
  vertex 3.7842312 0.29617548 1.3814241
 endloop
endfacet
facet normal -0.092190444 0.4178394 0.90383136
 outer loop
  vertex 3.783639 0.25619268 1.3998476
  vertex 3.7842312 0.29617548 1.3814241
  vertex 3.528739 0.25543785 1.3741969
 endloop
endfacet
facet normal 0.07079906 0.48199326 0.8733098
 outer loop
  vertex 4.01744 0.33302307 1.3673657
  vertex 4.0165653 0.29490757 1.3884732
  vertex 4.236372 0.3295474 1.3515352
 endloop
endfacet
facet normal 0.077777684 0.4533199 0.88794804
 outer loop
  vertex 4.236372 0.3295474 1.3515352
  vertex 4.0165653 0.29490757 1.3884732
  vertex 4.2358255 0.29144144 1.3710371
 endloop
endfacet
facet normal 0.1801687 0.44608012 0.8766708
 outer loop
  vertex 4.236372 0.3295474 1.3515352
  vertex 4.2358255 0.29144144 1.3710371
  vertex 4.44594 0.3236704 1.3114563
 endloop
endfacet
facet normal 0.19010276 0.40986753 0.8921152
 outer loop
  vertex 4.44594 0.3236704 1.3114563
  vertex 4.2358255 0.29144144 1.3710371
  vertex 4.4457912 0.28586245 1.3288583
 endloop
endfacet
facet normal 0.30191323 0.39761797 0.86645734
 outer loop
  vertex 4.44594 0.3236704 1.3114563
  vertex 4.4457912 0.28586245 1.3288583
  vertex 4.6485386 0.2782545 1.2617031
 endloop
endfacet
facet normal 0.31015632 0.29865992 0.90255487
 outer loop
  vertex 4.6485386 0.2782545 1.2617031
  vertex 4.4457912 0.28586245 1.3288583
  vertex 4.6485615 0.24009514 1.2743224
 endloop
endfacet
facet normal 0.40665686 0.28706208 0.8673094
 outer loop
  vertex 4.6485386 0.2782545 1.2617031
  vertex 4.6485615 0.24009514 1.2743224
  vertex 4.84673 0.23173285 1.1841744
 endloop
endfacet
facet normal 0.41047844 0.2380111 0.88026035
 outer loop
  vertex 4.84673 0.23173285 1.1841744
  vertex 4.6485615 0.24009514 1.2743224
  vertex 4.6485844 0.20116091 1.284839
 endloop
endfacet
facet normal 0.42150527 0.18867299 0.88698125
 outer loop
  vertex 4.84673 0.23173285 1.1841744
  vertex 4.6485844 0.20116091 1.284839
  vertex 4.84659 0.15592957 1.2003654
 endloop
endfacet
facet normal 0.42185506 0.19174579 0.8861557
 outer loop
  vertex 4.84659 0.15592957 1.2003654
  vertex 4.6485844 0.20116091 1.284839
  vertex 4.6486073 0.16158152 1.2933923
 endloop
endfacet
facet normal 0.42398816 0.1493241 0.8932729
 outer loop
  vertex 4.84659 0.15592957 1.2003654
  vertex 4.6486073 0.16158152 1.2933923
  vertex 4.64863 0.121454716 1.3000892
 endloop
endfacet
facet normal 0.3353293 0.15527245 0.92921734
 outer loop
  vertex 4.64863 0.121454716 1.3000892
  vertex 4.6486073 0.16158152 1.2933923
  vertex 4.445346 0.1660924 1.36599
 endloop
endfacet
facet normal 0.33856416 0.17768627 0.92401403
 outer loop
  vertex 4.64863 0.121454716 1.3000892
  vertex 4.445346 0.1660924 1.36599
  vertex 4.445197 0.12478304 1.3739883
 endloop
endfacet
facet normal 0.21359622 0.18495929 0.95925325
 outer loop
  vertex 4.445197 0.12478304 1.3739883
  vertex 4.445346 0.1660924 1.36599
  vertex 4.234186 0.1694026 1.4123706
 endloop
endfacet
facet normal 0.205654 0.13930902 0.9686585
 outer loop
  vertex 4.445197 0.12478304 1.3739883
  vertex 4.234186 0.1694026 1.4123706
  vertex 4.4450493 0.08300924 1.3800274
 endloop
endfacet
facet normal 0.44306314 0.028904507 0.8960243
 outer loop
  vertex 4.8561487 -0.0015788078 1.2076246
  vertex 5.1548996 -0.0015788078 1.0598992
  vertex 4.846449 0.07805967 1.2098519
 endloop
endfacet
facet normal 0.4411189 0.019073993 0.89724594
 outer loop
  vertex 4.846449 0.07805967 1.2098519
  vertex 5.1548996 -0.0015788078 1.0598992
  vertex 5.632066 0.06183672 0.82395875
 endloop
endfacet
facet normal 0.44010502 0.1078028 0.89145166
 outer loop
  vertex 4.846449 0.07805967 1.2098519
  vertex 5.632066 0.06183672 0.82395875
  vertex 4.84659 0.15592957 1.2003654
 endloop
endfacet
facet normal 0.43782133 0.0688588 0.89642113
 outer loop
  vertex 4.84659 0.15592957 1.2003654
  vertex 5.632066 0.06183672 0.82395875
  vertex 5.632351 0.12421942 0.81902754
 endloop
endfacet
facet normal 0.4349899 0.18731406 0.88073677
 outer loop
  vertex 4.84659 0.15592957 1.2003654
  vertex 5.632351 0.12421942 0.81902754
  vertex 4.84673 0.23173285 1.1841744
 endloop
endfacet
facet normal 0.43273368 0.1345059 0.8914313
 outer loop
  vertex 4.84673 0.23173285 1.1841744
  vertex 5.632351 0.12421942 0.81902754
  vertex 5.632637 0.18521547 0.8096851
 endloop
endfacet
facet normal 0.43107033 0.2006664 0.8797223
 outer loop
  vertex 4.84673 0.23173285 1.1841744
  vertex 5.632637 0.18521547 0.8096851
  vertex 5.241105 0.27786636 0.98040473
 endloop
endfacet
facet normal 0.43158302 0.20524417 0.87841386
 outer loop
  vertex 5.241105 0.27786636 0.98040473
  vertex 5.632637 0.18521547 0.8096851
  vertex 5.632921 0.24446917 0.79570067
 endloop
endfacet
facet normal 0.36408007 0.522292 0.7711399
 outer loop
  vertex 4.84708 0.4064026 1.107308
  vertex 4.847046 0.390563 1.1180524
  vertex 5.0447006 0.39122725 1.0242833
 endloop
endfacet
facet normal 0.37857997 0.4632688 0.8012859
 outer loop
  vertex 5.0447006 0.39122725 1.0242833
  vertex 4.847046 0.390563 1.1180524
  vertex 5.044572 0.35959673 1.0426315
 endloop
endfacet
facet normal 0.38890198 0.46108496 0.7975939
 outer loop
  vertex 5.0447006 0.39122725 1.0242833
  vertex 5.044572 0.35959673 1.0426315
  vertex 5.2415733 0.37284613 0.9389154
 endloop
endfacet
facet normal 0.39718226 0.43214947 0.80962527
 outer loop
  vertex 5.2415733 0.37284613 0.9389154
  vertex 5.044572 0.35959673 1.0426315
  vertex 5.241417 0.34234762 0.9552711
 endloop
endfacet
facet normal 0.38532552 0.42427155 0.81946206
 outer loop
  vertex 4.8470106 0.37418127 1.1279773
  vertex 4.846941 0.3401909 1.1456083
  vertex 5.044572 0.35959673 1.0426315
 endloop
endfacet
facet normal 0.40435258 0.3549544 0.8429155
 outer loop
  vertex 5.044572 0.35959673 1.0426315
  vertex 4.846941 0.3401909 1.1456083
  vertex 5.2412605 0.3105421 0.9689356
 endloop
endfacet
facet normal 0.40468496 0.35928982 0.8409167
 outer loop
  vertex 5.044572 0.35959673 1.0426315
  vertex 5.2412605 0.3105421 0.9689356
  vertex 5.241417 0.34234762 0.9552711
 endloop
endfacet
facet normal 0.4198542 0.35651714 0.83463645
 outer loop
  vertex 5.241417 0.34234762 0.9552711
  vertex 5.2412605 0.3105421 0.9689356
  vertex 5.6332073 0.30133533 0.775704
 endloop
endfacet
facet normal 0.4131156 0.42874858 0.8034365
 outer loop
  vertex 5.241417 0.34234762 0.9552711
  vertex 5.6332073 0.30133533 0.775704
  vertex 5.2415733 0.37284613 0.9389154
 endloop
endfacet
facet normal 0.42239588 0.5082858 0.7504847
 outer loop
  vertex 6.335553 0.23774481 0.42859697
  vertex 6.3333807 0.2444377 0.42528677
  vertex 5.6333504 0.3282442 0.7625252
 endloop
endfacet
facet normal 0.42595762 0.48525625 0.76360095
 outer loop
  vertex 5.6333504 0.3282442 0.7625252
  vertex 6.3333807 0.2444377 0.42528677
  vertex 5.6334934 0.35328245 0.746534
 endloop
endfacet
facet normal 0.40094253 0.49147284 0.77311033
 outer loop
  vertex 5.6333504 0.3282442 0.7625252
  vertex 5.6334934 0.35328245 0.746534
  vertex 5.2417297 0.40118456 0.91925466
 endloop
endfacet
facet normal 0.3825257 0.6023828 0.70057774
 outer loop
  vertex 5.2417297 0.40118456 0.91925466
  vertex 5.6334934 0.35328245 0.746534
  vertex 5.241808 0.4142127 0.9080099
 endloop
endfacet
facet normal 0.35630724 0.60928386 0.7083914
 outer loop
  vertex 5.2417297 0.40118456 0.91925466
  vertex 5.241808 0.4142127 0.9080099
  vertex 5.0448933 0.43390274 0.99011886
 endloop
endfacet
facet normal 0.33573186 0.6918406 0.63925004
 outer loop
  vertex 5.0448933 0.43390274 0.99011886
  vertex 5.241808 0.4142127 0.9080099
  vertex 5.044958 0.44623423 0.9767388
 endloop
endfacet
facet normal 0.3104859 0.69824064 0.64502597
 outer loop
  vertex 5.044958 0.44623423 0.9767388
  vertex 4.8472214 0.46187067 1.0549937
  vertex 5.0448933 0.43390274 0.99011886
 endloop
endfacet
facet normal 0.30515674 0.72527695 0.61713266
 outer loop
  vertex 5.0448933 0.43390274 0.99011886
  vertex 4.8472214 0.46187067 1.0549937
  vertex 4.847185 0.44949532 1.0695556
 endloop
endfacet
facet normal 0.32963175 0.63902014 0.6949792
 outer loop
  vertex 5.0448933 0.43390274 0.99011886
  vertex 4.847185 0.44949532 1.0695556
  vertex 5.0448284 0.42049217 1.0024804
 endloop
endfacet
facet normal 0.32487497 0.6698822 0.66761833
 outer loop
  vertex 5.0448284 0.42049217 1.0024804
  vertex 4.847185 0.44949532 1.0695556
  vertex 4.847151 0.4360013 1.0831121
 endloop
endfacet
facet normal 0.34897876 0.725834 0.59277225
 outer loop
  vertex 5.241885 0.4262166 0.89577186
  vertex 5.6336355 0.37547064 0.72727644
  vertex 5.2419634 0.43698645 0.88253844
 endloop
endfacet
facet normal 0.35534397 0.70053744 0.6188521
 outer loop
  vertex 5.2419634 0.43698645 0.88253844
  vertex 5.6336355 0.37547064 0.72727644
  vertex 5.633707 0.38506508 0.7163745
 endloop
endfacet
facet normal 0.32547903 0.7892458 0.52072495
 outer loop
  vertex 5.2419634 0.43698645 0.88253844
  vertex 5.633707 0.38506508 0.7163745
  vertex 5.2420406 0.44632244 0.8683399
 endloop
endfacet
facet normal 0.33289397 0.76673275 0.54891026
 outer loop
  vertex 5.2420406 0.44632244 0.8683399
  vertex 5.633707 0.38506508 0.7163745
  vertex 5.6337776 0.39342928 0.7046484
 endloop
endfacet
facet normal 0.29700038 0.8493667 0.4363105
 outer loop
  vertex 5.2420406 0.44632244 0.8683399
  vertex 5.6337776 0.39342928 0.7046484
  vertex 5.242119 0.45404005 0.8532628
 endloop
endfacet
facet normal 0.3054206 0.8302262 0.46630752
 outer loop
  vertex 5.242119 0.45404005 0.8532628
  vertex 5.6337776 0.39342928 0.7046484
  vertex 5.63385 0.40041018 0.69217193
 endloop
endfacet
facet normal 0.2634997 0.90266085 0.34025195
 outer loop
  vertex 5.242119 0.45404005 0.8532628
  vertex 5.63385 0.40041018 0.69217193
  vertex 5.242197 0.45997715 0.8374516
 endloop
endfacet
facet normal 0.27281988 0.8873851 0.37164116
 outer loop
  vertex 5.242197 0.45997715 0.8374516
  vertex 5.63385 0.40041018 0.69217193
  vertex 5.6339207 0.40587568 0.6790699
 endloop
endfacet
facet normal 0.22580993 0.9452513 0.23560554
 outer loop
  vertex 5.242197 0.45997715 0.8374516
  vertex 5.6339207 0.40587568 0.6790699
  vertex 5.242275 0.46404028 0.8210753
 endloop
endfacet
facet normal 0.2358117 0.93419456 0.2677188
 outer loop
  vertex 5.242275 0.46404028 0.8210753
  vertex 5.6339207 0.40587568 0.6790699
  vertex 5.633992 0.40974998 0.66548765
 endloop
endfacet
facet normal 0.19056049 0.9715309 0.14076352
 outer loop
  vertex 5.242275 0.46404028 0.8210753
  vertex 5.633992 0.40974998 0.66548765
  vertex 5.2423534 0.46644545 0.80436933
 endloop
endfacet
facet normal 0.3717689 0.7651502 0.5256739
 outer loop
  vertex 6.298088 0.27737093 0.41597092
  vertex 6.271531 0.28926945 0.41743362
  vertex 6.02318 0.32920742 0.5349412
 endloop
endfacet
facet normal 0.35776135 0.79805577 0.48488533
 outer loop
  vertex 6.02318 0.32920742 0.5349412
  vertex 6.271531 0.28926945 0.41743362
  vertex 6.023218 0.3350687 0.5252662
 endloop
endfacet
facet normal 0.3436889 0.8025882 0.48757565
 outer loop
  vertex 6.02318 0.32920742 0.5349412
  vertex 6.023218 0.3350687 0.5252662
  vertex 5.63385 0.40041018 0.69217193
 endloop
endfacet
facet normal 0.3380528 0.81579226 0.4692582
 outer loop
  vertex 5.63385 0.40041018 0.69217193
  vertex 6.023218 0.3350687 0.5252662
  vertex 5.828846 0.373991 0.5976262
 endloop
endfacet
facet normal 0.29812217 0.8803801 0.36885518
 outer loop
  vertex 5.63385 0.40041018 0.69217193
  vertex 5.828846 0.373991 0.5976262
  vertex 5.6339207 0.40587568 0.6790699
 endloop
endfacet
facet normal 0.27049798 0.9187173 0.2877314
 outer loop
  vertex 5.6339207 0.40587568 0.6790699
  vertex 5.828846 0.373991 0.5976262
  vertex 5.828903 0.37774563 0.58558404
 endloop
endfacet
facet normal 0.26141414 0.9278389 0.26604065
 outer loop
  vertex 5.6339207 0.40587568 0.6790699
  vertex 5.828903 0.37774563 0.58558404
  vertex 5.633992 0.40974998 0.66548765
 endloop
endfacet
facet normal 0.22685115 0.9591191 0.16920133
 outer loop
  vertex 5.633992 0.40974998 0.66548765
  vertex 5.828903 0.37774563 0.58558404
  vertex 5.6340637 0.4121642 0.6517067
 endloop
endfacet
facet normal 0.19999929 0.9649216 0.17007856
 outer loop
  vertex 5.633992 0.40974998 0.66548765
  vertex 5.6340637 0.4121642 0.6517067
  vertex 5.2423534 0.46644545 0.80436933
 endloop
endfacet
facet normal 0.14045721 0.98889005 0.04866533
 outer loop
  vertex 5.26429 0.48631 0.49258125
  vertex 5.168643 0.4996376 0.4978162
  vertex 5.243602 0.48716974 0.5348208
 endloop
endfacet
facet normal 0.1279165 0.9890122 0.074109696
 outer loop
  vertex 5.243602 0.48716974 0.5348208
  vertex 5.168643 0.4996376 0.4978162
  vertex 4.847992 0.5302558 0.64266634
 endloop
endfacet
facet normal 0.12752098 0.98917574 0.07259344
 outer loop
  vertex 5.243602 0.48716974 0.5348208
  vertex 4.847992 0.5302558 0.64266634
  vertex 4.8477116 0.5192213 0.7935175
 endloop
endfacet
facet normal 0.08239029 0.9939334 0.07285757
 outer loop
  vertex 4.8477116 0.5192213 0.7935175
  vertex 4.847992 0.5302558 0.64266634
  vertex 4.648243 0.53127 0.8547143
 endloop
endfacet
facet normal 0.088946 0.99152434 0.094699964
 outer loop
  vertex 4.8477116 0.5192213 0.7935175
  vertex 4.648243 0.53127 0.8547143
  vertex 4.8475714 0.51172304 0.8721572
 endloop
endfacet
facet normal 0.08748976 0.99010164 0.1097467
 outer loop
  vertex 4.8475714 0.51172304 0.8721572
  vertex 4.648243 0.53127 0.8547143
  vertex 4.847431 0.5031276 0.9498147
 endloop
endfacet
facet normal 0.1326028 0.9851269 0.109277524
 outer loop
  vertex 4.8475714 0.51172304 0.8721572
  vertex 4.847431 0.5031276 0.9498147
  vertex 5.2426662 0.4736128 0.73628986
 endloop
endfacet
facet normal 0.130034 0.9859976 0.10440234
 outer loop
  vertex 5.2426662 0.4736128 0.73628986
  vertex 4.847431 0.5031276 0.9498147
  vertex 5.2423534 0.46644545 0.80436933
 endloop
endfacet
facet normal 0.17494075 0.97908354 0.10388075
 outer loop
  vertex 5.2426662 0.4736128 0.73628986
  vertex 5.2423534 0.46644545 0.80436933
  vertex 5.634349 0.41835165 0.59751546
 endloop
endfacet
facet normal 0.1792928 0.9773383 0.11253383
 outer loop
  vertex 5.634349 0.41835165 0.59751546
  vertex 5.2423534 0.46644545 0.80436933
  vertex 5.6340637 0.4121642 0.6517067
 endloop
endfacet
facet normal 0.21045813 0.97116673 0.11199316
 outer loop
  vertex 5.634349 0.41835165 0.59751546
  vertex 5.6340637 0.4121642 0.6517067
  vertex 6.0233364 0.3459587 0.49429512
 endloop
endfacet
facet normal 0.20543472 0.9737009 0.09850454
 outer loop
  vertex 6.0233364 0.3459587 0.49429512
  vertex 5.6340637 0.4121642 0.6517067
  vertex 5.828903 0.37774563 0.58558404
 endloop
endfacet
facet normal 0.25979248 0.9387367 0.22645374
 outer loop
  vertex 6.0233364 0.3459587 0.49429512
  vertex 5.828903 0.37774563 0.58558404
  vertex 6.0232973 0.34345388 0.5047234
 endloop
endfacet
facet normal 0.28089488 0.9158563 0.28688872
 outer loop
  vertex 6.0232973 0.34345388 0.5047234
  vertex 5.828903 0.37774563 0.58558404
  vertex 5.828846 0.373991 0.5976262
 endloop
endfacet
facet normal 0.29215732 0.90312934 0.3146452
 outer loop
  vertex 6.0232973 0.34345388 0.5047234
  vertex 5.828846 0.373991 0.5976262
  vertex 6.023258 0.33983088 0.5151589
 endloop
endfacet
facet normal 0.3220088 0.85594267 0.40456444
 outer loop
  vertex 6.023258 0.33983088 0.5151589
  vertex 5.828846 0.373991 0.5976262
  vertex 6.023218 0.3350687 0.5252662
 endloop
endfacet
facet normal 0.33005846 0.85341907 0.40340722
 outer loop
  vertex 6.023258 0.33983088 0.5151589
  vertex 6.023218 0.3350687 0.5252662
  vertex 6.2172337 0.30410624 0.43202913
 endloop
endfacet
facet normal 0.3440945 0.82908833 0.44069436
 outer loop
  vertex 6.2172337 0.30410624 0.43202913
  vertex 6.023218 0.3350687 0.5252662
  vertex 6.2688856 0.29028606 0.41769946
 endloop
endfacet
facet normal 0.34165195 0.84014297 0.42122892
 outer loop
  vertex 6.2172337 0.30410624 0.43202913
  vertex 6.2688856 0.29028606 0.41769946
  vertex 6.2375746 0.3009143 0.4218973
 endloop
endfacet
facet normal 0.33799544 0.61807305 0.7097498
 outer loop
  vertex 4.847151 0.4360013 1.0831121
  vertex 4.8471155 0.4215865 1.0956818
  vertex 5.0448284 0.42049217 1.0024804
 endloop
endfacet
facet normal 0.35660288 0.55716026 0.7499379
 outer loop
  vertex 5.0448284 0.42049217 1.0024804
  vertex 4.8471155 0.4215865 1.0956818
  vertex 5.0447006 0.39122725 1.0242833
 endloop
endfacet
facet normal 0.3696084 0.55409557 0.74590063
 outer loop
  vertex 5.0448284 0.42049217 1.0024804
  vertex 5.0447006 0.39122725 1.0242833
  vertex 5.2417297 0.40118456 0.91925466
 endloop
endfacet
facet normal 0.3792027 0.52604175 0.7612394
 outer loop
  vertex 5.2417297 0.40118456 0.91925466
  vertex 5.0447006 0.39122725 1.0242833
  vertex 5.2415733 0.37284613 0.9389154
 endloop
endfacet
facet normal 0.39899933 0.5212011 0.7544196
 outer loop
  vertex 5.2417297 0.40118456 0.91925466
  vertex 5.2415733 0.37284613 0.9389154
  vertex 5.6333504 0.3282442 0.7625252
 endloop
endfacet
facet normal 0.4138609 0.39862826 0.8184221
 outer loop
  vertex 5.6333504 0.3282442 0.7625252
  vertex 5.2415733 0.37284613 0.9389154
  vertex 5.6332073 0.30133533 0.775704
 endloop
endfacet
facet normal 0.43462268 0.3942606 0.8097294
 outer loop
  vertex 5.6333504 0.3282442 0.7625252
  vertex 5.6332073 0.30133533 0.775704
  vertex 6.3368416 0.2280879 0.43369246
 endloop
endfacet
facet normal 0.43216637 0.4162946 0.79995686
 outer loop
  vertex 6.3368416 0.2280879 0.43369246
  vertex 5.6332073 0.30133533 0.775704
  vertex 6.33636 0.21681166 0.43982077
 endloop
endfacet
facet normal 0.14969032 0.624954 0.76617575
 outer loop
  vertex 4.237465 0.39922094 1.3027366
  vertex 4.237192 0.38279152 1.3161911
  vertex 4.446163 0.37725067 1.2798833
 endloop
endfacet
facet normal -0.12339067 0.71950257 0.68344045
 outer loop
  vertex 3.5233507 0.39752626 1.2740821
  vertex 3.2347717 0.39180326 1.228006
  vertex 3.2381124 0.36228323 1.2596868
 endloop
endfacet
facet normal -0.03046904 0.70459664 0.7089536
 outer loop
  vertex 4.018751 0.385499 1.3290445
  vertex 3.786007 0.40080786 1.3038269
  vertex 3.7857113 0.38545656 1.3190712
 endloop
endfacet
facet normal -0.088722825 0.70270926 0.7059234
 outer loop
  vertex 3.7857113 0.38545656 1.3190712
  vertex 3.786007 0.40080786 1.3038269
  vertex 3.5233507 0.39752626 1.2740821
 endloop
endfacet
facet normal -0.08824734 0.7049452 0.7037504
 outer loop
  vertex 3.7857113 0.38545656 1.3190712
  vertex 3.5233507 0.39752626 1.2740821
  vertex 3.5246973 0.3669467 1.3048824
 endloop
endfacet
facet normal -0.12212113 0.7016594 0.7019691
 outer loop
  vertex 3.5246973 0.3669467 1.3048824
  vertex 3.5233507 0.39752626 1.2740821
  vertex 3.2381124 0.36228323 1.2596868
 endloop
endfacet
facet normal -0.13128382 0.62714577 0.76775825
 outer loop
  vertex 3.5246973 0.3669467 1.3048824
  vertex 3.2381124 0.36228323 1.2596868
  vertex 3.2414522 0.32876825 1.2876347
 endloop
endfacet
facet normal 0.04808436 0.63237053 0.7731723
 outer loop
  vertex 4.237192 0.38279152 1.3161911
  vertex 4.237465 0.39922094 1.3027366
  vertex 4.019189 0.40142584 1.3145081
 endloop
endfacet
facet normal 0.044881318 0.7142597 0.6984402
 outer loop
  vertex 4.019189 0.40142584 1.3145081
  vertex 4.237465 0.39922094 1.3027366
  vertex 4.0196266 0.41644716 1.2991184
 endloop
endfacet
facet normal -0.038042586 0.71564186 0.6974307
 outer loop
  vertex 4.019189 0.40142584 1.3145081
  vertex 4.0196266 0.41644716 1.2991184
  vertex 3.7863035 0.41514158 1.287731
 endloop
endfacet
facet normal -0.034547534 0.7855758 0.6178001
 outer loop
  vertex 3.7863035 0.41514158 1.287731
  vertex 4.0196266 0.41644716 1.2991184
  vertex 3.7865992 0.42842054 1.2708625
 endloop
endfacet
facet normal -0.08570482 0.78358907 0.6153396
 outer loop
  vertex 3.7863035 0.41514158 1.287731
  vertex 3.7865992 0.42842054 1.2708625
  vertex 3.5220032 0.42373896 1.239971
 endloop
endfacet
facet normal 0.26591536 0.45353425 0.8506443
 outer loop
  vertex 4.64847 0.38573313 1.209004
  vertex 4.548012 0.40659904 1.2292827
  vertex 4.4462376 0.39404154 1.267793
 endloop
endfacet
facet normal 0.2136416 0.6095919 0.7633839
 outer loop
  vertex 4.4462376 0.39404154 1.267793
  vertex 4.548012 0.40659904 1.2292827
  vertex 4.446312 0.41018534 1.2548808
 endloop
endfacet
facet normal 0.13839005 0.6182143 0.7737307
 outer loop
  vertex 4.4462376 0.39404154 1.267793
  vertex 4.446312 0.41018534 1.2548808
  vertex 4.2377396 0.41487408 1.2884399
 endloop
endfacet
facet normal 0.12773158 0.7075699 0.69500315
 outer loop
  vertex 4.2377396 0.41487408 1.2884399
  vertex 4.446312 0.41018534 1.2548808
  vertex 4.2380123 0.42967844 1.2733177
 endloop
endfacet
facet normal 0.03355931 0.71387064 0.699473
 outer loop
  vertex 4.2377396 0.41487408 1.2884399
  vertex 4.2380123 0.42967844 1.2733177
  vertex 4.0200634 0.43051004 1.2829257
 endloop
endfacet
facet normal 0.029928489 0.79153615 0.61038905
 outer loop
  vertex 4.0200634 0.43051004 1.2829257
  vertex 4.2380123 0.42967844 1.2733177
  vertex 4.0205 0.44356012 1.2659813
 endloop
endfacet
facet normal -0.043058924 0.7920656 0.6089154
 outer loop
  vertex 4.0200634 0.43051004 1.2829257
  vertex 4.0205 0.44356012 1.2659813
  vertex 3.7868958 0.44060802 1.2533022
 endloop
endfacet
facet normal -0.038966626 0.853798 0.5191441
 outer loop
  vertex 3.7868958 0.44060802 1.2533022
  vertex 4.0205 0.44356012 1.2659813
  vertex 3.7871914 0.4516697 1.2351321
 endloop
endfacet
facet normal -0.081885666 0.85188794 0.517283
 outer loop
  vertex 3.7868958 0.44060802 1.2533022
  vertex 3.7871914 0.4516697 1.2351321
  vertex 3.5206556 0.44535875 1.2033328
 endloop
endfacet
facet normal -0.11364789 0.8029245 0.5851464
 outer loop
  vertex 3.231432 0.41675186 1.1931235
  vertex 3.2347717 0.39180326 1.228006
  vertex 3.5220032 0.42373896 1.239971
 endloop
endfacet
facet normal -0.11269629 0.7857149 0.60823643
 outer loop
  vertex 3.5220032 0.42373896 1.239971
  vertex 3.2347717 0.39180326 1.228006
  vertex 3.5233507 0.39752626 1.2740821
 endloop
endfacet
facet normal -0.08444398 0.7884755 0.6092418
 outer loop
  vertex 3.5220032 0.42373896 1.239971
  vertex 3.5233507 0.39752626 1.2740821
  vertex 3.7863035 0.41514158 1.287731
 endloop
endfacet
facet normal -0.084254906 0.7449187 0.6618136
 outer loop
  vertex 3.7863035 0.41514158 1.287731
  vertex 3.5233507 0.39752626 1.2740821
  vertex 3.786007 0.40080786 1.3038269
 endloop
endfacet
facet normal -0.03241076 0.74670774 0.66436213
 outer loop
  vertex 3.7863035 0.41514158 1.287731
  vertex 3.786007 0.40080786 1.3038269
  vertex 4.019189 0.40142584 1.3145081
 endloop
endfacet
facet normal -0.035576105 0.67423636 0.73765826
 outer loop
  vertex 4.019189 0.40142584 1.3145081
  vertex 3.786007 0.40080786 1.3038269
  vertex 4.018751 0.385499 1.3290445
 endloop
endfacet
facet normal 0.051779125 0.6724489 0.7383302
 outer loop
  vertex 4.019189 0.40142584 1.3145081
  vertex 4.018751 0.385499 1.3290445
  vertex 4.237192 0.38279152 1.3161911
 endloop
endfacet
facet normal -0.1680096 0.53502023 0.8279651
 outer loop
  vertex 2.9366684 0.28692007 1.2528301
  vertex 3.2414522 0.32876825 1.2876347
  vertex 2.9315958 0.32285357 1.2285811
 endloop
endfacet
facet normal -0.15789203 0.6230768 0.7660584
 outer loop
  vertex 2.9315958 0.32285357 1.2285811
  vertex 3.2414522 0.32876825 1.2876347
  vertex 3.2381124 0.36228323 1.2596868
 endloop
endfacet
facet normal -0.15832949 0.63300544 0.7577835
 outer loop
  vertex 2.9315958 0.32285357 1.2285811
  vertex 3.2381124 0.36228323 1.2596868
  vertex 2.9265232 0.35543394 1.2003056
 endloop
endfacet
facet normal -0.14583056 0.7160785 0.68261623
 outer loop
  vertex 2.9265232 0.35543394 1.2003056
  vertex 3.2381124 0.36228323 1.2596868
  vertex 3.2347717 0.39180326 1.228006
 endloop
endfacet
facet normal -0.14606069 0.7266315 0.6713217
 outer loop
  vertex 2.9265232 0.35543394 1.2003056
  vertex 3.2347717 0.39180326 1.228006
  vertex 2.9214506 0.38390875 1.1683811
 endloop
endfacet
facet normal -0.13148771 0.80031323 0.58498687
 outer loop
  vertex 2.9214506 0.38390875 1.1683811
  vertex 3.2347717 0.39180326 1.228006
  vertex 3.231432 0.41675186 1.1931235
 endloop
endfacet
facet normal -0.13143447 0.81054133 0.57074314
 outer loop
  vertex 2.9214506 0.38390875 1.1683811
  vertex 3.231432 0.41675186 1.1931235
  vertex 2.916378 0.40771675 1.133402
 endloop
endfacet
facet normal 0.21131687 0.6242609 0.7520928
 outer loop
  vertex 4.548012 0.40659904 1.2292827
  vertex 4.5480204 0.42222977 1.2163063
  vertex 4.446312 0.41018534 1.2548808
 endloop
endfacet
facet normal 0.2002656 0.6517322 0.73153174
 outer loop
  vertex 4.446312 0.41018534 1.2548808
  vertex 4.5480204 0.42222977 1.2163063
  vertex 4.4463863 0.4255948 1.2411319
 endloop
endfacet
facet normal 0.12729822 0.6599994 0.74040264
 outer loop
  vertex 4.446312 0.41018534 1.2548808
  vertex 4.4463863 0.4255948 1.2411319
  vertex 4.2380123 0.42967844 1.2733177
 endloop
endfacet
facet normal 0.11563772 0.74780446 0.653771
 outer loop
  vertex 4.2380123 0.42967844 1.2733177
  vertex 4.4463863 0.4255948 1.2411319
  vertex 4.238285 0.44356203 1.257389
 endloop
endfacet
facet normal 0.02591771 0.75337017 0.6570858
 outer loop
  vertex 4.2380123 0.42967844 1.2733177
  vertex 4.238285 0.44356203 1.257389
  vertex 4.0205 0.44356012 1.2659813
 endloop
endfacet
facet normal 0.022170922 0.8267484 0.5621348
 outer loop
  vertex 4.0205 0.44356012 1.2659813
  vertex 4.238285 0.44356203 1.257389
  vertex 4.020938 0.45554543 1.2483369
 endloop
endfacet
facet normal -0.04537685 0.8268783 0.56054723
 outer loop
  vertex 4.0205 0.44356012 1.2659813
  vertex 4.020938 0.45554543 1.2483369
  vertex 3.7871914 0.4516697 1.2351321
 endloop
endfacet
facet normal 0.26781785 0.7338324 0.62431055
 outer loop
  vertex 4.8472214 0.46187067 1.0549937
  vertex 4.6484013 0.47252035 1.127766
  vertex 4.847185 0.44949532 1.0695556
 endloop
endfacet
facet normal 0.2603982 0.7676339 0.58560294
 outer loop
  vertex 4.847185 0.44949532 1.0695556
  vertex 4.6484013 0.47252035 1.127766
  vertex 4.6484127 0.46042442 1.1436168
 endloop
endfacet
facet normal 0.28905508 0.6781174 0.6757248
 outer loop
  vertex 4.847185 0.44949532 1.0695556
  vertex 4.6484127 0.46042442 1.1436168
  vertex 4.847151 0.4360013 1.0831121
 endloop
endfacet
facet normal 0.28209883 0.71736115 0.63703483
 outer loop
  vertex 4.847151 0.4360013 1.0831121
  vertex 4.6484127 0.46042442 1.1436168
  vertex 4.648424 0.44718647 1.1585189
 endloop
endfacet
facet normal 0.3074544 0.62496054 0.7175627
 outer loop
  vertex 4.847151 0.4360013 1.0831121
  vertex 4.648424 0.44718647 1.1585189
  vertex 4.8471155 0.4215865 1.0956818
 endloop
endfacet
facet normal 0.30121174 0.6683254 0.6801564
 outer loop
  vertex 4.8471155 0.4215865 1.0956818
  vertex 4.648424 0.44718647 1.1585189
  vertex 4.6484356 0.43297625 1.1724769
 endloop
endfacet
facet normal 0.3234844 0.5747841 0.7516523
 outer loop
  vertex 4.8471155 0.4215865 1.0956818
  vertex 4.6484356 0.43297625 1.1724769
  vertex 4.84708 0.4064026 1.107308
 endloop
endfacet
facet normal 0.31809533 0.62096 0.7163966
 outer loop
  vertex 4.84708 0.4064026 1.107308
  vertex 4.6484356 0.43297625 1.1724769
  vertex 4.648447 0.41792727 1.185516
 endloop
endfacet
facet normal 0.33748713 0.5279242 0.77935785
 outer loop
  vertex 4.84708 0.4064026 1.107308
  vertex 4.648447 0.41792727 1.185516
  vertex 4.847046 0.390563 1.1180524
 endloop
endfacet
facet normal 0.33300284 0.5757013 0.74677783
 outer loop
  vertex 4.847046 0.390563 1.1180524
  vertex 4.648447 0.41792727 1.185516
  vertex 4.6484585 0.4021449 1.1976777
 endloop
endfacet
facet normal 0.34969375 0.48490426 0.80161226
 outer loop
  vertex 4.847046 0.390563 1.1180524
  vertex 4.6484585 0.4021449 1.1976777
  vertex 4.8470106 0.37418127 1.1279773
 endloop
endfacet
facet normal 0.12475586 0.8623139 0.49076548
 outer loop
  vertex 4.4467573 0.48822355 1.1595749
  vertex 4.446683 0.47799635 1.1775638
  vertex 4.5480556 0.47587013 1.1555301
 endloop
endfacet
facet normal 0.064051434 0.8674284 0.49342212
 outer loop
  vertex 4.446683 0.47799635 1.1775638
  vertex 4.4467573 0.48822355 1.1595749
  vertex 4.239379 0.48842716 1.1861368
 endloop
endfacet
facet normal 0.05056089 0.9204017 0.38769084
 outer loop
  vertex 4.239379 0.48842716 1.1861368
  vertex 4.4467573 0.48822355 1.1595749
  vertex 4.2396526 0.49660873 1.1666776
 endloop
endfacet
facet normal -0.009142875 0.9218425 0.38745686
 outer loop
  vertex 4.239379 0.48842716 1.1861368
  vertex 4.2396526 0.49660873 1.1666776
  vertex 4.022687 0.4922166 1.1720077
 endloop
endfacet
facet normal 0.1821022 0.71341884 0.67666256
 outer loop
  vertex 4.548029 0.43708277 1.2024633
  vertex 4.5480385 0.45105886 1.1877254
  vertex 4.4464607 0.44017935 1.2265323
 endloop
endfacet
facet normal 0.17046927 0.73786473 0.6530665
 outer loop
  vertex 4.4464607 0.44017935 1.2265323
  vertex 4.5480385 0.45105886 1.1877254
  vertex 4.446534 0.45384884 1.2110687
 endloop
endfacet
facet normal 0.103141926 0.74499404 0.659049
 outer loop
  vertex 4.4464607 0.44017935 1.2265323
  vertex 4.446534 0.45384884 1.2110687
  vertex 4.238559 0.4564538 1.2406725
 endloop
endfacet
facet normal 0.08990423 0.8242263 0.559078
 outer loop
  vertex 4.238559 0.4564538 1.2406725
  vertex 4.446534 0.45384884 1.2110687
  vertex 4.2388325 0.4682784 1.2231959
 endloop
endfacet
facet normal 0.010610702 0.82811064 0.5604643
 outer loop
  vertex 4.238559 0.4564538 1.2406725
  vertex 4.2388325 0.4682784 1.2231959
  vertex 4.0213757 0.4664259 1.23005
 endloop
endfacet
facet normal 0.0069100624 0.88824946 0.45930943
 outer loop
  vertex 4.0213757 0.4664259 1.23005
  vertex 4.2388325 0.4682784 1.2231959
  vertex 4.0218124 0.47617817 1.2111837
 endloop
endfacet
facet normal -0.04902631 0.8877302 0.45774603
 outer loop
  vertex 4.0213757 0.4664259 1.23005
  vertex 4.0218124 0.47617817 1.2111837
  vertex 3.7877836 0.47041416 1.1972967
 endloop
endfacet
facet normal 0.23245631 0.87486184 0.4249481
 outer loop
  vertex 5.045086 0.4668355 0.94696295
  vertex 5.0451508 0.47472143 0.9306923
  vertex 4.847291 0.48249483 1.0229226
 endloop
endfacet
facet normal 0.22292182 0.8874383 0.40343404
 outer loop
  vertex 4.847291 0.48249483 1.0229226
  vertex 5.0451508 0.47472143 0.9306923
  vertex 4.8473263 0.49038506 1.0055469
 endloop
endfacet
facet normal 0.1864261 0.8944159 0.40652853
 outer loop
  vertex 4.847291 0.48249483 1.0229226
  vertex 4.8473263 0.49038506 1.0055469
  vertex 4.648368 0.5003371 1.0748895
 endloop
endfacet
facet normal 0.14999846 0.9436684 0.29494125
 outer loop
  vertex 4.648368 0.5003371 1.0748895
  vertex 4.8473263 0.49038506 1.0055469
  vertex 4.6483564 0.50630665 1.0557958
 endloop
endfacet
facet normal 0.085624225 0.95095056 0.29725653
 outer loop
  vertex 4.648368 0.5003371 1.0748895
  vertex 4.6483564 0.50630665 1.0557958
  vertex 4.4469795 0.510159 1.101478
 endloop
endfacet
facet normal 0.1566877 0.96387917 0.21537372
 outer loop
  vertex 5.0452147 0.48077345 0.9136776
  vertex 4.847397 0.5006118 0.968809
  vertex 4.8473606 0.49645185 0.9874526
 endloop
endfacet
facet normal 0.1125221 0.96975446 0.21659884
 outer loop
  vertex 4.8473606 0.49645185 0.9874526
  vertex 4.847397 0.5006118 0.968809
  vertex 4.6483335 0.5130997 1.0163108
 endloop
endfacet
facet normal 0.26359758 0.81883156 0.5099325
 outer loop
  vertex 5.045022 0.45727873 0.9623419
  vertex 5.045086 0.4668355 0.94696295
  vertex 4.8472557 0.47293282 1.0394357
 endloop
endfacet
facet normal 0.25262582 0.83708173 0.48525694
 outer loop
  vertex 4.8472557 0.47293282 1.0394357
  vertex 5.045086 0.4668355 0.94696295
  vertex 4.847291 0.48249483 1.0229226
 endloop
endfacet
facet normal 0.21633479 0.844692 0.4895863
 outer loop
  vertex 4.8472557 0.47293282 1.0394357
  vertex 4.847291 0.48249483 1.0229226
  vertex 4.6483784 0.49262905 1.0933319
 endloop
endfacet
facet normal 0.18046631 0.9075423 0.37920833
 outer loop
  vertex 4.6483784 0.49262905 1.0933319
  vertex 4.847291 0.48249483 1.0229226
  vertex 4.648368 0.5003371 1.0748895
 endloop
endfacet
facet normal 0.10706454 0.91737294 0.38335884
 outer loop
  vertex 4.6483784 0.49262905 1.0933319
  vertex 4.648368 0.5003371 1.0748895
  vertex 4.446905 0.5044017 1.1214277
 endloop
endfacet
facet normal 0.08321062 0.9573753 0.27660185
 outer loop
  vertex 4.446905 0.5044017 1.1214277
  vertex 4.648368 0.5003371 1.0748895
  vertex 4.4469795 0.510159 1.101478
 endloop
endfacet
facet normal 0.02748696 0.96039975 0.27726692
 outer loop
  vertex 4.446905 0.5044017 1.1214277
  vertex 4.4469795 0.510159 1.101478
  vertex 4.240198 0.508904 1.1263245
 endloop
endfacet
facet normal 0.29077736 0.7585165 0.58318204
 outer loop
  vertex 5.044958 0.44623423 0.9767388
  vertex 5.045022 0.45727873 0.9623419
  vertex 4.8472214 0.46187067 1.0549937
 endloop
endfacet
facet normal 0.2790078 0.7823331 0.5568749
 outer loop
  vertex 4.8472214 0.46187067 1.0549937
  vertex 5.045022 0.45727873 0.9623419
  vertex 4.8472557 0.47293282 1.0394357
 endloop
endfacet
facet normal 0.24357288 0.79018885 0.5623823
 outer loop
  vertex 4.8472214 0.46187067 1.0549937
  vertex 4.8472557 0.47293282 1.0394357
  vertex 4.64839 0.48330832 1.110988
 endloop
endfacet
facet normal 0.20933208 0.86480147 0.45639724
 outer loop
  vertex 4.64839 0.48330832 1.110988
  vertex 4.8472557 0.47293282 1.0394357
  vertex 4.6483784 0.49262905 1.0933319
 endloop
endfacet
facet normal 0.12838486 0.8770542 0.462918
 outer loop
  vertex 4.64839 0.48330832 1.110988
  vertex 4.6483784 0.49262905 1.0933319
  vertex 4.4468307 0.4970603 1.1408333
 endloop
endfacet
facet normal 0.10347821 0.9301542 0.35228577
 outer loop
  vertex 4.4468307 0.4970603 1.1408333
  vertex 4.6483784 0.49262905 1.0933319
  vertex 4.446905 0.5044017 1.1214277
 endloop
endfacet
facet normal 0.038896836 0.93454945 0.35370094
 outer loop
  vertex 4.4468307 0.4970603 1.1408333
  vertex 4.446905 0.5044017 1.1214277
  vertex 4.2399254 0.50344896 1.1467067
 endloop
endfacet
facet normal 0.027161296 0.965554 0.25878122
 outer loop
  vertex 4.2399254 0.50344896 1.1467067
  vertex 4.446905 0.5044017 1.1214277
  vertex 4.240198 0.508904 1.1263245
 endloop
endfacet
facet normal -0.017694207 0.96590906 0.258276
 outer loop
  vertex 4.2399254 0.50344896 1.1467067
  vertex 4.240198 0.508904 1.1263245
  vertex 4.0235615 0.5035677 1.1314398
 endloop
endfacet
facet normal 0.14800747 0.80448264 0.5752404
 outer loop
  vertex 4.548047 0.46403837 1.1720792
  vertex 4.5480556 0.47587013 1.1555301
  vertex 4.4466085 0.46649694 1.1947407
 endloop
endfacet
facet normal 0.13712187 0.8228495 0.55146724
 outer loop
  vertex 4.4466085 0.46649694 1.1947407
  vertex 4.5480556 0.47587013 1.1555301
  vertex 4.446683 0.47799635 1.1775638
 endloop
endfacet
facet normal 0.07718705 0.82833976 0.55488324
 outer loop
  vertex 4.4466085 0.46649694 1.1947407
  vertex 4.446683 0.47799635 1.1775638
  vertex 4.239105 0.4789605 1.2049996
 endloop
endfacet
facet normal 0.06340455 0.89158994 0.44838285
 outer loop
  vertex 4.239105 0.4789605 1.2049996
  vertex 4.446683 0.47799635 1.1775638
  vertex 4.239379 0.48842716 1.1861368
 endloop
endfacet
facet normal -0.0032899207 0.8937717 0.44851008
 outer loop
  vertex 4.239105 0.4789605 1.2049996
  vertex 4.239379 0.48842716 1.1861368
  vertex 4.022249 0.48478127 1.1918095
 endloop
endfacet
facet normal -0.0065398556 0.93620706 0.35138816
 outer loop
  vertex 4.022249 0.48478127 1.1918095
  vertex 4.239379 0.48842716 1.1861368
  vertex 4.022687 0.4922166 1.1720077
 endloop
endfacet
facet normal -0.05036813 0.9353571 0.3501002
 outer loop
  vertex 4.022249 0.48478127 1.1918095
  vertex 4.022687 0.4922166 1.1720077
  vertex 3.7883759 0.4848256 1.1580442
 endloop
endfacet
facet normal 0.19766499 0.92334986 0.329171
 outer loop
  vertex 5.0451508 0.47472143 0.9306923
  vertex 5.0452147 0.48077345 0.9136776
  vertex 4.8473263 0.49038506 1.0055469
 endloop
endfacet
facet normal 0.19024259 0.93070155 0.31241387
 outer loop
  vertex 4.8473263 0.49038506 1.0055469
  vertex 5.0452147 0.48077345 0.9136776
  vertex 4.8473606 0.49645185 0.9874526
 endloop
endfacet
facet normal 0.15434037 0.9366769 0.31434923
 outer loop
  vertex 4.8473263 0.49038506 1.0055469
  vertex 4.8473606 0.49645185 0.9874526
  vertex 4.6483564 0.50630665 1.0557958
 endloop
endfacet
facet normal 0.106403664 0.9799371 0.16852733
 outer loop
  vertex 4.6483564 0.50630665 1.0557958
  vertex 4.8473606 0.49645185 0.9874526
  vertex 4.6483335 0.5130997 1.0163108
 endloop
endfacet
facet normal 0.05721431 0.98391277 0.16923985
 outer loop
  vertex 4.6483564 0.50630665 1.0557958
  vertex 4.6483335 0.5130997 1.0163108
  vertex 4.4469795 0.510159 1.101478
 endloop
endfacet
facet normal 0.055957057 0.9844884 0.1662873
 outer loop
  vertex 4.4469795 0.510159 1.101478
  vertex 4.6483335 0.5130997 1.0163108
  vertex 4.4471283 0.5170665 1.0605329
 endloop
endfacet
facet normal 0.014008213 0.98596174 0.16638343
 outer loop
  vertex 4.4469795 0.510159 1.101478
  vertex 4.4471283 0.5170665 1.0605329
  vertex 4.240198 0.508904 1.1263245
 endloop
endfacet
facet normal 0.013913919 0.98601186 0.16609308
 outer loop
  vertex 4.240198 0.508904 1.1263245
  vertex 4.4471283 0.5170665 1.0605329
  vertex 4.2407455 0.51588535 1.0848337
 endloop
endfacet
facet normal -0.020375986 0.98597664 0.16563475
 outer loop
  vertex 4.240198 0.508904 1.1263245
  vertex 4.2407455 0.51588535 1.0848337
  vertex 4.0235615 0.5035677 1.1314398
 endloop
endfacet
facet normal -0.020213874 0.985858 0.16635881
 outer loop
  vertex 4.0235615 0.5035677 1.1314398
  vertex 4.2407455 0.51588535 1.0848337
  vertex 4.024436 0.51054 1.0902275
 endloop
endfacet
facet normal -0.04472902 0.9851579 0.16572016
 outer loop
  vertex 4.0235615 0.5035677 1.1314398
  vertex 4.024436 0.51054 1.0902275
  vertex 3.7889671 0.49517488 1.118014
 endloop
endfacet
facet normal -0.044569585 0.98495597 0.16695955
 outer loop
  vertex 3.7889671 0.49517488 1.118014
  vertex 4.024436 0.51054 1.0902275
  vertex 3.7895594 0.50201464 1.0778219
 endloop
endfacet
facet normal -0.057218425 0.9843511 0.16667023
 outer loop
  vertex 3.7889671 0.49517488 1.118014
  vertex 3.7895594 0.50201464 1.0778219
  vertex 3.516615 0.48471928 1.0862652
 endloop
endfacet
facet normal -0.05723922 0.9844346 0.16616903
 outer loop
  vertex 3.516615 0.48471928 1.0862652
  vertex 3.7895594 0.50201464 1.0778219
  vertex 3.5152674 0.4912634 1.0470318
 endloop
endfacet
facet normal -0.068741255 0.98365355 0.16643381
 outer loop
  vertex 3.516615 0.48471928 1.0862652
  vertex 3.5152674 0.4912634 1.0470318
  vertex 2.891015 0.464921 0.9448885
 endloop
endfacet
facet normal -0.11602128 0.87708 0.46612206
 outer loop
  vertex 2.9113054 0.4267459 1.0963331
  vertex 2.916378 0.40771675 1.133402
  vertex 3.2280922 0.4369731 1.1559397
 endloop
endfacet
facet normal -0.11636648 0.8681068 0.4825447
 outer loop
  vertex 3.2280922 0.4369731 1.1559397
  vertex 2.916378 0.40771675 1.133402
  vertex 3.231432 0.41675186 1.1931235
 endloop
endfacet
facet normal -0.103067465 0.8699058 0.48232856
 outer loop
  vertex 3.2280922 0.4369731 1.1559397
  vertex 3.231432 0.41675186 1.1931235
  vertex 3.5206556 0.44535875 1.2033328
 endloop
endfacet
facet normal -0.102515005 0.85504377 0.5083215
 outer loop
  vertex 3.5206556 0.44535875 1.2033328
  vertex 3.231432 0.41675186 1.1931235
  vertex 3.5220032 0.42373896 1.239971
 endloop
endfacet
facet normal -0.08019075 0.85716885 0.50875443
 outer loop
  vertex 3.5206556 0.44535875 1.2033328
  vertex 3.5220032 0.42373896 1.239971
  vertex 3.7868958 0.44060802 1.2533022
 endloop
endfacet
facet normal -0.080741614 0.81948227 0.56738836
 outer loop
  vertex 3.7868958 0.44060802 1.2533022
  vertex 3.5220032 0.42373896 1.239971
  vertex 3.7865992 0.42842054 1.2708625
 endloop
endfacet
facet normal -0.03676982 0.82126147 0.56936586
 outer loop
  vertex 3.7868958 0.44060802 1.2533022
  vertex 3.7865992 0.42842054 1.2708625
  vertex 4.0200634 0.43051004 1.2829257
 endloop
endfacet
facet normal -0.040577415 0.75493395 0.6545443
 outer loop
  vertex 4.0200634 0.43051004 1.2829257
  vertex 3.7865992 0.42842054 1.2708625
  vertex 4.0196266 0.41644716 1.2991184
 endloop
endfacet
facet normal 0.03754616 0.75398016 0.6558233
 outer loop
  vertex 4.0200634 0.43051004 1.2829257
  vertex 4.0196266 0.41644716 1.2991184
  vertex 4.2377396 0.41487408 1.2884399
 endloop
endfacet
facet normal 0.040993918 0.6734331 0.7381106
 outer loop
  vertex 4.2377396 0.41487408 1.2884399
  vertex 4.0196266 0.41644716 1.2991184
  vertex 4.237465 0.39922094 1.3027366
 endloop
endfacet
facet normal 0.13912266 0.66650194 0.73240703
 outer loop
  vertex 4.2377396 0.41487408 1.2884399
  vertex 4.237465 0.39922094 1.3027366
  vertex 4.4462376 0.39404154 1.267793
 endloop
endfacet
facet normal 0.14869542 0.57739973 0.80280703
 outer loop
  vertex 4.4462376 0.39404154 1.267793
  vertex 4.237465 0.39922094 1.3027366
  vertex 4.446163 0.37725067 1.2798833
 endloop
endfacet
facet normal 0.2576172 0.56385493 0.7846662
 outer loop
  vertex 4.4462376 0.39404154 1.267793
  vertex 4.446163 0.37725067 1.2798833
  vertex 4.6484814 0.368793 1.2195369
 endloop
endfacet
facet normal 0.27004868 0.47200423 0.8392172
 outer loop
  vertex 4.6484814 0.368793 1.2195369
  vertex 4.446163 0.37725067 1.2798833
  vertex 4.648493 0.35139704 1.2293173
 endloop
endfacet
facet normal 0.41846016 0.5438284 0.72742134
 outer loop
  vertex 6.3333807 0.2444377 0.42528677
  vertex 6.330229 0.25057554 0.42251122
  vertex 5.6334934 0.35328245 0.746534
 endloop
endfacet
facet normal 0.41476932 0.5660236 0.7124491
 outer loop
  vertex 5.6334934 0.35328245 0.746534
  vertex 6.330229 0.25057554 0.42251122
  vertex 5.633564 0.36481714 0.7373289
 endloop
endfacet
facet normal 0.38686496 0.57374346 0.72190994
 outer loop
  vertex 5.6334934 0.35328245 0.746534
  vertex 5.633564 0.36481714 0.7373289
  vertex 5.241808 0.4142127 0.9080099
 endloop
endfacet
facet normal 0.36777616 0.6627066 0.65235007
 outer loop
  vertex 5.241808 0.4142127 0.9080099
  vertex 5.633564 0.36481714 0.7373289
  vertex 5.241885 0.4262166 0.89577186
 endloop
endfacet
facet normal 0.33941576 0.670451 0.6597669
 outer loop
  vertex 5.241808 0.4142127 0.9080099
  vertex 5.241885 0.4262166 0.89577186
  vertex 5.044958 0.44623423 0.9767388
 endloop
endfacet
facet normal 0.32085106 0.7336707 0.59898406
 outer loop
  vertex 5.044958 0.44623423 0.9767388
  vertex 5.241885 0.4262166 0.89577186
  vertex 5.2419634 0.43698645 0.88253844
 endloop
endfacet
facet normal 0.31225765 0.7530804 0.579107
 outer loop
  vertex 5.044958 0.44623423 0.9767388
  vertex 5.2419634 0.43698645 0.88253844
  vertex 5.045022 0.45727873 0.9623419
 endloop
endfacet
facet normal 0.29532814 0.79754865 0.52602047
 outer loop
  vertex 5.045022 0.45727873 0.9623419
  vertex 5.2419634 0.43698645 0.88253844
  vertex 5.2420406 0.44632244 0.8683399
 endloop
endfacet
facet normal 0.2868736 0.81312776 0.50648475
 outer loop
  vertex 5.045022 0.45727873 0.9623419
  vertex 5.2420406 0.44632244 0.8683399
  vertex 5.045086 0.4668355 0.94696295
 endloop
endfacet
facet normal 0.26515156 0.85773855 0.44043082
 outer loop
  vertex 5.045086 0.4668355 0.94696295
  vertex 5.2420406 0.44632244 0.8683399
  vertex 5.242119 0.45404005 0.8532628
 endloop
endfacet
facet normal 0.25727 0.8691832 0.4222946
 outer loop
  vertex 5.045086 0.4668355 0.94696295
  vertex 5.242119 0.45404005 0.8532628
  vertex 5.0451508 0.47472143 0.9306923
 endloop
endfacet
facet normal 0.23047397 0.9105964 0.3430684
 outer loop
  vertex 5.0451508 0.47472143 0.9306923
  vertex 5.242119 0.45404005 0.8532628
  vertex 5.242197 0.45997715 0.8374516
 endloop
endfacet
facet normal 0.22361004 0.9180514 0.3273839
 outer loop
  vertex 5.0451508 0.47472143 0.9306923
  vertex 5.242197 0.45997715 0.8374516
  vertex 5.0452147 0.48077345 0.9136776
 endloop
endfacet
facet normal 0.19231328 0.9522402 0.23717964
 outer loop
  vertex 5.0452147 0.48077345 0.9136776
  vertex 5.242197 0.45997715 0.8374516
  vertex 5.242275 0.46404028 0.8210753
 endloop
endfacet
facet normal 0.12139129 0.98941284 0.0795384
 outer loop
  vertex 5.0452147 0.48077345 0.9136776
  vertex 5.242275 0.46404028 0.8210753
  vertex 4.847397 0.5006118 0.968809
 endloop
endfacet
facet normal 0.1396452 0.9815959 0.13026443
 outer loop
  vertex 4.847397 0.5006118 0.968809
  vertex 5.242275 0.46404028 0.8210753
  vertex 4.847431 0.5031276 0.9498147
 endloop
endfacet
facet normal 0.093153946 0.9870097 0.13089749
 outer loop
  vertex 4.847397 0.5006118 0.968809
  vertex 4.847431 0.5031276 0.9498147
  vertex 4.6483335 0.5130997 1.0163108
 endloop
endfacet
facet normal 0.08674801 0.9899969 0.111269325
 outer loop
  vertex 4.6483335 0.5130997 1.0163108
  vertex 4.847431 0.5031276 0.9498147
  vertex 4.648243 0.53127 0.8547143
 endloop
endfacet
facet normal 0.04410208 0.9927734 0.11160542
 outer loop
  vertex 4.6483335 0.5130997 1.0163108
  vertex 4.648243 0.53127 0.8547143
  vertex 4.4471283 0.5170665 1.0605329
 endloop
endfacet
facet normal 0.057042725 0.9906285 0.12410229
 outer loop
  vertex 4.4471283 0.5170665 1.0605329
  vertex 4.648243 0.53127 0.8547143
  vertex 4.4477234 0.53753996 0.8968328
 endloop
endfacet
facet normal 0.008937029 0.992226 0.12412721
 outer loop
  vertex 4.4471283 0.5170665 1.0605329
  vertex 4.4477234 0.53753996 0.8968328
  vertex 4.2407455 0.51588535 1.0848337
 endloop
endfacet
facet normal 0.023475299 0.98989236 0.13986418
 outer loop
  vertex 4.2407455 0.51588535 1.0848337
  vertex 4.4477234 0.53753996 0.8968328
  vertex 4.2429314 0.5385852 0.9238082
 endloop
endfacet
facet normal -0.020992195 0.9900305 0.13928004
 outer loop
  vertex 4.2407455 0.51588535 1.0848337
  vertex 4.2429314 0.5385852 0.9238082
  vertex 4.024436 0.51054 1.0902275
 endloop
endfacet
facet normal -0.0075319763 0.9876414 0.15654965
 outer loop
  vertex 4.024436 0.51054 1.0902275
  vertex 4.2429314 0.5385852 0.9238082
  vertex 4.027934 0.5350599 0.93570435
 endloop
endfacet
facet normal -0.044037715 0.9868387 0.15559585
 outer loop
  vertex 4.024436 0.51054 1.0902275
  vertex 4.027934 0.5350599 0.93570435
  vertex 3.7895594 0.50201464 1.0778219
 endloop
endfacet
facet normal -0.033237834 0.98433816 0.17312914
 outer loop
  vertex 3.7895594 0.50201464 1.0778219
  vertex 4.027934 0.5350599 0.93570435
  vertex 3.7919273 0.52761745 0.9327098
 endloop
endfacet
facet normal -0.057910185 0.9832982 0.17254306
 outer loop
  vertex 3.7895594 0.50201464 1.0778219
  vertex 3.7919273 0.52761745 0.9327098
  vertex 3.5152674 0.4912634 1.0470318
 endloop
endfacet
facet normal -0.051962316 0.9811279 0.18624678
 outer loop
  vertex 3.5152674 0.4912634 1.0470318
  vertex 3.7919273 0.52761745 0.9327098
  vertex 3.5098782 0.51690245 0.9104644
 endloop
endfacet
facet normal -0.07190612 0.979767 0.1867783
 outer loop
  vertex 3.5152674 0.4912634 1.0470318
  vertex 3.5098782 0.51690245 0.9104644
  vertex 2.891015 0.464921 0.9448885
 endloop
endfacet
facet normal -0.0712674 0.9780709 0.19569948
 outer loop
  vertex 2.891015 0.464921 0.9448885
  vertex 3.5098782 0.51690245 0.9104644
  vertex 2.8707237 0.4876256 0.8240255
 endloop
endfacet
facet normal -0.07840289 0.97731286 0.19675505
 outer loop
  vertex 2.891015 0.464921 0.9448885
  vertex 2.8707237 0.4876256 0.8240255
  vertex 2.1727076 0.4336319 0.81407535
 endloop
endfacet
facet normal -0.07840882 0.9783957 0.1912953
 outer loop
  vertex 2.1727076 0.4336319 0.81407535
  vertex 2.8707237 0.4876256 0.8240255
  vertex 2.4806423 0.4785018 0.71080196
 endloop
endfacet
facet normal -0.083656944 0.9807116 0.176653
 outer loop
  vertex 2.1727076 0.4336319 0.81407535
  vertex 2.4806423 0.4785018 0.71080196
  vertex 2.133789 0.44484854 0.73337424
 endloop
endfacet
facet normal 0.2689229 0.524151 0.8080508
 outer loop
  vertex 4.648493 0.35139704 1.2293173
  vertex 4.446163 0.37725067 1.2798833
  vertex 4.446089 0.35988474 1.2911726
 endloop
endfacet
facet normal 0.15814795 0.537704 0.82816887
 outer loop
  vertex 4.446089 0.35988474 1.2911726
  vertex 4.446163 0.37725067 1.2798833
  vertex 4.237192 0.38279152 1.3161911
 endloop
endfacet
facet normal 0.15935619 0.58351076 0.796317
 outer loop
  vertex 4.446089 0.35988474 1.2911726
  vertex 4.237192 0.38279152 1.3161911
  vertex 4.2369194 0.3656559 1.328802
 endloop
endfacet
facet normal 0.054673105 0.59128064 0.8046105
 outer loop
  vertex 4.2369194 0.3656559 1.328802
  vertex 4.237192 0.38279152 1.3161911
  vertex 4.018751 0.385499 1.3290445
 endloop
endfacet
facet normal 0.05813854 0.6297483 0.7746206
 outer loop
  vertex 4.2369194 0.3656559 1.328802
  vertex 4.018751 0.385499 1.3290445
  vertex 4.0183144 0.36873722 1.3427042
 endloop
endfacet
facet normal -0.033253983 0.6318989 0.7743371
 outer loop
  vertex 4.0183144 0.36873722 1.3427042
  vertex 4.018751 0.385499 1.3290445
  vertex 3.7857113 0.38545656 1.3190712
 endloop
endfacet
facet normal -0.028721903 0.6606961 0.75010383
 outer loop
  vertex 4.0183144 0.36873722 1.3427042
  vertex 3.7857113 0.38545656 1.3190712
  vertex 3.7854156 0.3691554 1.333418
 endloop
endfacet
facet normal -0.087344095 0.65904236 0.7470168
 outer loop
  vertex 3.7854156 0.3691554 1.333418
  vertex 3.7857113 0.38545656 1.3190712
  vertex 3.5246973 0.3669467 1.3048824
 endloop
endfacet
facet normal -0.09102816 0.61382496 0.7841765
 outer loop
  vertex 3.7854156 0.3691554 1.333418
  vertex 3.5246973 0.3669467 1.3048824
  vertex 3.5260448 0.3325858 1.3319353
 endloop
endfacet
facet normal -0.1298399 0.6102145 0.781524
 outer loop
  vertex 3.5260448 0.3325858 1.3319353
  vertex 3.5246973 0.3669467 1.3048824
  vertex 3.2414522 0.32876825 1.2876347
 endloop
endfacet
facet normal -0.13727167 0.5311571 0.83607936
 outer loop
  vertex 3.5260448 0.3325858 1.3319353
  vertex 3.2414522 0.32876825 1.2876347
  vertex 3.244793 0.29201126 1.3115348
 endloop
endfacet
facet normal -0.16748469 0.5266726 0.83340555
 outer loop
  vertex 3.244793 0.29201126 1.3115348
  vertex 3.2414522 0.32876825 1.2876347
  vertex 2.9366684 0.28692007 1.2528301
 endloop
endfacet
facet normal -0.175095 0.43974593 0.8808889
 outer loop
  vertex 3.244793 0.29201126 1.3115348
  vertex 2.9366684 0.28692007 1.2528301
  vertex 2.941741 0.24841833 1.2730588
 endloop
endfacet
facet normal -0.1978236 0.021613264 0.97999936
 outer loop
  vertex 1.6116495 -0.0015788078 1.0386184
  vertex 2.2527971 -0.0015788078 1.1680411
  vertex 2.2777262 0.07751703 1.1713289
 endloop
endfacet
facet normal -0.21401635 0.026863916 0.9764606
 outer loop
  vertex 2.2777262 0.07751703 1.1713289
  vertex 2.2527971 -0.0015788078 1.1680411
  vertex 2.4583864 -0.0015788078 1.2131013
 endloop
endfacet
facet normal -0.21087821 0.034269694 0.9769114
 outer loop
  vertex 2.2777262 0.07751703 1.1713289
  vertex 2.4583864 -0.0015788078 1.2131013
  vertex 2.9620323 0.08227444 1.3188778
 endloop
endfacet
facet normal -0.21445467 0.058161087 0.9750008
 outer loop
  vertex 2.9620323 0.08227444 1.3188778
  vertex 2.4583864 -0.0015788078 1.2131013
  vertex 2.9424496 -0.0015788078 1.3195726
 endloop
endfacet
facet normal -0.19019291 0.052539315 0.9803399
 outer loop
  vertex 2.9620323 0.08227444 1.3188778
  vertex 2.9424496 -0.0015788078 1.3195726
  vertex 3.2614937 0.08396101 1.376885
 endloop
endfacet
facet normal -0.19403243 0.068001956 0.9786353
 outer loop
  vertex 3.2614937 0.08396101 1.376885
  vertex 2.9424496 -0.0015788078 1.3195726
  vertex 3.275257 -0.0015788078 1.3855578
 endloop
endfacet
facet normal -0.14971629 0.07586032 0.9858146
 outer loop
  vertex 3.2614937 0.08396101 1.376885
  vertex 3.275257 -0.0015788078 1.3855578
  vertex 3.5341282 0.08508539 1.4182037
 endloop
endfacet
facet normal -0.15299071 0.08614945 0.9844654
 outer loop
  vertex 3.5341282 0.08508539 1.4182037
  vertex 3.275257 -0.0015788078 1.3855578
  vertex 3.5154018 -0.0015788078 1.4228774
 endloop
endfacet
facet normal -0.09884439 0.07487109 0.9922823
 outer loop
  vertex 3.5341282 0.08508539 1.4182037
  vertex 3.5154018 -0.0015788078 1.4228774
  vertex 3.781271 0.08557272 1.4427856
 endloop
endfacet
facet normal -0.10227834 0.08562521 0.9910638
 outer loop
  vertex 3.781271 0.08557272 1.4427856
  vertex 3.5154018 -0.0015788078 1.4228774
  vertex 3.7859592 -0.0015788078 1.4507991
 endloop
endfacet
facet normal -0.026215656 0.09013266 0.9955847
 outer loop
  vertex 3.781271 0.08557272 1.4427856
  vertex 3.7859592 -0.0015788078 1.4507991
  vertex 4.0121927 0.08538294 1.4488834
 endloop
endfacet
facet normal -0.031635646 0.1041992 0.9940532
 outer loop
  vertex 4.0121927 0.08538294 1.4488834
  vertex 3.7859592 -0.0015788078 1.4507991
  vertex 3.9942474 -0.0015788078 1.4574279
 endloop
endfacet
facet normal 0.045773786 0.08832203 0.9950397
 outer loop
  vertex 4.0121927 0.08538294 1.4488834
  vertex 3.9942474 -0.0015788078 1.4574279
  vertex 4.075493 -0.0015788078 1.4536904
 endloop
endfacet
facet normal -0.13383044 0.014510746 0.990898
 outer loop
  vertex 0.8742256 -0.0015788078 0.921831
  vertex 0.9754257 -0.0015788078 0.9354991
  vertex 1.0204296 0.06805277 0.9405576
 endloop
endfacet
facet normal -0.15767753 0.030204589 0.98702854
 outer loop
  vertex 1.0204296 0.06805277 0.9405576
  vertex 0.9754257 -0.0015788078 0.9354991
  vertex 1.4717836 0.071416855 1.0125583
 endloop
endfacet
facet normal -0.1572213 0.12351837 0.9798085
 outer loop
  vertex 1.0204296 0.06805277 0.9405576
  vertex 1.4717836 0.071416855 1.0125583
  vertex 1.0133228 0.10368204 0.9349257
 endloop
endfacet
facet normal -0.15401222 0.15828751 0.9753078
 outer loop
  vertex 1.0133228 0.10368204 0.9349257
  vertex 1.4717836 0.071416855 1.0125583
  vertex 1.455905 0.14590788 0.9979614
 endloop
endfacet
facet normal -0.19174342 0.14921165 0.97003627
 outer loop
  vertex 1.455905 0.14590788 0.9979614
  vertex 1.4717836 0.071416855 1.0125583
  vertex 2.262723 0.15769768 1.1556286
 endloop
endfacet
facet normal -0.19210476 0.15384293 0.96924096
 outer loop
  vertex 2.262723 0.15769768 1.1556286
  vertex 1.4717836 0.071416855 1.0125583
  vertex 2.2777262 0.07751703 1.1713289
 endloop
endfacet
facet normal -0.20765345 0.1504104 0.9665696
 outer loop
  vertex 2.262723 0.15769768 1.1556286
  vertex 2.2777262 0.07751703 1.1713289
  vertex 2.9518862 0.16664982 1.3022922
 endloop
endfacet
facet normal -0.20899963 0.16436118 0.96400446
 outer loop
  vertex 2.9518862 0.16664982 1.3022922
  vertex 2.2777262 0.07751703 1.1713289
  vertex 2.9620323 0.08227444 1.3188778
 endloop
endfacet
facet normal -0.18695378 0.16778469 0.9679342
 outer loop
  vertex 2.9518862 0.16664982 1.3022922
  vertex 2.9620323 0.08227444 1.3188778
  vertex 3.2548132 0.16969728 1.3602735
 endloop
endfacet
facet normal -0.18825155 0.17265598 0.9668253
 outer loop
  vertex 3.2548132 0.16969728 1.3602735
  vertex 2.9620323 0.08227444 1.3188778
  vertex 3.2614937 0.08396101 1.376885
 endloop
endfacet
facet normal -0.14808913 0.17698349 0.973009
 outer loop
  vertex 3.2548132 0.16969728 1.3602735
  vertex 3.2614937 0.08396101 1.376885
  vertex 3.531433 0.171597 1.4020287
 endloop
endfacet
facet normal -0.14818317 0.17729342 0.9729382
 outer loop
  vertex 3.531433 0.171597 1.4020287
  vertex 3.2614937 0.08396101 1.376885
  vertex 3.5341282 0.08508539 1.4182037
 endloop
endfacet
facet normal -0.09701161 0.17999695 0.9788717
 outer loop
  vertex 3.531433 0.171597 1.4020287
  vertex 3.5341282 0.08508539 1.4182037
  vertex 3.7824545 0.17220545 1.4267944
 endloop
endfacet
facet normal -0.097679265 0.18194205 0.97844565
 outer loop
  vertex 3.7824545 0.17220545 1.4267944
  vertex 3.5341282 0.08508539 1.4182037
  vertex 3.781271 0.08557272 1.4427856
 endloop
endfacet
facet normal -0.024121074 0.18178561 0.98304224
 outer loop
  vertex 3.7824545 0.17220545 1.4267944
  vertex 3.781271 0.08557272 1.4427856
  vertex 4.013942 0.17145872 1.4326125
 endloop
endfacet
facet normal -0.025782656 0.1861844 0.9821765
 outer loop
  vertex 4.013942 0.17145872 1.4326125
  vertex 3.781271 0.08557272 1.4427856
  vertex 4.0121927 0.08538294 1.4488834
 endloop
endfacet
facet normal 0.09166837 0.18315955 0.97880006
 outer loop
  vertex 4.013942 0.17145872 1.4326125
  vertex 4.0121927 0.08538294 1.4488834
  vertex 4.234186 0.1694026 1.4123706
 endloop
endfacet
facet normal 0.093388215 0.17888798 0.9794273
 outer loop
  vertex 4.234186 0.1694026 1.4123706
  vertex 4.0121927 0.08538294 1.4488834
  vertex 4.2330923 0.08452463 1.4279774
 endloop
endfacet
facet normal 0.21847501 0.1737497 0.9602498
 outer loop
  vertex 4.234186 0.1694026 1.4123706
  vertex 4.2330923 0.08452463 1.4279774
  vertex 4.4450493 0.08300924 1.3800274
 endloop
endfacet
facet normal 0.22043645 0.08438197 0.9717445
 outer loop
  vertex 4.4450493 0.08300924 1.3800274
  vertex 4.2330923 0.08452463 1.4279774
  vertex 4.2319994 -0.0015788078 1.4357022
 endloop
endfacet
facet normal 0.19288439 0.152198 0.9693458
 outer loop
  vertex 4.4450493 0.08300924 1.3800274
  vertex 4.2319994 -0.0015788078 1.4357022
  vertex 4.347274 -0.0015788078 1.4127644
 endloop
endfacet
facet normal 0.43929055 0.29604176 0.8481645
 outer loop
  vertex 6.3259544 0.17549944 0.46083045
  vertex 5.6332073 0.30133533 0.775704
  vertex 5.632921 0.24446917 0.79570067
 endloop
endfacet
facet normal 0.4277261 0.29793915 0.8533947
 outer loop
  vertex 5.632921 0.24446917 0.79570067
  vertex 5.6332073 0.30133533 0.775704
  vertex 5.2412605 0.3105421 0.9689356
 endloop
endfacet
facet normal 0.42772156 0.29755324 0.85353166
 outer loop
  vertex 5.632921 0.24446917 0.79570067
  vertex 5.2412605 0.3105421 0.9689356
  vertex 5.241105 0.27786636 0.98040473
 endloop
endfacet
facet normal 0.40870607 0.30053356 0.861765
 outer loop
  vertex 5.241105 0.27786636 0.98040473
  vertex 5.2412605 0.3105421 0.9689356
  vertex 4.846941 0.3401909 1.1456083
 endloop
endfacet
facet normal 0.40852836 0.3568883 0.84008056
 outer loop
  vertex 5.241105 0.27786636 0.98040473
  vertex 4.846941 0.3401909 1.1456083
  vertex 4.8468704 0.3049264 1.1606239
 endloop
endfacet
facet normal 0.38512173 0.36089268 0.8493749
 outer loop
  vertex 4.8468704 0.3049264 1.1606239
  vertex 4.846941 0.3401909 1.1456083
  vertex 4.6485043 0.33359623 1.2383851
 endloop
endfacet
facet normal 0.3844536 0.3876829 0.83779323
 outer loop
  vertex 4.8468704 0.3049264 1.1606239
  vertex 4.6485043 0.33359623 1.2383851
  vertex 4.6485157 0.3154416 1.2467808
 endloop
endfacet
facet normal 0.28837132 0.4020614 0.8690159
 outer loop
  vertex 4.6485157 0.3154416 1.2467808
  vertex 4.6485043 0.33359623 1.2383851
  vertex 4.4460144 0.34200478 1.3016883
 endloop
endfacet
facet normal 0.28822124 0.44933638 0.84559166
 outer loop
  vertex 4.6485157 0.3154416 1.2467808
  vertex 4.4460144 0.34200478 1.3016883
  vertex 4.44594 0.3236704 1.3114563
 endloop
endfacet
facet normal 0.17446813 0.46243802 0.86931694
 outer loop
  vertex 4.44594 0.3236704 1.3114563
  vertex 4.4460144 0.34200478 1.3016883
  vertex 4.2366457 0.34788465 1.3405799
 endloop
endfacet
facet normal 0.17594066 0.5029393 0.84622514
 outer loop
  vertex 4.44594 0.3236704 1.3114563
  vertex 4.2366457 0.34788465 1.3405799
  vertex 4.236372 0.3295474 1.3515352
 endloop
endfacet
facet normal 0.06615908 0.5110248 0.85701615
 outer loop
  vertex 4.236372 0.3295474 1.3515352
  vertex 4.2366457 0.34788465 1.3405799
  vertex 4.0178776 0.3512187 1.3554801
 endloop
endfacet
facet normal 0.06909006 0.54440624 0.8359714
 outer loop
  vertex 4.236372 0.3295474 1.3515352
  vertex 4.0178776 0.3512187 1.3554801
  vertex 4.01744 0.33302307 1.3673657
 endloop
endfacet
facet normal -0.026492944 0.5471334 0.83662605
 outer loop
  vertex 4.01744 0.33302307 1.3673657
  vertex 4.0178776 0.3512187 1.3554801
  vertex 3.7848225 0.33404827 1.3593291
 endloop
endfacet
facet normal -0.027602237 0.5040431 0.86323726
 outer loop
  vertex 4.01744 0.33302307 1.3673657
  vertex 3.7848225 0.33404827 1.3593291
  vertex 3.7842312 0.29617548 1.3814241
 endloop
endfacet
facet normal -0.09037586 0.50290376 0.85960454
 outer loop
  vertex 3.7842312 0.29617548 1.3814241
  vertex 3.7848225 0.33404827 1.3593291
  vertex 3.5273914 0.29517508 1.3550061
 endloop
endfacet
facet normal -0.09401619 0.43036994 0.8977431
 outer loop
  vertex 3.7842312 0.29617548 1.3814241
  vertex 3.5273914 0.29517508 1.3550061
  vertex 3.528739 0.25543785 1.3741969
 endloop
endfacet
facet normal -0.14017619 0.42673087 0.8934491
 outer loop
  vertex 3.528739 0.25543785 1.3741969
  vertex 3.5273914 0.29517508 1.3550061
  vertex 3.2481327 0.2527771 1.3314425
 endloop
endfacet
facet normal -0.14592327 0.31384552 0.93819374
 outer loop
  vertex 3.528739 0.25543785 1.3741969
  vertex 3.2481327 0.2527771 1.3314425
  vertex 3.2548132 0.16969728 1.3602735
 endloop
endfacet
facet normal -0.17617784 0.31004602 0.93425524
 outer loop
  vertex 3.2548132 0.16969728 1.3602735
  vertex 3.2481327 0.2527771 1.3314425
  vertex 2.9468136 0.20811892 1.2894415
 endloop
endfacet
facet normal -0.18361087 0.2704074 0.94507504
 outer loop
  vertex 3.2548132 0.16969728 1.3602735
  vertex 2.9468136 0.20811892 1.2894415
  vertex 2.9518862 0.16664982 1.3022922
 endloop
endfacet
facet normal -0.20366494 0.26698127 0.94193506
 outer loop
  vertex 2.9518862 0.16664982 1.3022922
  vertex 2.9468136 0.20811892 1.2894415
  vertex 2.2552223 0.19715929 1.1430122
 endloop
endfacet
facet normal -0.20410493 0.26270735 0.94304085
 outer loop
  vertex 2.9518862 0.16664982 1.3022922
  vertex 2.2552223 0.19715929 1.1430122
  vertex 2.262723 0.15769768 1.1556286
 endloop
endfacet
facet normal -0.18880935 0.26630962 0.9452144
 outer loop
  vertex 2.262723 0.15769768 1.1556286
  vertex 2.2552223 0.19715929 1.1430122
  vertex 1.4479656 0.18262339 0.9858557
 endloop
endfacet
facet normal -0.18844531 0.2705317 0.9440873
 outer loop
  vertex 2.262723 0.15769768 1.1556286
  vertex 1.4479656 0.18262339 0.9858557
  vertex 1.455905 0.14590788 0.9979614
 endloop
endfacet
facet normal -0.15517692 0.2789153 0.94769526
 outer loop
  vertex 1.455905 0.14590788 0.9979614
  vertex 1.4479656 0.18262339 0.9858557
  vertex 1.006216 0.13931465 0.9262692
 endloop
endfacet
facet normal -0.15705355 0.20345277 0.96640635
 outer loop
  vertex 1.455905 0.14590788 0.9979614
  vertex 1.006216 0.13931465 0.9262692
  vertex 1.0133228 0.10368204 0.9349257
 endloop
endfacet
facet normal -0.19292383 0.44124395 0.8764041
 outer loop
  vertex 2.2477207 0.23545122 1.1268119
  vertex 2.941741 0.24841833 1.2730588
  vertex 2.240219 0.27191257 1.1068033
 endloop
endfacet
facet normal -0.19365405 0.436188 0.8787708
 outer loop
  vertex 2.240219 0.27191257 1.1068033
  vertex 2.941741 0.24841833 1.2730588
  vertex 2.9366684 0.28692007 1.2528301
 endloop
endfacet
facet normal -0.18396245 0.53898007 0.82198435
 outer loop
  vertex 2.240219 0.27191257 1.1068033
  vertex 2.9366684 0.28692007 1.2528301
  vertex 2.2327175 0.3057742 1.0829211
 endloop
endfacet
facet normal -0.18524863 0.53159344 0.82649344
 outer loop
  vertex 2.2327175 0.3057742 1.0829211
  vertex 2.9366684 0.28692007 1.2528301
  vertex 2.9315958 0.32285357 1.2285811
 endloop
endfacet
facet normal -0.17198765 0.638264 0.7503594
 outer loop
  vertex 2.2327175 0.3057742 1.0829211
  vertex 2.9315958 0.32285357 1.2285811
  vertex 2.2252169 0.33626795 1.0552636
 endloop
endfacet
facet normal -0.17377134 0.62990594 0.7569822
 outer loop
  vertex 2.2252169 0.33626795 1.0552636
  vertex 2.9315958 0.32285357 1.2285811
  vertex 2.9265232 0.35543394 1.2003056
 endloop
endfacet
facet normal -0.15704677 0.7323417 0.66257966
 outer loop
  vertex 2.2252169 0.33626795 1.0552636
  vertex 2.9265232 0.35543394 1.2003056
  vertex 2.2177153 0.36268997 1.0242816
 endloop
endfacet
facet normal -0.15925094 0.7240483 0.67111343
 outer loop
  vertex 2.2177153 0.36268997 1.0242816
  vertex 2.9265232 0.35543394 1.2003056
  vertex 2.9214506 0.38390875 1.1683811
 endloop
endfacet
facet normal -0.1393928 0.81630635 0.5605476
 outer loop
  vertex 2.2177153 0.36268997 1.0242816
  vertex 2.9214506 0.38390875 1.1683811
  vertex 2.2102146 0.38452482 0.99061906
 endloop
endfacet
facet normal -0.14200133 0.80860543 0.57095784
 outer loop
  vertex 2.2102146 0.38452482 0.99061906
  vertex 2.9214506 0.38390875 1.1683811
  vertex 2.916378 0.40771675 1.133402
 endloop
endfacet
facet normal -0.12077758 0.8828096 0.45393834
 outer loop
  vertex 2.2102146 0.38452482 0.99061906
  vertex 2.916378 0.40771675 1.133402
  vertex 2.202713 0.40168905 0.9552425
 endloop
endfacet
facet normal -0.1238622 0.8757887 0.4665322
 outer loop
  vertex 2.202713 0.40168905 0.9552425
  vertex 2.916378 0.40771675 1.133402
  vertex 2.9113054 0.4267459 1.0963331
 endloop
endfacet
facet normal -0.10248685 0.93138707 0.3493059
 outer loop
  vertex 2.202713 0.40168905 0.9552425
  vertex 2.9113054 0.4267459 1.0963331
  vertex 2.1952114 0.41440344 0.91914
 endloop
endfacet
facet normal -0.08512186 0.93356377 0.3481566
 outer loop
  vertex 1.1326761 0.36950827 0.75293577
  vertex 0.94928074 0.35525036 0.7463287
  vertex 1.3923883 0.37203264 0.8096646
 endloop
endfacet
facet normal -0.0992007 0.88222575 0.4602575
 outer loop
  vertex 1.3923883 0.37203264 0.8096646
  vertex 0.94928074 0.35525036 0.7463287
  vertex 0.9564667 0.3407712 0.7756313
 endloop
endfacet
facet normal -0.09894806 0.88546836 0.454043
 outer loop
  vertex 1.3923883 0.37203264 0.8096646
  vertex 0.9564667 0.3407712 0.7756313
  vertex 1.4003277 0.35620975 0.8422524
 endloop
endfacet
facet normal -0.112743214 0.82002056 0.5611196
 outer loop
  vertex 1.4003277 0.35620975 0.8422524
  vertex 0.9564667 0.3407712 0.7756313
  vertex 0.9635744 0.32135153 0.80543935
 endloop
endfacet
facet normal -0.112705395 0.82090324 0.5598351
 outer loop
  vertex 1.4003277 0.35620975 0.8422524
  vertex 0.9635744 0.32135153 0.80543935
  vertex 1.408268 0.33603764 0.8734299
 endloop
endfacet
facet normal -0.12516938 0.7422325 0.6583491
 outer loop
  vertex 1.408268 0.33603764 0.8734299
  vertex 0.9635744 0.32135153 0.80543935
  vertex 0.9706812 0.29793024 0.83319604
 endloop
endfacet
facet normal -0.12519065 0.74091095 0.65983206
 outer loop
  vertex 1.408268 0.33603764 0.8734299
  vertex 0.9706812 0.29793024 0.83319604
  vertex 1.4162073 0.311625 0.90234864
 endloop
endfacet
facet normal -0.1354478 0.65567446 0.7427954
 outer loop
  vertex 1.4162073 0.311625 0.90234864
  vertex 0.9706812 0.29793024 0.83319604
  vertex 0.977788 0.2709322 0.85832345
 endloop
endfacet
facet normal -0.1354284 0.651457 0.74650043
 outer loop
  vertex 1.4162073 0.311625 0.90234864
  vertex 0.977788 0.2709322 0.85832345
  vertex 1.4241467 0.28342867 0.9283954
 endloop
endfacet
facet normal -0.14350139 0.56339407 0.8136304
 outer loop
  vertex 1.4241467 0.28342867 0.9283954
  vertex 0.977788 0.2709322 0.85832345
  vertex 0.98489475 0.24091911 0.8803593
 endloop
endfacet
facet normal -0.14334871 0.55624294 0.8185626
 outer loop
  vertex 1.4241467 0.28342867 0.9283954
  vertex 0.98489475 0.24091911 0.8803593
  vertex 1.432086 0.2520628 0.9511
 endloop
endfacet
facet normal -0.14932446 0.4700506 0.8699164
 outer loop
  vertex 1.432086 0.2520628 0.9511
  vertex 0.98489475 0.24091911 0.8803593
  vertex 0.9920025 0.20853901 0.8990756
 endloop
endfacet
facet normal -0.14899744 0.460741 0.87493855
 outer loop
  vertex 1.432086 0.2520628 0.9511
  vertex 0.9920025 0.20853901 0.8990756
  vertex 1.4400253 0.2182231 0.97027194
 endloop
endfacet
facet normal -0.15327688 0.37766388 0.9131682
 outer loop
  vertex 1.4400253 0.2182231 0.97027194
  vertex 0.9920025 0.20853901 0.8990756
  vertex 0.99910927 0.1744628 0.9143616
 endloop
endfacet
facet normal 0.19731808 0.668333 0.7172145
 outer loop
  vertex 4.5480204 0.42222977 1.2163063
  vertex 4.548029 0.43708277 1.2024633
  vertex 4.4463863 0.4255948 1.2411319
 endloop
endfacet
facet normal 0.18585324 0.69467103 0.6949033
 outer loop
  vertex 4.4463863 0.4255948 1.2411319
  vertex 4.548029 0.43708277 1.2024633
  vertex 4.4464607 0.44017935 1.2265323
 endloop
endfacet
facet normal 0.11551266 0.70244044 0.7023063
 outer loop
  vertex 4.4463863 0.4255948 1.2411319
  vertex 4.4464607 0.44017935 1.2265323
  vertex 4.238285 0.44356203 1.257389
 endloop
endfacet
facet normal 0.10297989 0.7868432 0.60850054
 outer loop
  vertex 4.238285 0.44356203 1.257389
  vertex 4.4464607 0.44017935 1.2265323
  vertex 4.238559 0.4564538 1.2406725
 endloop
endfacet
facet normal 0.018206872 0.79159385 0.6107762
 outer loop
  vertex 4.238285 0.44356203 1.257389
  vertex 4.238559 0.4564538 1.2406725
  vertex 4.020938 0.45554543 1.2483369
 endloop
endfacet
facet normal 0.014429365 0.8591469 0.5115256
 outer loop
  vertex 4.020938 0.45554543 1.2483369
  vertex 4.238559 0.4564538 1.2406725
  vertex 4.0213757 0.4664259 1.23005
 endloop
endfacet
facet normal -0.043059636 0.8590437 0.51008797
 outer loop
  vertex 4.020938 0.45554543 1.2483369
  vertex 4.0213757 0.4664259 1.23005
  vertex 3.7871914 0.4516697 1.2351321
 endloop
endfacet
facet normal -0.046807744 0.89537114 0.44285387
 outer loop
  vertex 3.7871914 0.4516697 1.2351321
  vertex 4.0213757 0.4664259 1.23005
  vertex 3.7877836 0.47041416 1.1972967
 endloop
endfacet
facet normal -0.07387737 0.8940729 0.44178694
 outer loop
  vertex 3.7871914 0.4516697 1.2351321
  vertex 3.7877836 0.47041416 1.1972967
  vertex 3.5206556 0.44535875 1.2033328
 endloop
endfacet
facet normal -0.07615037 0.91003877 0.40746853
 outer loop
  vertex 3.5206556 0.44535875 1.2033328
  vertex 3.7877836 0.47041416 1.1972967
  vertex 3.519309 0.4624114 1.1649958
 endloop
endfacet
facet normal -0.09203702 0.9086053 0.40738887
 outer loop
  vertex 3.5206556 0.44535875 1.2033328
  vertex 3.519309 0.4624114 1.1649958
  vertex 3.2280922 0.4369731 1.1559397
 endloop
endfacet
facet normal -0.09220859 0.919954 0.38102788
 outer loop
  vertex 3.2280922 0.4369731 1.1559397
  vertex 3.519309 0.4624114 1.1649958
  vertex 3.2247515 0.45260382 1.1173924
 endloop
endfacet
facet normal -0.10142341 0.9188399 0.38137472
 outer loop
  vertex 3.2280922 0.4369731 1.1559397
  vertex 3.2247515 0.45260382 1.1173924
  vertex 2.9113054 0.4267459 1.0963331
 endloop
endfacet
facet normal -0.10084274 0.92589784 0.36406577
 outer loop
  vertex 2.9113054 0.4267459 1.0963331
  vertex 3.2247515 0.45260382 1.1173924
  vertex 2.9062328 0.44119883 1.0581712
 endloop
endfacet
facet normal -0.10613467 0.925142 0.36448288
 outer loop
  vertex 2.9113054 0.4267459 1.0963331
  vertex 2.9062328 0.44119883 1.0581712
  vertex 2.1952114 0.41440344 0.91914
 endloop
endfacet
facet normal -0.17894104 0.45286542 0.87343746
 outer loop
  vertex 1.4400253 0.2182231 0.97027194
  vertex 2.2477207 0.23545122 1.1268119
  vertex 1.432086 0.2520628 0.9511
 endloop
endfacet
facet normal -0.17998755 0.44450969 0.87750524
 outer loop
  vertex 1.432086 0.2520628 0.9511
  vertex 2.2477207 0.23545122 1.1268119
  vertex 2.240219 0.27191257 1.1068033
 endloop
endfacet
facet normal -0.17111957 0.54892695 0.81816703
 outer loop
  vertex 1.432086 0.2520628 0.9511
  vertex 2.240219 0.27191257 1.1068033
  vertex 1.4241467 0.28342867 0.9283954
 endloop
endfacet
facet normal -0.17217685 0.5419938 0.8225557
 outer loop
  vertex 1.4241467 0.28342867 0.9283954
  vertex 2.240219 0.27191257 1.1068033
  vertex 2.2327175 0.3057742 1.0829211
 endloop
endfacet
facet normal -0.16061096 0.6449628 0.74714595
 outer loop
  vertex 1.4241467 0.28342867 0.9283954
  vertex 2.2327175 0.3057742 1.0829211
  vertex 1.4162073 0.311625 0.90234864
 endloop
endfacet
facet normal -0.16136694 0.6409442 0.75043416
 outer loop
  vertex 1.4162073 0.311625 0.90234864
  vertex 2.2327175 0.3057742 1.0829211
  vertex 2.2252169 0.33626795 1.0552636
 endloop
endfacet
facet normal -0.14740482 0.7354653 0.6613339
 outer loop
  vertex 1.4162073 0.311625 0.90234864
  vertex 2.2252169 0.33626795 1.0552636
  vertex 1.408268 0.33603764 0.8734299
 endloop
endfacet
facet normal -0.14760467 0.73461586 0.6622329
 outer loop
  vertex 1.408268 0.33603764 0.8734299
  vertex 2.2252169 0.33626795 1.0552636
  vertex 2.2177153 0.36268997 1.0242816
 endloop
endfacet
facet normal -0.13160905 0.816664 0.56190664
 outer loop
  vertex 1.408268 0.33603764 0.8734299
  vertex 2.2177153 0.36268997 1.0242816
  vertex 1.4003277 0.35620975 0.8422524
 endloop
endfacet
facet normal -0.1311716 0.8181176 0.55989057
 outer loop
  vertex 1.4003277 0.35620975 0.8422524
  vertex 2.2177153 0.36268997 1.0242816
  vertex 2.2102146 0.38452482 0.99061906
 endloop
endfacet
facet normal -0.1144492 0.8824158 0.45633733
 outer loop
  vertex 1.4003277 0.35620975 0.8422524
  vertex 2.2102146 0.38452482 0.99061906
  vertex 1.3923883 0.37203264 0.8096646
 endloop
endfacet
facet normal -0.11376165 0.8841666 0.45310903
 outer loop
  vertex 1.3923883 0.37203264 0.8096646
  vertex 2.2102146 0.38452482 0.99061906
  vertex 2.202713 0.40168905 0.9552425
 endloop
endfacet
facet normal -0.096926436 0.9318387 0.34968835
 outer loop
  vertex 1.3923883 0.37203264 0.8096646
  vertex 2.202713 0.40168905 0.9552425
  vertex 1.384449 0.38364172 0.7765285
 endloop
endfacet
facet normal -0.09666269 0.93233716 0.3484304
 outer loop
  vertex 1.384449 0.38364172 0.7765285
  vertex 2.202713 0.40168905 0.9552425
  vertex 2.1952114 0.41440344 0.91914
 endloop
endfacet
facet normal -0.08190477 0.9626704 0.257987
 outer loop
  vertex 1.384449 0.38364172 0.7765285
  vertex 2.1952114 0.41440344 0.91914
  vertex 2.1877098 0.42339754 0.8831972
 endloop
endfacet
facet normal -0.08686975 0.9620017 0.2588559
 outer loop
  vertex 2.1877098 0.42339754 0.8831972
  vertex 2.1952114 0.41440344 0.91914
  vertex 2.9062328 0.44119883 1.0581712
 endloop
endfacet
facet normal -0.09107308 0.956642 0.27666205
 outer loop
  vertex 2.1877098 0.42339754 0.8831972
  vertex 2.9062328 0.44119883 1.0581712
  vertex 2.9011602 0.4518075 1.0198187
 endloop
endfacet
facet normal -0.08561619 0.9573015 0.27612275
 outer loop
  vertex 2.9011602 0.4518075 1.0198187
  vertex 2.9062328 0.44119883 1.0581712
  vertex 3.2247515 0.45260382 1.1173924
 endloop
endfacet
facet normal -0.082081325 0.96092194 0.26437023
 outer loop
  vertex 2.9011602 0.4518075 1.0198187
  vertex 3.2247515 0.45260382 1.1173924
  vertex 3.5179615 0.475348 1.1257583
 endloop
endfacet
facet normal -0.08232965 0.94564515 0.3146064
 outer loop
  vertex 3.5179615 0.475348 1.1257583
  vertex 3.2247515 0.45260382 1.1173924
  vertex 3.519309 0.4624114 1.1649958
 endloop
endfacet
facet normal -0.07072988 0.94661003 0.31452614
 outer loop
  vertex 3.5179615 0.475348 1.1257583
  vertex 3.519309 0.4624114 1.1649958
  vertex 3.7883759 0.4848256 1.1580442
 endloop
endfacet
facet normal -0.06918099 0.93681866 0.34290648
 outer loop
  vertex 3.7883759 0.4848256 1.1580442
  vertex 3.519309 0.4624114 1.1649958
  vertex 3.7877836 0.47041416 1.1972967
 endloop
endfacet
facet normal -0.049425412 0.93782413 0.34357372
 outer loop
  vertex 3.7883759 0.4848256 1.1580442
  vertex 3.7877836 0.47041416 1.1972967
  vertex 4.022249 0.48478127 1.1918095
 endloop
endfacet
facet normal -0.046499014 0.9133449 0.40452304
 outer loop
  vertex 4.022249 0.48478127 1.1918095
  vertex 3.7877836 0.47041416 1.1972967
  vertex 4.0218124 0.47617817 1.2111837
 endloop
endfacet
facet normal -0.00015273814 0.91394633 0.40583503
 outer loop
  vertex 4.022249 0.48478127 1.1918095
  vertex 4.0218124 0.47617817 1.2111837
  vertex 4.239105 0.4789605 1.2049996
 endloop
endfacet
facet normal 0.0033668834 0.8623549 0.5062932
 outer loop
  vertex 4.239105 0.4789605 1.2049996
  vertex 4.0218124 0.47617817 1.2111837
  vertex 4.2388325 0.4682784 1.2231959
 endloop
endfacet
facet normal 0.07661403 0.85934526 0.5056243
 outer loop
  vertex 4.239105 0.4789605 1.2049996
  vertex 4.2388325 0.4682784 1.2231959
  vertex 4.4466085 0.46649694 1.1947407
 endloop
endfacet
facet normal 0.09030843 0.7871301 0.61013985
 outer loop
  vertex 4.4466085 0.46649694 1.1947407
  vertex 4.2388325 0.4682784 1.2231959
  vertex 4.446534 0.45384884 1.2110687
 endloop
endfacet
facet normal 0.15419273 0.78076506 0.6055004
 outer loop
  vertex 4.4466085 0.46649694 1.1947407
  vertex 4.446534 0.45384884 1.2110687
  vertex 4.548047 0.46403837 1.1720792
 endloop
endfacet
facet normal 0.16567561 0.75896597 0.6297002
 outer loop
  vertex 4.548047 0.46403837 1.1720792
  vertex 4.446534 0.45384884 1.2110687
  vertex 4.5480385 0.45105886 1.1877254
 endloop
endfacet
facet normal -0.065834716 0.98814976 0.13865733
 outer loop
  vertex 1.9895048 0.4306755 0.7481593
  vertex 1.8395882 0.41836023 0.76474416
  vertex 2.1727076 0.4336319 0.81407535
 endloop
endfacet
facet normal -0.06894202 0.98458546 0.16074346
 outer loop
  vertex 2.1727076 0.4336319 0.81407535
  vertex 1.8395882 0.41836023 0.76474416
  vertex 2.1877098 0.42339754 0.8831972
 endloop
endfacet
facet normal -0.07226842 0.9842372 0.16141386
 outer loop
  vertex 2.1727076 0.4336319 0.81407535
  vertex 2.1877098 0.42339754 0.8831972
  vertex 2.891015 0.464921 0.9448885
 endloop
endfacet
facet normal -0.07382488 0.98059577 0.18160915
 outer loop
  vertex 2.891015 0.464921 0.9448885
  vertex 2.1877098 0.42339754 0.8831972
  vertex 2.9011602 0.4518075 1.0198187
 endloop
endfacet
facet normal -0.07203132 0.98076856 0.18139656
 outer loop
  vertex 2.891015 0.464921 0.9448885
  vertex 2.9011602 0.4518075 1.0198187
  vertex 3.516615 0.48471928 1.0862652
 endloop
endfacet
facet normal -0.07696534 0.9695038 0.23267701
 outer loop
  vertex 3.516615 0.48471928 1.0862652
  vertex 2.9011602 0.4518075 1.0198187
  vertex 3.5179615 0.475348 1.1257583
 endloop
endfacet
facet normal -0.064356744 0.9704704 0.23247649
 outer loop
  vertex 3.516615 0.48471928 1.0862652
  vertex 3.5179615 0.475348 1.1257583
  vertex 3.7889671 0.49517488 1.118014
 endloop
endfacet
facet normal -0.06359159 0.96643436 0.24891917
 outer loop
  vertex 3.7889671 0.49517488 1.118014
  vertex 3.5179615 0.475348 1.1257583
  vertex 3.7883759 0.4848256 1.1580442
 endloop
endfacet
facet normal -0.04887103 0.96718454 0.24933055
 outer loop
  vertex 3.7889671 0.49517488 1.118014
  vertex 3.7883759 0.4848256 1.1580442
  vertex 4.0235615 0.5035677 1.1314398
 endloop
endfacet
facet normal -0.046337675 0.962237 0.26824018
 outer loop
  vertex 4.0235615 0.5035677 1.1314398
  vertex 3.7883759 0.4848256 1.1580442
  vertex 4.022687 0.4922166 1.1720077
 endloop
endfacet
facet normal -0.01845544 0.9629518 0.26904124
 outer loop
  vertex 4.0235615 0.5035677 1.1314398
  vertex 4.022687 0.4922166 1.1720077
  vertex 4.2399254 0.50344896 1.1467067
 endloop
endfacet
facet normal -0.011194626 0.9460343 0.3238732
 outer loop
  vertex 4.2399254 0.50344896 1.1467067
  vertex 4.022687 0.4922166 1.1720077
  vertex 4.2396526 0.49660873 1.1666776
 endloop
endfacet
facet normal 0.038389616 0.9451884 0.32426068
 outer loop
  vertex 4.2399254 0.50344896 1.1467067
  vertex 4.2396526 0.49660873 1.1666776
  vertex 4.4468307 0.4970603 1.1408333
 endloop
endfacet
facet normal 0.051182482 0.9032364 0.42608023
 outer loop
  vertex 4.4468307 0.4970603 1.1408333
  vertex 4.2396526 0.49660873 1.1666776
  vertex 4.4467573 0.48822355 1.1595749
 endloop
endfacet
facet normal 0.12394448 0.89733744 0.42358395
 outer loop
  vertex 4.4468307 0.4970603 1.1408333
  vertex 4.4467573 0.48822355 1.1595749
  vertex 4.64839 0.48330832 1.110988
 endloop
endfacet
facet normal 0.12613076 0.8924523 0.43315113
 outer loop
  vertex 4.64839 0.48330832 1.110988
  vertex 4.4467573 0.48822355 1.1595749
  vertex 4.5480556 0.47587013 1.1555301
 endloop
endfacet
facet normal 0.1749563 0.8282112 0.5324063
 outer loop
  vertex 4.64839 0.48330832 1.110988
  vertex 4.5480556 0.47587013 1.1555301
  vertex 4.6484013 0.47252035 1.127766
 endloop
endfacet
facet normal 0.18484923 0.79941434 0.5716359
 outer loop
  vertex 4.6484013 0.47252035 1.127766
  vertex 4.5480556 0.47587013 1.1555301
  vertex 4.548047 0.46403837 1.1720792
 endloop
endfacet
facet normal 0.19671942 0.7795032 0.59470665
 outer loop
  vertex 4.6484013 0.47252035 1.127766
  vertex 4.548047 0.46403837 1.1720792
  vertex 4.6484127 0.46042442 1.1436168
 endloop
endfacet
facet normal 0.2043849 0.753345 0.6250584
 outer loop
  vertex 4.6484127 0.46042442 1.1436168
  vertex 4.548047 0.46403837 1.1720792
  vertex 4.5480385 0.45105886 1.1877254
 endloop
endfacet
facet normal 0.21675985 0.7299258 0.6482465
 outer loop
  vertex 4.6484127 0.46042442 1.1436168
  vertex 4.5480385 0.45105886 1.1877254
  vertex 4.648424 0.44718647 1.1585189
 endloop
endfacet
facet normal 0.22248988 0.70735085 0.6709344
 outer loop
  vertex 4.648424 0.44718647 1.1585189
  vertex 4.5480385 0.45105886 1.1877254
  vertex 4.548029 0.43708277 1.2024633
 endloop
endfacet
facet normal 0.23492984 0.68123055 0.69334906
 outer loop
  vertex 4.648424 0.44718647 1.1585189
  vertex 4.548029 0.43708277 1.2024633
  vertex 4.6484356 0.43297625 1.1724769
 endloop
endfacet
facet normal 0.23922321 0.6619281 0.71036845
 outer loop
  vertex 4.6484356 0.43297625 1.1724769
  vertex 4.548029 0.43708277 1.2024633
  vertex 4.5480204 0.42222977 1.2163063
 endloop
endfacet
facet normal 0.25140306 0.6339124 0.7314038
 outer loop
  vertex 4.6484356 0.43297625 1.1724769
  vertex 4.5480204 0.42222977 1.2163063
  vertex 4.648447 0.41792727 1.185516
 endloop
endfacet
facet normal 0.254605 0.61762136 0.74412376
 outer loop
  vertex 4.648447 0.41792727 1.185516
  vertex 4.5480204 0.42222977 1.2163063
  vertex 4.548012 0.40659904 1.2292827
 endloop
endfacet
facet normal 0.26629668 0.5884679 0.7634079
 outer loop
  vertex 4.648447 0.41792727 1.185516
  vertex 4.548012 0.40659904 1.2292827
  vertex 4.6484585 0.4021449 1.1976777
 endloop
endfacet
facet normal 0.2733077 0.5465029 0.7916044
 outer loop
  vertex 4.6484585 0.4021449 1.1976777
  vertex 4.548012 0.40659904 1.2292827
  vertex 4.64847 0.38573313 1.209004
 endloop
endfacet
facet normal 0.3460987 0.53305954 0.77205133
 outer loop
  vertex 4.6484585 0.4021449 1.1976777
  vertex 4.64847 0.38573313 1.209004
  vertex 4.8470106 0.37418127 1.1279773
 endloop
endfacet
facet normal 0.35298216 0.494208 0.794457
 outer loop
  vertex 4.8470106 0.37418127 1.1279773
  vertex 4.64847 0.38573313 1.209004
  vertex 4.6484814 0.368793 1.2195369
 endloop
endfacet
facet normal 0.36903813 0.42735216 0.8253368
 outer loop
  vertex 4.8470106 0.37418127 1.1279773
  vertex 4.6484814 0.368793 1.2195369
  vertex 4.846941 0.3401909 1.1456083
 endloop
endfacet
facet normal 0.3676423 0.45593977 0.81052953
 outer loop
  vertex 4.846941 0.3401909 1.1456083
  vertex 4.6484814 0.368793 1.2195369
  vertex 4.648493 0.35139704 1.2293173
 endloop
endfacet
facet normal 0.37255856 0.4214165 0.82680607
 outer loop
  vertex 4.846941 0.3401909 1.1456083
  vertex 4.648493 0.35139704 1.2293173
  vertex 4.6485043 0.33359623 1.2383851
 endloop
endfacet
facet normal 0.27969792 0.43593004 0.85541457
 outer loop
  vertex 4.6485043 0.33359623 1.2383851
  vertex 4.648493 0.35139704 1.2293173
  vertex 4.446089 0.35988474 1.2911726
 endloop
endfacet
facet normal 0.27910325 0.48594213 0.828228
 outer loop
  vertex 4.6485043 0.33359623 1.2383851
  vertex 4.446089 0.35988474 1.2911726
  vertex 4.4460144 0.34200478 1.3016883
 endloop
endfacet
facet normal 0.16672958 0.49933934 0.8502126
 outer loop
  vertex 4.4460144 0.34200478 1.3016883
  vertex 4.446089 0.35988474 1.2911726
  vertex 4.2369194 0.3656559 1.328802
 endloop
endfacet
facet normal 0.16809897 0.54277617 0.8228832
 outer loop
  vertex 4.4460144 0.34200478 1.3016883
  vertex 4.2369194 0.3656559 1.328802
  vertex 4.2366457 0.34788465 1.3405799
 endloop
endfacet
facet normal 0.060702793 0.550769 0.83244747
 outer loop
  vertex 4.2366457 0.34788465 1.3405799
  vertex 4.2369194 0.3656559 1.328802
  vertex 4.0183144 0.36873722 1.3427042
 endloop
endfacet
facet normal 0.06391493 0.5869861 0.8070701
 outer loop
  vertex 4.2366457 0.34788465 1.3405799
  vertex 4.0183144 0.36873722 1.3427042
  vertex 4.0178776 0.3512187 1.3554801
 endloop
endfacet
facet normal -0.031126492 0.58945274 0.807203
 outer loop
  vertex 4.0178776 0.3512187 1.3554801
  vertex 4.0183144 0.36873722 1.3427042
  vertex 3.7854156 0.3691554 1.333418
 endloop
endfacet
facet normal -0.03047713 0.5938902 0.8039686
 outer loop
  vertex 4.0178776 0.3512187 1.3554801
  vertex 3.7854156 0.3691554 1.333418
  vertex 3.7848225 0.33404827 1.3593291
 endloop
endfacet
facet normal -0.088114284 0.5924863 0.80074704
 outer loop
  vertex 3.7848225 0.33404827 1.3593291
  vertex 3.7854156 0.3691554 1.333418
  vertex 3.5260448 0.3325858 1.3319353
 endloop
endfacet
facet normal -0.09281145 0.5202148 0.8489773
 outer loop
  vertex 3.7848225 0.33404827 1.3593291
  vertex 3.5260448 0.3325858 1.3319353
  vertex 3.5273914 0.29517508 1.3550061
 endloop
endfacet
facet normal -0.13583557 0.5164909 0.8454501
 outer loop
  vertex 3.5273914 0.29517508 1.3550061
  vertex 3.5260448 0.3325858 1.3319353
  vertex 3.244793 0.29201126 1.3115348
 endloop
endfacet
facet normal -0.14144596 0.4383396 0.88761
 outer loop
  vertex 3.5273914 0.29517508 1.3550061
  vertex 3.244793 0.29201126 1.3115348
  vertex 3.2481327 0.2527771 1.3314425
 endloop
endfacet
facet normal -0.17461547 0.43367776 0.883987
 outer loop
  vertex 3.2481327 0.2527771 1.3314425
  vertex 3.244793 0.29201126 1.3115348
  vertex 2.941741 0.24841833 1.2730588
 endloop
endfacet
facet normal -0.18009663 0.35089883 0.91893154
 outer loop
  vertex 3.2481327 0.2527771 1.3314425
  vertex 2.941741 0.24841833 1.2730588
  vertex 2.9468136 0.20811892 1.2894415
 endloop
endfacet
facet normal -0.1995663 0.34735832 0.91625077
 outer loop
  vertex 2.9468136 0.20811892 1.2894415
  vertex 2.941741 0.24841833 1.2730588
  vertex 2.2477207 0.23545122 1.1268119
 endloop
endfacet
facet normal -0.19943842 0.34841275 0.9158782
 outer loop
  vertex 2.9468136 0.20811892 1.2894415
  vertex 2.2477207 0.23545122 1.1268119
  vertex 2.2552223 0.19715929 1.1430122
 endloop
endfacet
facet normal -0.18533015 0.35187057 0.9175183
 outer loop
  vertex 2.2552223 0.19715929 1.1430122
  vertex 2.2477207 0.23545122 1.1268119
  vertex 1.4400253 0.2182231 0.97027194
 endloop
endfacet
facet normal -0.18456157 0.35928592 0.9147954
 outer loop
  vertex 2.2552223 0.19715929 1.1430122
  vertex 1.4400253 0.2182231 0.97027194
  vertex 1.4479656 0.18262339 0.9858557
 endloop
endfacet
facet normal -0.15280296 0.36750257 0.9173839
 outer loop
  vertex 1.4479656 0.18262339 0.9858557
  vertex 1.4400253 0.2182231 0.97027194
  vertex 0.99910927 0.1744628 0.9143616
 endloop
endfacet
facet normal -0.15572065 0.288566 0.94471204
 outer loop
  vertex 1.4479656 0.18262339 0.9858557
  vertex 0.99910927 0.1744628 0.9143616
  vertex 1.006216 0.13931465 0.9262692
 endloop
endfacet
endsolid 
