solid 
facet normal 0.1075632 -0.9223621 0.37105027
 outer loop
  vertex -3.9539404 -0.05922222 0.62481534
  vertex -3.9526682 -0.061841488 0.61793554
  vertex -3.8279362 -0.043046474 0.6284981
 endloop
endfacet
facet normal 0.18768007 -0.8923651 0.41043973
 outer loop
  vertex -3.7454967 -0.02208376 0.6433022
  vertex -3.7721615 -0.027040005 0.64471936
  vertex -3.7704782 -0.029848576 0.6378434
 endloop
endfacet
facet normal -0.0065453397 -0.9465552 0.32247567
 outer loop
  vertex -4.9744797 -0.13549614 0.51713526
  vertex -4.9749017 -0.13409424 0.52124166
  vertex -5.103888 -0.13602972 0.51294243
 endloop
endfacet
facet normal -0.026796216 -0.9795986 0.1991698
 outer loop
  vertex -5.489862 -0.13983774 0.468935
  vertex -5.4904847 -0.13880014 0.47395456
  vertex -5.619522 -0.13771391 0.46193647
 endloop
endfacet
facet normal 0.4425324 -0.6523031 0.61535823
 outer loop
  vertex -3.6931696 -0.007578373 0.63567305
  vertex -3.6998725 -0.008515835 0.63949966
  vertex -3.6937175 -0.013585091 0.6296997
 endloop
endfacet
facet normal 0.20584273 -0.9209258 0.33094466
 outer loop
  vertex -3.7569666 -0.019003391 0.657632
  vertex -3.7776785 -0.0232234 0.6587714
  vertex -3.7721615 -0.027040005 0.64471936
 endloop
endfacet
facet normal 0.026443664 -0.9968339 0.07498595
 outer loop
  vertex -4.7268844 -0.11980915 0.5766604
  vertex -4.978228 -0.12809753 0.5551138
  vertex -4.977415 -0.1287179 0.5465802
 endloop
endfacet
facet normal 0.016810322 -0.99710995 0.074088246
 outer loop
  vertex -4.977415 -0.1287179 0.5465802
  vertex -4.978228 -0.12809753 0.5551138
  vertex -5.1657248 -0.1326747 0.53605473
 endloop
endfacet
facet normal 0.51447606 0.50069433 0.69614625
 outer loop
  vertex -3.6874733 -0.0015797615 0.63275063
  vertex -3.687563 -0.0015788078 0.6328162
  vertex -3.6832628 -0.0019335747 0.6298934
 endloop
endfacet
facet normal 0.526513 0.45228082 0.7198794
 outer loop
  vertex -3.6874733 -0.0015797615 0.63275063
  vertex -3.6832628 -0.0019335747 0.6298934
  vertex -3.684866 -0.0015788078 0.63084304
 endloop
endfacet
facet normal 0.52540636 0.43258053 0.73268163
 outer loop
  vertex -3.6766644 -0.0015788078 0.6249522
  vertex -3.6839366 -0.0015788078 0.6301671
  vertex -3.6832628 -0.0019335747 0.6298934
 endloop
endfacet
facet normal 0.5269865 0.43977872 0.72724134
 outer loop
  vertex -3.6832628 -0.0019335747 0.6298934
  vertex -3.6839366 -0.0015788078 0.6301671
  vertex -3.6840024 -0.0015788078 0.6302148
 endloop
endfacet
facet normal 0.5274788 0.44278288 0.7250582
 outer loop
  vertex -3.6832628 -0.0019335747 0.6298934
  vertex -3.6840024 -0.0015788078 0.6302148
  vertex -3.684866 -0.0015788078 0.63084304
 endloop
endfacet
facet normal 0.5744179 0.19082186 0.7960095
 outer loop
  vertex -3.674653 -0.0028204918 0.62397873
  vertex -3.6706333 -0.001578331 0.6207802
  vertex -3.6753025 -0.002732277 0.62442625
 endloop
endfacet
facet normal 0.5452099 0.2849324 0.7883905
 outer loop
  vertex -3.6753025 -0.002732277 0.62442625
  vertex -3.6706333 -0.001578331 0.6207802
  vertex -3.676569 -0.0015788078 0.6248852
 endloop
endfacet
facet normal 0.5641364 0.3158654 0.7628756
 outer loop
  vertex -3.6753025 -0.002732277 0.62442625
  vertex -3.676569 -0.0015788078 0.6248852
  vertex -3.6767988 -0.0025520325 0.6254581
 endloop
endfacet
facet normal 0.543245 0.32693723 0.7733025
 outer loop
  vertex -3.6767988 -0.0025520325 0.6254581
  vertex -3.676569 -0.0015788078 0.6248852
  vertex -3.6766644 -0.0015788078 0.6249522
 endloop
endfacet
facet normal 0.5597729 0.3200063 0.7643627
 outer loop
  vertex -3.6767988 -0.0025520325 0.6254581
  vertex -3.6766644 -0.0015788078 0.6249522
  vertex -3.678998 -0.0023207664 0.62697184
 endloop
endfacet
facet normal 0.55279493 0.33649504 0.7623574
 outer loop
  vertex -3.678998 -0.0023207664 0.62697184
  vertex -3.6766644 -0.0015788078 0.6249522
  vertex -3.6832628 -0.0019335747 0.6298934
 endloop
endfacet
facet normal 0.5787637 0.17692053 0.79607266
 outer loop
  vertex -3.674653 -0.0028204918 0.62397873
  vertex -3.672925 -0.003112793 0.62278736
  vertex -3.6706333 -0.001578331 0.6207802
 endloop
endfacet
facet normal 0.5846641 0.1656404 0.7941858
 outer loop
  vertex -3.6706333 -0.001578331 0.6207802
  vertex -3.672925 -0.003112793 0.62278736
  vertex -3.672511 -0.0032076836 0.62250245
 endloop
endfacet
facet normal 0.546915 0.22271156 0.80702144
 outer loop
  vertex -3.6706333 -0.001578331 0.6207802
  vertex -3.672511 -0.0032076836 0.62250245
  vertex -3.670536 -0.001578331 0.6207143
 endloop
endfacet
facet normal 0.58927786 0.15573142 0.7927795
 outer loop
  vertex -3.670536 -0.001578331 0.6207143
  vertex -3.672511 -0.0032076836 0.62250245
  vertex -3.672038 -0.00334692 0.6221782
 endloop
endfacet
facet normal 0.544773 0.20944375 0.8120072
 outer loop
  vertex -3.670536 -0.001578331 0.6207143
  vertex -3.672038 -0.00334692 0.6221782
  vertex -3.6699076 -0.0015778542 0.62029254
 endloop
endfacet
facet normal -0.2077095 -0.9254986 0.31671613
 outer loop
  vertex -7.3054013 -0.0015788078 0.4883194
  vertex -7.277832 -0.008656979 0.48571646
  vertex -7.3053684 -0.0015788078 0.48834097
 endloop
endfacet
facet normal -0.20485793 -0.9204205 0.33295545
 outer loop
  vertex -7.3053684 -0.0015788078 0.48834097
  vertex -7.277832 -0.008656979 0.48571646
  vertex -7.2781334 -0.0056972504 0.4937129
 endloop
endfacet
facet normal -0.19946219 -0.93451005 0.2947979
 outer loop
  vertex -7.3053684 -0.0015788078 0.48834097
  vertex -7.2781334 -0.0056972504 0.4937129
  vertex -7.2980447 -0.0015788078 0.49329627
 endloop
endfacet
facet normal -0.20044976 -0.94180906 0.2698438
 outer loop
  vertex -7.2980447 -0.0015788078 0.49329627
  vertex -7.2781334 -0.0056972504 0.4937129
  vertex -7.278545 -0.003279686 0.501845
 endloop
endfacet
facet normal -0.18337028 -0.95623446 0.22801518
 outer loop
  vertex -7.2980447 -0.0015788078 0.49329627
  vertex -7.278545 -0.003279686 0.501845
  vertex -7.2821126 -0.0015788078 0.5061089
 endloop
endfacet
facet normal -0.16953504 -0.98256 0.07637953
 outer loop
  vertex -7.268293 -0.0015788078 0.52537835
  vertex -7.2705035 -0.0015788078 0.5204716
  vertex -7.155909 -0.021308422 0.5210247
 endloop
endfacet
facet normal -0.17095661 -0.98416007 0.046935204
 outer loop
  vertex -7.268293 -0.0015788078 0.52537835
  vertex -7.155909 -0.021308422 0.5210247
  vertex -7.267257 -0.0015788078 0.5291507
 endloop
endfacet
facet normal -0.16913368 -0.9792371 0.111752085
 outer loop
  vertex -7.2705035 -0.0015788078 0.5204716
  vertex -7.274494 -0.0015788078 0.51443183
  vertex -7.155909 -0.021308422 0.5210247
 endloop
endfacet
facet normal -0.17021352 -0.9747313 0.14465868
 outer loop
  vertex -7.155909 -0.021308422 0.5210247
  vertex -7.274494 -0.0015788078 0.51443183
  vertex -7.278273 -0.0015788078 0.5099853
 endloop
endfacet
facet normal -0.15587135 -0.9845015 -0.08037965
 outer loop
  vertex -7.269281 -0.0015788078 0.54387295
  vertex -7.2692633 -0.0015788078 0.54383874
  vertex -7.1096683 -0.02728796 0.5492432
 endloop
endfacet
facet normal -0.1567074 -0.98572713 -0.061521094
 outer loop
  vertex -7.1096683 -0.02728796 0.5492432
  vertex -7.2692633 -0.0015788078 0.54383874
  vertex -7.2677484 -0.0015788078 0.53997993
 endloop
endfacet
facet normal -0.15849344 -0.9867761 -0.033953115
 outer loop
  vertex -7.1096683 -0.02728796 0.5492432
  vertex -7.2677484 -0.0015788078 0.53997993
  vertex -7.2670083 -0.0015788078 0.53652537
 endloop
endfacet
facet normal -0.16369145 -0.9864796 -0.007949953
 outer loop
  vertex -7.2670083 -0.0015788078 0.53652537
  vertex -7.26683 -0.0015788078 0.53285336
  vertex -7.1559772 -0.019992352 0.5352361
 endloop
endfacet
facet normal -0.16325668 -0.9862393 0.026060842
 outer loop
  vertex -7.2670083 -0.0015788078 0.53652537
  vertex -7.1559772 -0.019992352 0.5352361
  vertex -7.1096683 -0.02728796 0.5492432
 endloop
endfacet
facet normal -0.14376166 -0.98881435 -0.03973302
 outer loop
  vertex -7.1096683 -0.02728796 0.5492432
  vertex -7.1559772 -0.019992352 0.5352361
  vertex -7.0299377 -0.038313866 0.53515875
 endloop
endfacet
facet normal -0.13295543 -0.9908543 0.02303676
 outer loop
  vertex -7.1096683 -0.02728796 0.5492432
  vertex -7.0299377 -0.038313866 0.53515875
  vertex -6.9399137 -0.050260544 0.5408784
 endloop
endfacet
facet normal -0.12549792 -0.988126 -0.08864136
 outer loop
  vertex -6.9399137 -0.050260544 0.5408784
  vertex -7.0299377 -0.038313866 0.53515875
  vertex -6.7760296 -0.06879854 0.51550376
 endloop
endfacet
facet normal -0.1159617 -0.9929755 -0.023508055
 outer loop
  vertex -6.9399137 -0.050260544 0.5408784
  vertex -6.7760296 -0.06879854 0.51550376
  vertex -6.7751775 -0.06907892 0.52314365
 endloop
endfacet
facet normal -0.06192046 -0.9979765 0.014452863
 outer loop
  vertex -6.2624774 -0.11209631 0.47309482
  vertex -6.2644653 -0.1119709 0.4732374
  vertex -6.2651215 -0.11207771 0.46305096
 endloop
endfacet
facet normal -0.066847734 -0.99765396 0.014766856
 outer loop
  vertex -6.2651215 -0.11207771 0.46305096
  vertex -6.2644653 -0.1119709 0.4732374
  vertex -6.39247 -0.10324144 0.48354185
 endloop
endfacet
facet normal -0.06720948 -0.99766034 0.012521319
 outer loop
  vertex -6.2651215 -0.11207771 0.46305096
  vertex -6.39247 -0.10324144 0.48354185
  vertex -6.393398 -0.10332537 0.47187436
 endloop
endfacet
facet normal -0.07720715 -0.99692625 0.013311161
 outer loop
  vertex -6.393398 -0.10332537 0.47187436
  vertex -6.39247 -0.10324144 0.48354185
  vertex -6.520299 -0.093188286 0.49503136
 endloop
endfacet
facet normal -0.08214659 -0.99652284 -0.013933771
 outer loop
  vertex -6.393398 -0.10332537 0.47187436
  vertex -6.520299 -0.093188286 0.49503136
  vertex -6.520856 -0.093048096 0.48828864
 endloop
endfacet
facet normal -0.08874659 -0.99596447 -0.013377006
 outer loop
  vertex -6.520856 -0.093048096 0.48828864
  vertex -6.520299 -0.093188286 0.49503136
  vertex -6.6100245 -0.08531189 0.50386894
 endloop
endfacet
facet normal -0.10659225 -0.9870422 -0.119940974
 outer loop
  vertex -6.520856 -0.093048096 0.48828864
  vertex -6.6100245 -0.08531189 0.50386894
  vertex -6.7760296 -0.06879854 0.51550376
 endloop
endfacet
facet normal -0.10637049 -0.9875265 -0.11608931
 outer loop
  vertex -6.7760296 -0.06879854 0.51550376
  vertex -6.6100245 -0.08531189 0.50386894
  vertex -6.6887727 -0.0778532 0.51257634
 endloop
endfacet
facet normal -0.104009986 -0.99426484 -0.024888368
 outer loop
  vertex -6.7760296 -0.06879854 0.51550376
  vertex -6.6887727 -0.0778532 0.51257634
  vertex -6.7751775 -0.06907892 0.52314365
 endloop
endfacet
facet normal -0.05301944 -0.99852014 0.012108649
 outer loop
  vertex -6.2624774 -0.11209631 0.47309482
  vertex -6.2651215 -0.11207771 0.46305096
  vertex -6.0219774 -0.12499809 0.46223354
 endloop
endfacet
facet normal -0.05303718 -0.9985642 0.0075304327
 outer loop
  vertex -6.0219774 -0.12499809 0.46223354
  vertex -6.2651215 -0.11207771 0.46305096
  vertex -6.007785 -0.12581778 0.45349944
 endloop
endfacet
facet normal -0.03565725 -0.9987231 0.035787057
 outer loop
  vertex -6.0219774 -0.12499809 0.46223354
  vertex -6.007785 -0.12581778 0.45349944
  vertex -5.7942243 -0.13295364 0.467142
 endloop
endfacet
facet normal -0.032651924 -0.9993993 -0.011612098
 outer loop
  vertex -5.7942243 -0.13295364 0.467142
  vertex -6.007785 -0.12581778 0.45349944
  vertex -5.7494035 -0.13434935 0.46123254
 endloop
endfacet
facet normal -0.022195153 -0.99748945 0.067247294
 outer loop
  vertex -5.7942243 -0.13295364 0.467142
  vertex -5.7494035 -0.13434935 0.46123254
  vertex -5.6204658 -0.13654518 0.47121763
 endloop
endfacet
facet normal 0.0013243575 -0.99811256 0.061396778
 outer loop
  vertex -5.2345877 -0.13513708 0.5144068
  vertex -5.493005 -0.1367178 0.49428368
  vertex -5.4917417 -0.13734293 0.4840938
 endloop
endfacet
facet normal -0.008997093 -0.99815065 0.06011967
 outer loop
  vertex -5.4917417 -0.13734293 0.4840938
  vertex -5.493005 -0.1367178 0.49428368
  vertex -5.554728 -0.13657951 0.48734248
 endloop
endfacet
facet normal 0.0765027 -0.98164487 0.17470159
 outer loop
  vertex -4.206996 -0.090661526 0.60635865
  vertex -4.2087884 -0.08852577 0.6191443
  vertex -4.280594 -0.095086575 0.6137233
 endloop
endfacet
facet normal 0.11211911 -0.9658932 0.23340859
 outer loop
  vertex -4.1344614 -0.079453945 0.625221
  vertex -4.081947 -0.07505417 0.6182021
  vertex -4.134423 -0.07944822 0.62522614
 endloop
endfacet
facet normal 0.109320335 -0.97183627 0.20876628
 outer loop
  vertex -4.134423 -0.07944822 0.62522614
  vertex -4.081947 -0.07505417 0.6182021
  vertex -4.132073 -0.079119205 0.62552726
 endloop
endfacet
facet normal 0.109068535 -0.972343 0.20652644
 outer loop
  vertex -4.1344614 -0.079453945 0.625221
  vertex -4.134588 -0.07947159 0.6252047
  vertex -4.081947 -0.07505417 0.6182021
 endloop
endfacet
facet normal 0.10932524 -0.9718332 0.20877774
 outer loop
  vertex -4.081947 -0.07505417 0.6182021
  vertex -4.134588 -0.07947159 0.6252047
  vertex -4.1363487 -0.07971811 0.62497926
 endloop
endfacet
facet normal 0.109332696 -0.97181714 0.20884874
 outer loop
  vertex -4.081947 -0.07505417 0.6182021
  vertex -4.1363487 -0.07971811 0.62497926
  vertex -4.138864 -0.080070496 0.6246563
 endloop
endfacet
facet normal 0.109311156 -0.971869 0.20861848
 outer loop
  vertex -4.138864 -0.080070496 0.6246563
  vertex -4.141379 -0.08042288 0.6243324
  vertex -4.081947 -0.07505417 0.6182021
 endloop
endfacet
facet normal 0.10922137 -0.9721107 0.20753638
 outer loop
  vertex -4.081947 -0.07505417 0.6182021
  vertex -4.141379 -0.08042288 0.6243324
  vertex -4.1438937 -0.080774784 0.6240076
 endloop
endfacet
facet normal 0.10919331 -0.9721957 0.20715323
 outer loop
  vertex -4.081947 -0.07505417 0.6182021
  vertex -4.1438937 -0.080774784 0.6240076
  vertex -4.146409 -0.08112669 0.6236819
 endloop
endfacet
facet normal 0.10917679 -0.9722523 0.20689607
 outer loop
  vertex -4.146409 -0.08112669 0.6236819
  vertex -4.148924 -0.081478596 0.62335527
  vertex -4.081947 -0.07505417 0.6182021
 endloop
endfacet
facet normal 0.10915934 -0.97232044 0.2065845
 outer loop
  vertex -4.081947 -0.07505417 0.6182021
  vertex -4.148924 -0.081478596 0.62335527
  vertex -4.151438 -0.0818305 0.62302756
 endloop
endfacet
facet normal 0.109136544 -0.9724234 0.20611146
 outer loop
  vertex -4.081947 -0.07505417 0.6182021
  vertex -4.151438 -0.0818305 0.62302756
  vertex -4.153953 -0.08218241 0.6226989
 endloop
endfacet
facet normal 0.10908942 -0.97267115 0.20496403
 outer loop
  vertex -4.153953 -0.08218241 0.6226989
  vertex -4.1564674 -0.08253384 0.6223694
  vertex -4.081947 -0.07505417 0.6182021
 endloop
endfacet
facet normal 0.109092906 -0.97264946 0.20506543
 outer loop
  vertex -4.081947 -0.07505417 0.6182021
  vertex -4.1564674 -0.08253384 0.6223694
  vertex -4.1586704 -0.08284235 0.62207806
 endloop
endfacet
facet normal 0.10760224 -0.9816405 0.15749207
 outer loop
  vertex -4.081947 -0.07505417 0.6182021
  vertex -4.1586704 -0.08284235 0.62207806
  vertex -4.206996 -0.090661526 0.60635865
 endloop
endfacet
facet normal 0.12270772 -0.9859652 0.113205165
 outer loop
  vertex -4.206996 -0.090661526 0.60635865
  vertex -4.1586704 -0.08284235 0.62207806
  vertex -4.159485 -0.08295584 0.62197244
 endloop
endfacet
facet normal 0.100408375 -0.978966 0.17760545
 outer loop
  vertex -4.206996 -0.090661526 0.60635865
  vertex -4.159485 -0.08295584 0.62197244
  vertex -4.2087884 -0.08852577 0.6191443
 endloop
endfacet
facet normal 0.10971542 -0.9711204 0.21186708
 outer loop
  vertex -4.132073 -0.079119205 0.62552726
  vertex -4.081947 -0.07505417 0.6182021
  vertex -4.1065354 -0.07553291 0.6287409
 endloop
endfacet
facet normal 0.11391668 -0.96841687 0.22179204
 outer loop
  vertex -4.1065354 -0.07553291 0.6287409
  vertex -4.081947 -0.07505417 0.6182021
  vertex -3.9551578 -0.057029247 0.6317835
 endloop
endfacet
facet normal 0.112910315 -0.96357685 0.24242705
 outer loop
  vertex -4.1065354 -0.07553291 0.6287409
  vertex -3.9551578 -0.057029247 0.6317835
  vertex -3.9409156 -0.051396847 0.64753735
 endloop
endfacet
facet normal 0.13202994 -0.9652031 0.22572348
 outer loop
  vertex -3.9409156 -0.051396847 0.64753735
  vertex -3.9551578 -0.057029247 0.6317835
  vertex -3.8308372 -0.037497044 0.6425866
 endloop
endfacet
facet normal 0.1327098 -0.9482998 0.2882977
 outer loop
  vertex -3.9409156 -0.051396847 0.64753735
  vertex -3.8308372 -0.037497044 0.6425866
  vertex -3.8214622 -0.03159666 0.6576792
 endloop
endfacet
facet normal 0.22773713 -0.92402387 0.30710873
 outer loop
  vertex -3.7569666 -0.019003391 0.657632
  vertex -3.7721615 -0.027040005 0.64471936
  vertex -3.749076 -0.017377377 0.65667295
 endloop
endfacet
facet normal 0.35430056 -0.8027391 0.47966772
 outer loop
  vertex -3.7077951 -0.009662151 0.64370465
  vertex -3.7142553 -0.010714054 0.646716
  vertex -3.7142496 -0.013559818 0.6419493
 endloop
endfacet
facet normal 0.34410417 -0.80600715 0.4816065
 outer loop
  vertex -3.7142496 -0.013559818 0.6419493
  vertex -3.7142553 -0.010714054 0.646716
  vertex -3.716649 -0.011116505 0.64775276
 endloop
endfacet
facet normal 0.33952102 -0.80846137 0.4807449
 outer loop
  vertex -3.7142496 -0.013559818 0.6419493
  vertex -3.716649 -0.011116505 0.64775276
  vertex -3.717495 -0.0112605095 0.648108
 endloop
endfacet
facet normal 0.38358673 -0.7528377 0.5348799
 outer loop
  vertex -3.7077951 -0.009662151 0.64370465
  vertex -3.705103 -0.012125969 0.63830614
  vertex -3.7066698 -0.009495735 0.64313185
 endloop
endfacet
facet normal 0.39372173 -0.7473663 0.5351886
 outer loop
  vertex -3.7066698 -0.009495735 0.64313185
  vertex -3.705103 -0.012125969 0.63830614
  vertex -3.6998725 -0.008515835 0.63949966
 endloop
endfacet
facet normal 0.45055234 -0.6498352 0.61214113
 outer loop
  vertex -3.6931696 -0.007578373 0.63567305
  vertex -3.6937175 -0.013585091 0.6296997
  vertex -3.6928577 -0.0075387955 0.63548553
 endloop
endfacet
facet normal 0.5501214 -0.35437998 0.7561621
 outer loop
  vertex -3.6774268 -0.0053977966 0.62579095
  vertex -3.6790962 -0.0056710243 0.6268774
  vertex -3.6737022 -0.009769917 0.62103224
 endloop
endfacet
facet normal 0.54356974 -0.36355034 0.7565468
 outer loop
  vertex -3.6737022 -0.009769917 0.62103224
  vertex -3.6790962 -0.0056710243 0.6268774
  vertex -3.6811342 -0.0059695244 0.62819827
 endloop
endfacet
facet normal -0.17239179 -0.8716919 0.4587312
 outer loop
  vertex -7.277644 -0.012144089 0.4779111
  vertex -7.2775707 -0.0161376 0.47035015
  vertex -7.1568437 -0.03159666 0.48634386
 endloop
endfacet
facet normal -0.17286803 -0.9038719 0.39132103
 outer loop
  vertex -7.277644 -0.012144089 0.4779111
  vertex -7.1568437 -0.03159666 0.48634386
  vertex -7.1565304 -0.028755665 0.49304438
 endloop
endfacet
facet normal -0.12899536 -0.9107893 0.3922027
 outer loop
  vertex -7.1565304 -0.028755665 0.49304438
  vertex -7.1568437 -0.03159666 0.48634386
  vertex -7.032597 -0.04573965 0.4943651
 endloop
endfacet
facet normal -0.13192505 -0.9376629 0.32153407
 outer loop
  vertex -7.1565304 -0.028755665 0.49304438
  vertex -7.032597 -0.04573965 0.4943651
  vertex -7.032112 -0.04386282 0.5000373
 endloop
endfacet
facet normal -0.0975489 -0.9526327 0.2880542
 outer loop
  vertex -7.033113 -0.047876835 0.48879564
  vertex -6.9070363 -0.060191154 0.49076617
  vertex -6.9064755 -0.058870316 0.49532425
 endloop
endfacet
facet normal -0.07997461 -0.954736 0.28650162
 outer loop
  vertex -6.9064755 -0.058870316 0.49532425
  vertex -6.9070363 -0.060191154 0.49076617
  vertex -6.7794046 -0.071493626 0.48872924
 endloop
endfacet
facet normal -0.0864724 -0.9756845 0.2014009
 outer loop
  vertex -6.9064755 -0.058870316 0.49532425
  vertex -6.7794046 -0.071493626 0.48872924
  vertex -6.7788897 -0.070757866 0.49251473
 endloop
endfacet
facet normal -0.12178514 -0.8607431 0.49425673
 outer loop
  vertex -7.1572175 -0.034804344 0.47982776
  vertex -7.15765 -0.03836155 0.47352636
  vertex -7.033659 -0.05026579 0.4833467
 endloop
endfacet
facet normal -0.12476965 -0.90403116 0.4088523
 outer loop
  vertex -7.1572175 -0.034804344 0.47982776
  vertex -7.033659 -0.05026579 0.4833467
  vertex -7.033113 -0.047876835 0.48879564
 endloop
endfacet
facet normal -0.09171925 -0.90857315 0.40753204
 outer loop
  vertex -7.033113 -0.047876835 0.48879564
  vertex -7.033659 -0.05026579 0.4833467
  vertex -6.907612 -0.061679363 0.48626888
 endloop
endfacet
facet normal -0.09698445 -0.94112706 0.3238422
 outer loop
  vertex -7.033113 -0.047876835 0.48879564
  vertex -6.907612 -0.061679363 0.48626888
  vertex -6.9070363 -0.060191154 0.49076617
 endloop
endfacet
facet normal -0.119478464 -0.77796453 0.61684364
 outer loop
  vertex -7.1581383 -0.04224682 0.46746778
  vertex -7.097154 -0.051122665 0.46808577
  vertex -7.034232 -0.052896976 0.47803557
 endloop
endfacet
facet normal -0.10213408 -0.8647656 0.49167985
 outer loop
  vertex -7.034232 -0.052896976 0.47803557
  vertex -7.097154 -0.051122665 0.46808577
  vertex -7.0348306 -0.055758953 0.47287762
 endloop
endfacet
facet normal -0.08255201 -0.8673339 0.49083304
 outer loop
  vertex -7.034232 -0.052896976 0.47803557
  vertex -7.0348306 -0.055758953 0.47287762
  vertex -6.9088016 -0.065142155 0.4774934
 endloop
endfacet
facet normal -0.087649375 -0.91522866 0.39328638
 outer loop
  vertex -6.9088016 -0.065142155 0.4774934
  vertex -6.9082007 -0.06333113 0.4818418
  vertex -7.034232 -0.052896976 0.47803557
 endloop
endfacet
facet normal -0.06368743 -0.9597518 0.27353328
 outer loop
  vertex -6.523383 -0.096096516 0.46136487
  vertex -6.779928 -0.07234478 0.48497105
  vertex -6.781 -0.0743866 0.4775573
 endloop
endfacet
facet normal -0.06173114 -0.9783589 0.19749159
 outer loop
  vertex -6.523383 -0.096096516 0.46136487
  vertex -6.3954754 -0.10671759 0.44872975
  vertex -6.5227113 -0.09479332 0.4680308
 endloop
endfacet
facet normal -0.043299 -0.97373456 0.22353159
 outer loop
  vertex -6.294405 -0.11579323 0.43389666
  vertex -6.007996 -0.12986088 0.42809463
  vertex -6.0079017 -0.12794638 0.43645275
 endloop
endfacet
facet normal -0.04074668 -0.9738454 0.22352816
 outer loop
  vertex -6.0079017 -0.12794638 0.43645275
  vertex -6.007996 -0.12986088 0.42809463
  vertex -5.8043103 -0.13727474 0.43292427
 endloop
endfacet
facet normal -0.040241744 -0.9695887 0.24140929
 outer loop
  vertex -6.0079017 -0.12794638 0.43645275
  vertex -5.8043103 -0.13727474 0.43292427
  vertex -5.748177 -0.13682604 0.44408357
 endloop
endfacet
facet normal -0.03509244 -0.97581613 0.21575776
 outer loop
  vertex -5.748177 -0.13682604 0.44408357
  vertex -5.8043103 -0.13727474 0.43292427
  vertex -5.6185966 -0.13956642 0.45276546
 endloop
endfacet
facet normal -0.043263458 -0.96755517 0.24892814
 outer loop
  vertex -6.0079017 -0.12794638 0.43645275
  vertex -6.26658 -0.114742756 0.44281566
  vertex -6.294405 -0.11579323 0.43389666
 endloop
endfacet
facet normal -0.04792718 -0.9636014 0.26301202
 outer loop
  vertex -6.294405 -0.11579323 0.43389666
  vertex -6.26658 -0.114742756 0.44281566
  vertex -6.3954754 -0.10671759 0.44872975
 endloop
endfacet
facet normal -0.016759468 -0.97956896 0.20040888
 outer loop
  vertex -5.4904847 -0.13880014 0.47395456
  vertex -5.489862 -0.13983774 0.468935
  vertex -5.2328634 -0.13755369 0.50159097
 endloop
endfacet
facet normal -0.024243409 -0.9657498 0.25834006
 outer loop
  vertex -5.2328634 -0.13755369 0.50159097
  vertex -5.489862 -0.13983774 0.468935
  vertex -5.2320056 -0.13926077 0.49528992
 endloop
endfacet
facet normal -0.011476301 -0.965535 0.26002
 outer loop
  vertex -5.2328634 -0.13755369 0.50159097
  vertex -5.2320056 -0.13926077 0.49528992
  vertex -5.103888 -0.13602972 0.51294243
 endloop
endfacet
facet normal -0.017071621 -0.95423764 0.2985617
 outer loop
  vertex -5.103888 -0.13602972 0.51294243
  vertex -5.2320056 -0.13926077 0.49528992
  vertex -5.102998 -0.13831282 0.5056963
 endloop
endfacet
facet normal -0.0057821283 -0.9539649 0.29986268
 outer loop
  vertex -5.103888 -0.13602972 0.51294243
  vertex -5.102998 -0.13831282 0.5056963
  vertex -4.9744797 -0.13549614 0.51713526
 endloop
endfacet
facet normal 0.003801834 -0.9781864 0.20769419
 outer loop
  vertex -4.975746 -0.13171816 0.52958405
  vertex -4.976586 -0.12992382 0.5380503
  vertex -5.104782 -0.13418818 0.5203129
 endloop
endfacet
facet normal 0.0072086295 -0.9828631 0.18419608
 outer loop
  vertex -5.104782 -0.13418818 0.5203129
  vertex -4.976586 -0.12992382 0.5380503
  vertex -5.1056757 -0.13279772 0.5277673
 endloop
endfacet
facet normal -0.002356213 -0.9830929 0.1830924
 outer loop
  vertex -5.104782 -0.13418818 0.5203129
  vertex -5.1056757 -0.13279772 0.5277673
  vertex -5.233725 -0.13617754 0.5079719
 endloop
endfacet
facet normal 0.0013527509 -0.9871496 0.1597931
 outer loop
  vertex -5.233725 -0.13617754 0.5079719
  vertex -5.1056757 -0.13279772 0.5277673
  vertex -5.2345877 -0.13513708 0.5144068
 endloop
endfacet
facet normal -0.010930995 -0.9873499 0.15817882
 outer loop
  vertex -5.233725 -0.13617754 0.5079719
  vertex -5.2345877 -0.13513708 0.5144068
  vertex -5.4911118 -0.13796759 0.47901165
 endloop
endfacet
facet normal -0.0057826117 -0.99260074 0.12128616
 outer loop
  vertex -5.4911118 -0.13796759 0.47901165
  vertex -5.2345877 -0.13513708 0.5144068
  vertex -5.4917417 -0.13734293 0.4840938
 endloop
endfacet
facet normal -0.018131219 -0.99263734 0.11976014
 outer loop
  vertex -5.4911118 -0.13796759 0.47901165
  vertex -5.4917417 -0.13734293 0.4840938
  vertex -5.6204658 -0.13654518 0.47121763
 endloop
endfacet
facet normal -0.010097081 -0.9991868 0.03903633
 outer loop
  vertex -5.6204658 -0.13654518 0.47121763
  vertex -5.4917417 -0.13734293 0.4840938
  vertex -5.554728 -0.13657951 0.48734248
 endloop
endfacet
facet normal -0.022700699 -0.99564433 0.090426266
 outer loop
  vertex -5.6204658 -0.13654518 0.47121763
  vertex -5.554728 -0.13657951 0.48734248
  vertex -5.7942243 -0.13295364 0.467142
 endloop
endfacet
facet normal 0.008841731 -0.9670876 0.25429
 outer loop
  vertex -4.975746 -0.13171816 0.52958405
  vertex -4.716742 -0.12495756 0.54628956
  vertex -4.71777 -0.12227392 0.5565314
 endloop
endfacet
facet normal 0.03756925 -0.99446005 0.09817128
 outer loop
  vertex -4.485786 -0.108715534 0.5967709
  vertex -4.7268844 -0.11980915 0.5766604
  vertex -4.460924 -0.10875273 0.58687973
 endloop
endfacet
facet normal 0.044238083 -0.9963231 -0.07337075
 outer loop
  vertex -4.460924 -0.10875273 0.58687973
  vertex -4.7268844 -0.11980915 0.5766604
  vertex -4.977415 -0.1287179 0.5465802
 endloop
endfacet
facet normal 0.01082086 -0.9442307 0.32910684
 outer loop
  vertex -4.460924 -0.10875273 0.58687973
  vertex -4.977415 -0.1287179 0.5465802
  vertex -4.71777 -0.12227392 0.5565314
 endloop
endfacet
facet normal 0.014005324 -0.97789145 0.20864366
 outer loop
  vertex -4.975746 -0.13171816 0.52958405
  vertex -4.71777 -0.12227392 0.5565314
  vertex -4.976586 -0.12992382 0.5380503
 endloop
endfacet
facet normal 0.019129168 -0.9897132 0.14178102
 outer loop
  vertex -4.976586 -0.12992382 0.5380503
  vertex -4.71777 -0.12227392 0.5565314
  vertex -4.977415 -0.1287179 0.5465802
 endloop
endfacet
facet normal 0.010806862 -0.9899498 0.14100549
 outer loop
  vertex -4.976586 -0.12992382 0.5380503
  vertex -4.977415 -0.1287179 0.5465802
  vertex -5.1056757 -0.13279772 0.5277673
 endloop
endfacet
facet normal 0.014262751 -0.9929011 0.1180843
 outer loop
  vertex -5.1056757 -0.13279772 0.5277673
  vertex -4.977415 -0.1287179 0.5465802
  vertex -5.1657248 -0.1326747 0.53605473
 endloop
endfacet
facet normal 0.009451987 -0.99648136 0.083279625
 outer loop
  vertex -5.1056757 -0.13279772 0.5277673
  vertex -5.1657248 -0.1326747 0.53605473
  vertex -5.2345877 -0.13513708 0.5144068
 endloop
endfacet
facet normal 0.009316386 -0.99644685 0.08370706
 outer loop
  vertex -5.2345877 -0.13513708 0.5144068
  vertex -5.1657248 -0.1326747 0.53605473
  vertex -5.2363024 -0.13406706 0.52733517
 endloop
endfacet
facet normal -0.0003236338 -0.99659586 0.082440816
 outer loop
  vertex -5.2345877 -0.13513708 0.5144068
  vertex -5.2363024 -0.13406706 0.52733517
  vertex -5.493005 -0.1367178 0.49428368
 endloop
endfacet
facet normal 0.25607947 -0.8842884 0.390458
 outer loop
  vertex -3.7347155 -0.014470577 0.6538379
  vertex -3.749076 -0.017377377 0.65667295
  vertex -3.7243176 -0.015244007 0.6452669
 endloop
endfacet
facet normal 0.2397812 -0.9050798 0.35119167
 outer loop
  vertex -3.7243176 -0.015244007 0.6452669
  vertex -3.749076 -0.017377377 0.65667295
  vertex -3.747344 -0.019527435 0.64994943
 endloop
endfacet
facet normal 0.25321528 -0.84363043 0.4734657
 outer loop
  vertex -3.7243176 -0.015244007 0.6452669
  vertex -3.747344 -0.019527435 0.64994943
  vertex -3.7220507 -0.017967701 0.6392014
 endloop
endfacet
facet normal 0.17413129 -0.8761824 0.44942483
 outer loop
  vertex -3.7454967 -0.02208376 0.6433022
  vertex -3.7704782 -0.029848576 0.6378434
  vertex -3.7435417 -0.025045872 0.6367699
 endloop
endfacet
facet normal 0.17339787 -0.8688923 0.46363705
 outer loop
  vertex -3.7435417 -0.025045872 0.6367699
  vertex -3.7704782 -0.029848576 0.6378434
  vertex -3.7687063 -0.03309107 0.631104
 endloop
endfacet
facet normal 0.15944739 -0.851059 0.500275
 outer loop
  vertex -3.7435417 -0.025045872 0.6367699
  vertex -3.7687063 -0.03309107 0.631104
  vertex -3.7414846 -0.028410435 0.6303905
 endloop
endfacet
facet normal 0.071464494 -0.9903009 0.11915161
 outer loop
  vertex -4.280594 -0.095086575 0.6137233
  vertex -4.332898 -0.10088396 0.5969106
  vertex -4.206996 -0.090661526 0.60635865
 endloop
endfacet
facet normal 0.05981059 -0.9666822 0.24889398
 outer loop
  vertex -4.206996 -0.090661526 0.60635865
  vertex -4.332898 -0.10088396 0.5969106
  vertex -4.2060466 -0.09224272 0.5999893
 endloop
endfacet
facet normal 0.09615187 -0.96259826 0.25329697
 outer loop
  vertex -4.206996 -0.090661526 0.60635865
  vertex -4.2060466 -0.09224272 0.5999893
  vertex -4.081947 -0.07505417 0.6182021
 endloop
endfacet
facet normal 0.089254946 -0.95259583 0.29085177
 outer loop
  vertex -4.081947 -0.07505417 0.6182021
  vertex -4.2060466 -0.09224272 0.5999893
  vertex -4.0808053 -0.07696295 0.61160016
 endloop
endfacet
facet normal 0.10377202 -0.9505362 0.2927666
 outer loop
  vertex -4.081947 -0.07505417 0.6182021
  vertex -4.0808053 -0.07696295 0.61160016
  vertex -3.9551578 -0.057029247 0.6317835
 endloop
endfacet
facet normal 0.099262305 -0.9440688 0.31445378
 outer loop
  vertex -3.9551578 -0.057029247 0.6317835
  vertex -4.0808053 -0.07696295 0.61160016
  vertex -3.9539404 -0.05922222 0.62481534
 endloop
endfacet
facet normal 0.12024937 -0.9407464 0.31707454
 outer loop
  vertex -3.9551578 -0.057029247 0.6317835
  vertex -3.9539404 -0.05922222 0.62481534
  vertex -3.8308372 -0.037497044 0.6425866
 endloop
endfacet
facet normal 0.10657316 -0.9174445 0.3833246
 outer loop
  vertex -3.8308372 -0.037497044 0.6425866
  vertex -3.9539404 -0.05922222 0.62481534
  vertex -3.8279362 -0.043046474 0.6284981
 endloop
endfacet
facet normal 0.25773084 -0.77736515 0.57382756
 outer loop
  vertex -3.717155 -0.024458885 0.6275189
  vertex -3.709043 -0.019395351 0.63073504
  vertex -3.7196608 -0.021040916 0.6332747
 endloop
endfacet
facet normal 0.2561923 -0.7871235 0.5610723
 outer loop
  vertex -3.7196608 -0.021040916 0.6332747
  vertex -3.709043 -0.019395351 0.63073504
  vertex -3.711712 -0.016320705 0.63626707
 endloop
endfacet
facet normal 0.27772304 -0.8024811 0.5281041
 outer loop
  vertex -3.7196608 -0.021040916 0.6332747
  vertex -3.711712 -0.016320705 0.63626707
  vertex -3.7220507 -0.017967701 0.6392014
 endloop
endfacet
facet normal 0.27580905 -0.8103803 0.51692677
 outer loop
  vertex -3.7220507 -0.017967701 0.6392014
  vertex -3.711712 -0.016320705 0.63626707
  vertex -3.7142496 -0.013559818 0.6419493
 endloop
endfacet
facet normal 0.29657215 -0.82488793 0.48125345
 outer loop
  vertex -3.7220507 -0.017967701 0.6392014
  vertex -3.7142496 -0.013559818 0.6419493
  vertex -3.7243176 -0.015244007 0.6452669
 endloop
endfacet
facet normal 0.29323575 -0.8346961 0.46614927
 outer loop
  vertex -3.7243176 -0.015244007 0.6452669
  vertex -3.7142496 -0.013559818 0.6419493
  vertex -3.717495 -0.0112605095 0.648108
 endloop
endfacet
facet normal 0.3053044 -0.8411999 0.44628683
 outer loop
  vertex -3.7243176 -0.015244007 0.6452669
  vertex -3.717495 -0.0112605095 0.648108
  vertex -3.7347155 -0.014470577 0.6538379
 endloop
endfacet
facet normal 0.35912216 -0.71758735 0.5967409
 outer loop
  vertex -3.6998725 -0.008515835 0.63949966
  vertex -3.705103 -0.012125969 0.63830614
  vertex -3.6937175 -0.013585091 0.6296997
 endloop
endfacet
facet normal 0.33583808 -0.74892265 0.57125103
 outer loop
  vertex -3.6937175 -0.013585091 0.6296997
  vertex -3.705103 -0.012125969 0.63830614
  vertex -3.7022657 -0.014868736 0.63304234
 endloop
endfacet
facet normal 0.34780762 -0.7041216 0.61906594
 outer loop
  vertex -3.6937175 -0.013585091 0.6296997
  vertex -3.7022657 -0.014868736 0.63304234
  vertex -3.6992922 -0.017887115 0.6279386
 endloop
endfacet
facet normal 0.5394731 -0.37062123 0.7560481
 outer loop
  vertex -3.6811342 -0.0059695244 0.62819827
  vertex -3.6815996 -0.0060343742 0.62849855
  vertex -3.6737022 -0.009769917 0.62103224
 endloop
endfacet
facet normal 0.53064483 -0.38619262 0.7545007
 outer loop
  vertex -3.6737022 -0.009769917 0.62103224
  vertex -3.6815996 -0.0060343742 0.62849855
  vertex -3.6868382 -0.006729126 0.63182724
 endloop
endfacet
facet normal 0.44218984 -0.56441617 0.6970671
 outer loop
  vertex -3.6737022 -0.009769917 0.62103224
  vertex -3.6868382 -0.006729126 0.63182724
  vertex -3.6794157 -0.011058807 0.623613
 endloop
endfacet
facet normal 0.4989878 -0.4946121 0.71159685
 outer loop
  vertex -3.6794157 -0.011058807 0.623613
  vertex -3.6868382 -0.006729126 0.63182724
  vertex -3.6928577 -0.0075387955 0.63548553
 endloop
endfacet
facet normal 0.405244 -0.6433211 0.64955014
 outer loop
  vertex -3.6794157 -0.011058807 0.623613
  vertex -3.6928577 -0.0075387955 0.63548553
  vertex -3.6860838 -0.012319565 0.62652445
 endloop
endfacet
facet normal 0.3775682 -0.66766185 0.6416151
 outer loop
  vertex -3.6860838 -0.012319565 0.62652445
  vertex -3.6928577 -0.0075387955 0.63548553
  vertex -3.6937175 -0.013585091 0.6296997
 endloop
endfacet
facet normal 0.3880214 -0.61240065 0.6887706
 outer loop
  vertex -3.6860838 -0.012319565 0.62652445
  vertex -3.6937175 -0.013585091 0.6296997
  vertex -3.6869988 -0.01959467 0.6205715
 endloop
endfacet
facet normal 0.3084203 -0.67432004 0.6709466
 outer loop
  vertex -3.6869988 -0.01959467 0.6205715
  vertex -3.6937175 -0.013585091 0.6296997
  vertex -3.6992922 -0.017887115 0.6279386
 endloop
endfacet
facet normal 0.29376286 -0.6988392 0.6521711
 outer loop
  vertex -3.6869988 -0.01959467 0.6205715
  vertex -3.6992922 -0.017887115 0.6279386
  vertex -3.6961918 -0.021173954 0.62302005
 endloop
endfacet
facet normal 0.20442675 -0.9158686 0.345535
 outer loop
  vertex -3.749076 -0.017377377 0.65667295
  vertex -3.7721615 -0.027040005 0.64471936
  vertex -3.747344 -0.019527435 0.64994943
 endloop
endfacet
facet normal 0.18805908 -0.8980665 0.39763096
 outer loop
  vertex -3.747344 -0.019527435 0.64994943
  vertex -3.7721615 -0.027040005 0.64471936
  vertex -3.7454967 -0.02208376 0.6433022
 endloop
endfacet
facet normal 0.22624011 -0.88644433 0.40377197
 outer loop
  vertex -3.747344 -0.019527435 0.64994943
  vertex -3.7454967 -0.02208376 0.6433022
  vertex -3.7220507 -0.017967701 0.6392014
 endloop
endfacet
facet normal 0.23083521 -0.8583045 0.45828867
 outer loop
  vertex -3.7220507 -0.017967701 0.6392014
  vertex -3.7454967 -0.02208376 0.6433022
  vertex -3.7435417 -0.025045872 0.6367699
 endloop
endfacet
facet normal 0.21461144 -0.82901186 0.516412
 outer loop
  vertex -3.7220507 -0.017967701 0.6392014
  vertex -3.7435417 -0.025045872 0.6367699
  vertex -3.7196608 -0.021040916 0.6332747
 endloop
endfacet
facet normal 0.21429965 -0.8337614 0.5088395
 outer loop
  vertex -3.7196608 -0.021040916 0.6332747
  vertex -3.7435417 -0.025045872 0.6367699
  vertex -3.7414846 -0.028410435 0.6303905
 endloop
endfacet
facet normal 0.1968177 -0.80300516 0.56253487
 outer loop
  vertex -3.7196608 -0.021040916 0.6332747
  vertex -3.7414846 -0.028410435 0.6303905
  vertex -3.717155 -0.024458885 0.6275189
 endloop
endfacet
facet normal 0.089497596 -0.92519486 0.36878812
 outer loop
  vertex -3.9526682 -0.061841488 0.61793554
  vertex -3.9539404 -0.05922222 0.62481534
  vertex -4.0796194 -0.079250336 0.60506976
 endloop
endfacet
facet normal 0.094743825 -0.9340414 0.34436944
 outer loop
  vertex -4.0796194 -0.079250336 0.60506976
  vertex -3.9539404 -0.05922222 0.62481534
  vertex -4.0808053 -0.07696295 0.61160016
 endloop
endfacet
facet normal 0.08021229 -0.9361046 0.34245318
 outer loop
  vertex -4.0796194 -0.079250336 0.60506976
  vertex -4.0808053 -0.07696295 0.61160016
  vertex -4.2050657 -0.09416914 0.5936719
 endloop
endfacet
facet normal 0.087685265 -0.94895184 0.30298793
 outer loop
  vertex -4.2050657 -0.09416914 0.5936719
  vertex -4.0808053 -0.07696295 0.61160016
  vertex -4.2060466 -0.09224272 0.5999893
 endloop
endfacet
facet normal 0.05117871 -0.95301783 0.29855958
 outer loop
  vertex -4.2050657 -0.09416914 0.5936719
  vertex -4.2060466 -0.09224272 0.5999893
  vertex -4.3313904 -0.10382271 0.58451164
 endloop
endfacet
facet normal 0.06029468 -0.9696018 0.23714292
 outer loop
  vertex -4.3313904 -0.10382271 0.58451164
  vertex -4.2060466 -0.09224272 0.5999893
  vertex -4.332898 -0.10088396 0.5969106
 endloop
endfacet
facet normal 0.038997173 -0.97122765 0.23493837
 outer loop
  vertex -4.3313904 -0.10382271 0.58451164
  vertex -4.332898 -0.10088396 0.5969106
  vertex -4.4596424 -0.1112628 0.57504296
 endloop
endfacet
facet normal 0.33156028 -0.7848399 0.5235399
 outer loop
  vertex -3.7077951 -0.009662151 0.64370465
  vertex -3.7142496 -0.013559818 0.6419493
  vertex -3.705103 -0.012125969 0.63830614
 endloop
endfacet
facet normal 0.33284137 -0.78116494 0.5282026
 outer loop
  vertex -3.705103 -0.012125969 0.63830614
  vertex -3.7142496 -0.013559818 0.6419493
  vertex -3.711712 -0.016320705 0.63626707
 endloop
endfacet
facet normal 0.31049344 -0.7640794 0.5654879
 outer loop
  vertex -3.705103 -0.012125969 0.63830614
  vertex -3.711712 -0.016320705 0.63626707
  vertex -3.7022657 -0.014868736 0.63304234
 endloop
endfacet
facet normal 0.31189907 -0.75857824 0.5720822
 outer loop
  vertex -3.7022657 -0.014868736 0.63304234
  vertex -3.711712 -0.016320705 0.63626707
  vertex -3.709043 -0.019395351 0.63073504
 endloop
endfacet
facet normal 0.2885098 -0.7410219 0.6063405
 outer loop
  vertex -3.7022657 -0.014868736 0.63304234
  vertex -3.709043 -0.019395351 0.63073504
  vertex -3.6992922 -0.017887115 0.6279386
 endloop
endfacet
facet normal 0.27843812 -0.7915681 0.5439597
 outer loop
  vertex -3.6992922 -0.017887115 0.6279386
  vertex -3.709043 -0.019395351 0.63073504
  vertex -3.717155 -0.024458885 0.6275189
 endloop
endfacet
facet normal 0.2513046 -0.72409606 0.64228565
 outer loop
  vertex -3.6992922 -0.017887115 0.6279386
  vertex -3.717155 -0.024458885 0.6275189
  vertex -3.6961918 -0.021173954 0.62302005
 endloop
endfacet
facet normal 0.25409672 -0.6810816 0.6867042
 outer loop
  vertex -3.6961918 -0.021173954 0.62302005
  vertex -3.717155 -0.024458885 0.6275189
  vertex -3.692974 -0.024721622 0.6183108
 endloop
endfacet
facet normal 0.29762322 -0.6536726 0.6957964
 outer loop
  vertex -3.6961918 -0.021173954 0.62302005
  vertex -3.692974 -0.024721622 0.6183108
  vertex -3.6869988 -0.01959467 0.6205715
 endloop
endfacet
facet normal 0.17025538 -0.9320008 0.31998065
 outer loop
  vertex -3.7776785 -0.0232234 0.6587714
  vertex -3.8214622 -0.03159666 0.6576792
  vertex -3.7721615 -0.027040005 0.64471936
 endloop
endfacet
facet normal 0.15923873 -0.9490037 0.2720939
 outer loop
  vertex -3.7721615 -0.027040005 0.64471936
  vertex -3.8214622 -0.03159666 0.6576792
  vertex -3.8308372 -0.037497044 0.6425866
 endloop
endfacet
facet normal 0.14618444 -0.9027656 0.40452975
 outer loop
  vertex -3.7721615 -0.027040005 0.64471936
  vertex -3.8308372 -0.037497044 0.6425866
  vertex -3.7704782 -0.029848576 0.6378434
 endloop
endfacet
facet normal 0.14581902 -0.9098707 0.38842264
 outer loop
  vertex -3.7704782 -0.029848576 0.6378434
  vertex -3.8308372 -0.037497044 0.6425866
  vertex -3.8279362 -0.043046474 0.6284981
 endloop
endfacet
facet normal 0.12783198 -0.880186 0.4570904
 outer loop
  vertex -3.7704782 -0.029848576 0.6378434
  vertex -3.8279362 -0.043046474 0.6284981
  vertex -3.7687063 -0.03309107 0.631104
 endloop
endfacet
facet normal 0.12065199 -0.85142523 0.51040983
 outer loop
  vertex -3.7687063 -0.03309107 0.631104
  vertex -3.8279362 -0.043046474 0.6284981
  vertex -3.7668524 -0.03676176 0.6245426
 endloop
endfacet
facet normal 0.15829247 -0.8419816 0.5157621
 outer loop
  vertex -3.7687063 -0.03309107 0.631104
  vertex -3.7668524 -0.03676176 0.6245426
  vertex -3.7414846 -0.028410435 0.6303905
 endloop
endfacet
facet normal 0.1441355 -0.8227895 0.5497657
 outer loop
  vertex -3.7414846 -0.028410435 0.6303905
  vertex -3.7668524 -0.03676176 0.6245426
  vertex -3.7393346 -0.032168865 0.6242019
 endloop
endfacet
facet normal 0.19679604 -0.8061845 0.5579766
 outer loop
  vertex -3.7414846 -0.028410435 0.6303905
  vertex -3.7393346 -0.032168865 0.6242019
  vertex -3.717155 -0.024458885 0.6275189
 endloop
endfacet
facet normal 0.17835262 -0.7742933 0.607174
 outer loop
  vertex -3.717155 -0.024458885 0.6275189
  vertex -3.7393346 -0.032168865 0.6242019
  vertex -3.7145433 -0.02821207 0.6219655
 endloop
endfacet
facet normal 0.22648081 -0.7542649 0.61627173
 outer loop
  vertex -3.717155 -0.024458885 0.6275189
  vertex -3.7145433 -0.02821207 0.6219655
  vertex -3.692974 -0.024721622 0.6183108
 endloop
endfacet
facet normal 0.034899198 -0.95909816 0.28091404
 outer loop
  vertex -4.4596424 -0.1112628 0.57504296
  vertex -4.458982 -0.11295414 0.56918633
  vertex -4.3313904 -0.10382271 0.58451164
 endloop
endfacet
facet normal 0.03113165 -0.95104444 0.30748224
 outer loop
  vertex -4.3313904 -0.10382271 0.58451164
  vertex -4.458982 -0.11295414 0.56918633
  vertex -4.3306084 -0.10577583 0.57839143
 endloop
endfacet
facet normal 0.050127648 -0.9495946 0.30944672
 outer loop
  vertex -4.3313904 -0.10382271 0.58451164
  vertex -4.3306084 -0.10577583 0.57839143
  vertex -4.2050657 -0.09416914 0.5936719
 endloop
endfacet
facet normal 0.085377514 -0.9146374 0.395157
 outer loop
  vertex -4.0796194 -0.079250336 0.60506976
  vertex -4.0783935 -0.08191252 0.59864295
  vertex -3.9526682 -0.061841488 0.61793554
 endloop
endfacet
facet normal 0.14250474 -0.81179315 0.5662898
 outer loop
  vertex -3.7668524 -0.03676176 0.6245426
  vertex -3.764926 -0.040848255 0.6181997
  vertex -3.7393346 -0.032168865 0.6242019
 endloop
endfacet
facet normal 0.12825623 -0.79145086 0.5976251
 outer loop
  vertex -3.7393346 -0.032168865 0.6242019
  vertex -3.764926 -0.040848255 0.6181997
  vertex -3.7371016 -0.03630829 0.6182407
 endloop
endfacet
facet normal 0.1784108 -0.775641 0.6054343
 outer loop
  vertex -3.7393346 -0.032168865 0.6242019
  vertex -3.7371016 -0.03630829 0.6182407
  vertex -3.7145433 -0.02821207 0.6219655
 endloop
endfacet
facet normal 0.15925637 -0.74287295 0.6502132
 outer loop
  vertex -3.7145433 -0.02821207 0.6219655
  vertex -3.7371016 -0.03630829 0.6182407
  vertex -3.7118359 -0.03228855 0.616645
 endloop
endfacet
facet normal 0.022314379 -0.966551 0.25550184
 outer loop
  vertex -4.716742 -0.12495756 0.54628956
  vertex -4.458982 -0.11295414 0.56918633
  vertex -4.71777 -0.12227392 0.5565314
 endloop
endfacet
facet normal 0.020898035 -0.9598989 0.27956647
 outer loop
  vertex -4.71777 -0.12227392 0.5565314
  vertex -4.458982 -0.11295414 0.56918633
  vertex -4.4596424 -0.1112628 0.57504296
 endloop
endfacet
facet normal 0.026620531 -0.9773113 0.21012843
 outer loop
  vertex -4.71777 -0.12227392 0.5565314
  vertex -4.4596424 -0.1112628 0.57504296
  vertex -4.460924 -0.10875273 0.58687973
 endloop
endfacet
facet normal 0.04341896 -0.9763599 0.21174568
 outer loop
  vertex -4.460924 -0.10875273 0.58687973
  vertex -4.4596424 -0.1112628 0.57504296
  vertex -4.332898 -0.10088396 0.5969106
 endloop
endfacet
facet normal 0.050597735 -0.9901032 0.13090248
 outer loop
  vertex -4.460924 -0.10875273 0.58687973
  vertex -4.332898 -0.10088396 0.5969106
  vertex -4.485786 -0.108715534 0.5967709
 endloop
endfacet
facet normal 0.050130446 -0.98190355 0.1826263
 outer loop
  vertex -4.485786 -0.108715534 0.5967709
  vertex -4.332898 -0.10088396 0.5969106
  vertex -4.280594 -0.095086575 0.6137233
 endloop
endfacet
facet normal -0.13674141 -0.9772297 0.16224642
 outer loop
  vertex -7.031243 -0.040914536 0.51161516
  vertex -7.0305157 -0.03906393 0.52337444
  vertex -7.156092 -0.024232864 0.50686777
 endloop
endfacet
facet normal -0.14101928 -0.9691737 0.20202912
 outer loop
  vertex -7.156092 -0.024232864 0.50686777
  vertex -7.0305157 -0.03906393 0.52337444
  vertex -7.155909 -0.021308422 0.5210247
 endloop
endfacet
facet normal -0.17180397 -0.9703231 0.17016612
 outer loop
  vertex -7.278273 -0.0015788078 0.5099853
  vertex -7.2821126 -0.0015788078 0.5061089
  vertex -7.155909 -0.021308422 0.5210247
 endloop
endfacet
facet normal -0.1770481 -0.95615745 0.2332744
 outer loop
  vertex -7.155909 -0.021308422 0.5210247
  vertex -7.2821126 -0.0015788078 0.5061089
  vertex -7.278545 -0.003279686 0.501845
 endloop
endfacet
facet normal -0.17322528 -0.96407175 0.20139182
 outer loop
  vertex -7.155909 -0.021308422 0.5210247
  vertex -7.278545 -0.003279686 0.501845
  vertex -7.156092 -0.024232864 0.50686777
 endloop
endfacet
facet normal -0.17312619 -0.94642353 0.2725983
 outer loop
  vertex -7.156092 -0.024232864 0.50686777
  vertex -7.278545 -0.003279686 0.501845
  vertex -7.2781334 -0.0056972504 0.4937129
 endloop
endfacet
facet normal -0.17382371 -0.942946 0.28396866
 outer loop
  vertex -7.156092 -0.024232864 0.50686777
  vertex -7.2781334 -0.0056972504 0.4937129
  vertex -7.1562796 -0.02629757 0.499897
 endloop
endfacet
facet normal -0.17355345 -0.9257012 0.3360898
 outer loop
  vertex -7.1562796 -0.02629757 0.499897
  vertex -7.2781334 -0.0056972504 0.4937129
  vertex -7.277832 -0.008656979 0.48571646
 endloop
endfacet
facet normal -0.10139651 -0.97969794 0.17294724
 outer loop
  vertex -6.7783847 -0.07013798 0.49632227
  vertex -7.03166 -0.04225254 0.5057937
  vertex -6.7788897 -0.070757866 0.49251473
 endloop
endfacet
facet normal -0.09346189 -0.9568859 0.27501702
 outer loop
  vertex -6.7788897 -0.070757866 0.49251473
  vertex -7.03166 -0.04225254 0.5057937
  vertex -7.032112 -0.04386282 0.5000373
 endloop
endfacet
facet normal -0.028338468 -0.5076609 0.8610907
 outer loop
  vertex -6.7788897 -0.070757866 0.49251473
  vertex -7.032112 -0.04386282 0.5000373
  vertex -6.9064755 -0.058870316 0.49532425
 endloop
endfacet
facet normal -0.10050615 -0.94197774 0.32027563
 outer loop
  vertex -6.9064755 -0.058870316 0.49532425
  vertex -7.032112 -0.04386282 0.5000373
  vertex -7.032597 -0.04573965 0.4943651
 endloop
endfacet
facet normal -0.09916976 -0.9259118 0.36448961
 outer loop
  vertex -6.9064755 -0.058870316 0.49532425
  vertex -7.032597 -0.04573965 0.4943651
  vertex -7.033113 -0.047876835 0.48879564
 endloop
endfacet
facet normal -0.1285383 -0.92183566 0.36564606
 outer loop
  vertex -7.033113 -0.047876835 0.48879564
  vertex -7.032597 -0.04573965 0.4943651
  vertex -7.1568437 -0.03159666 0.48634386
 endloop
endfacet
facet normal -0.12553449 -0.88721377 0.44395134
 outer loop
  vertex -7.033113 -0.047876835 0.48879564
  vertex -7.1568437 -0.03159666 0.48634386
  vertex -7.1572175 -0.034804344 0.47982776
 endloop
endfacet
facet normal -0.1713717 -0.87998 0.44302014
 outer loop
  vertex -7.1572175 -0.034804344 0.47982776
  vertex -7.1568437 -0.03159666 0.48634386
  vertex -7.2775707 -0.0161376 0.47035015
 endloop
endfacet
facet normal -0.09802774 -0.9683386 0.2295886
 outer loop
  vertex -6.7783847 -0.07013798 0.49632227
  vertex -7.031243 -0.040914536 0.51161516
  vertex -7.03166 -0.04225254 0.5057937
 endloop
endfacet
facet normal -0.13748138 -0.9631384 0.23122108
 outer loop
  vertex -7.03166 -0.04225254 0.5057937
  vertex -7.031243 -0.040914536 0.51161516
  vertex -7.156092 -0.024232864 0.50686777
 endloop
endfacet
facet normal -0.13538174 -0.95135427 0.27676135
 outer loop
  vertex -7.03166 -0.04225254 0.5057937
  vertex -7.156092 -0.024232864 0.50686777
  vertex -7.032112 -0.04386282 0.5000373
 endloop
endfacet
facet normal -0.13458687 -0.9491099 0.28473973
 outer loop
  vertex -7.032112 -0.04386282 0.5000373
  vertex -7.156092 -0.024232864 0.50686777
  vertex -7.1562796 -0.02629757 0.499897
 endloop
endfacet
facet normal -0.13215292 -0.93147147 0.33896378
 outer loop
  vertex -7.032112 -0.04386282 0.5000373
  vertex -7.1562796 -0.02629757 0.499897
  vertex -7.1565304 -0.028755665 0.49304438
 endloop
endfacet
facet normal -0.17368063 -0.9249313 0.3381377
 outer loop
  vertex -7.1565304 -0.028755665 0.49304438
  vertex -7.1562796 -0.02629757 0.499897
  vertex -7.277832 -0.008656979 0.48571646
 endloop
endfacet
facet normal -0.17330645 -0.9007564 0.3982497
 outer loop
  vertex -7.1565304 -0.028755665 0.49304438
  vertex -7.277832 -0.008656979 0.48571646
  vertex -7.277644 -0.012144089 0.4779111
 endloop
endfacet
facet normal -0.08451685 -0.9918971 0.09485238
 outer loop
  vertex -6.521445 -0.09326744 0.48152173
  vertex -6.776935 -0.0689826 0.50782394
  vertex -6.77789 -0.06963539 0.5001465
 endloop
endfacet
facet normal -0.07227204 -0.99312776 0.09205473
 outer loop
  vertex -6.521445 -0.09326744 0.48152173
  vertex -6.522064 -0.09384918 0.47475934
  vertex -6.3944035 -0.10448694 0.4602207
 endloop
endfacet
facet normal -0.08465855 -0.99205136 0.093096726
 outer loop
  vertex -6.521445 -0.09326744 0.48152173
  vertex -6.77789 -0.06963539 0.5001465
  vertex -6.522064 -0.09384918 0.47475934
 endloop
endfacet
facet normal -0.07885369 -0.98614323 0.14595743
 outer loop
  vertex -6.522064 -0.09384918 0.47475934
  vertex -6.77789 -0.06963539 0.5001465
  vertex -6.5227113 -0.09479332 0.4680308
 endloop
endfacet
facet normal -0.065770134 -0.98726434 0.14485647
 outer loop
  vertex -6.522064 -0.09384918 0.47475934
  vertex -6.5227113 -0.09479332 0.4680308
  vertex -6.3944035 -0.10448694 0.4602207
 endloop
endfacet
facet normal -0.062022932 -0.97868645 0.19577037
 outer loop
  vertex -6.3944035 -0.10448694 0.4602207
  vertex -6.5227113 -0.09479332 0.4680308
  vertex -6.3954754 -0.10671759 0.44872975
 endloop
endfacet
facet normal -0.053723022 -0.9793076 0.19511667
 outer loop
  vertex -6.3944035 -0.10448694 0.4602207
  vertex -6.3954754 -0.10671759 0.44872975
  vertex -6.2658286 -0.113003254 0.45287812
 endloop
endfacet
facet normal -0.053240277 -0.9833121 0.17396182
 outer loop
  vertex -6.2658286 -0.113003254 0.45287812
  vertex -6.3954754 -0.10671759 0.44872975
  vertex -6.26658 -0.114742756 0.44281566
 endloop
endfacet
facet normal -0.046485543 -0.9837309 0.17352974
 outer loop
  vertex -6.2658286 -0.113003254 0.45287812
  vertex -6.26658 -0.114742756 0.44281566
  vertex -6.0078306 -0.12659502 0.4449402
 endloop
endfacet
facet normal -0.04647727 -0.9864331 0.15744692
 outer loop
  vertex -6.0078306 -0.12659502 0.4449402
  vertex -6.26658 -0.114742756 0.44281566
  vertex -6.0079017 -0.12794638 0.43645275
 endloop
endfacet
facet normal -0.037803967 -0.9868057 0.15743363
 outer loop
  vertex -6.0078306 -0.12659502 0.4449402
  vertex -6.0079017 -0.12794638 0.43645275
  vertex -5.7487807 -0.13529444 0.45261633
 endloop
endfacet
facet normal -0.03875063 -0.9840034 0.17388359
 outer loop
  vertex -5.7487807 -0.13529444 0.45261633
  vertex -6.0079017 -0.12794638 0.43645275
  vertex -5.748177 -0.13682604 0.44408357
 endloop
endfacet
facet normal -0.03100143 -0.9841756 0.17446278
 outer loop
  vertex -5.7487807 -0.13529444 0.45261633
  vertex -5.748177 -0.13682604 0.44408357
  vertex -5.619522 -0.13771391 0.46193647
 endloop
endfacet
facet normal -0.03377028 -0.9802993 0.19460899
 outer loop
  vertex -5.619522 -0.13771391 0.46193647
  vertex -5.748177 -0.13682604 0.44408357
  vertex -5.6185966 -0.13956642 0.45276546
 endloop
endfacet
facet normal -0.026602585 -0.98037326 0.1953473
 outer loop
  vertex -5.619522 -0.13771391 0.46193647
  vertex -5.6185966 -0.13956642 0.45276546
  vertex -5.489862 -0.13983774 0.468935
 endloop
endfacet
facet normal -0.03198598 -0.9706474 0.23837066
 outer loop
  vertex -5.489862 -0.13983774 0.468935
  vertex -5.6185966 -0.13956642 0.45276546
  vertex -5.489246 -0.14107847 0.46396542
 endloop
endfacet
facet normal -0.022313436 -0.97062415 0.23956391
 outer loop
  vertex -5.489862 -0.13983774 0.468935
  vertex -5.489246 -0.14107847 0.46396542
  vertex -5.2320056 -0.13926077 0.49528992
 endloop
endfacet
facet normal -0.117769614 -0.83158207 0.5427721
 outer loop
  vertex -7.15765 -0.03836155 0.47352636
  vertex -7.1581383 -0.04224682 0.46746778
  vertex -7.034232 -0.052896976 0.47803557
 endloop
endfacet
facet normal -0.120627165 -0.8842836 0.45110053
 outer loop
  vertex -7.15765 -0.03836155 0.47352636
  vertex -7.034232 -0.052896976 0.47803557
  vertex -7.033659 -0.05026579 0.4833467
 endloop
endfacet
facet normal -0.087173834 -0.888881 0.449768
 outer loop
  vertex -7.033659 -0.05026579 0.4833467
  vertex -7.034232 -0.052896976 0.47803557
  vertex -6.9082007 -0.06333113 0.4818418
 endloop
endfacet
facet normal -0.09242306 -0.9288125 0.3588388
 outer loop
  vertex -7.033659 -0.05026579 0.4833467
  vertex -6.9082007 -0.06333113 0.4818418
  vertex -6.907612 -0.061679363 0.48626888
 endloop
endfacet
facet normal -0.06895528 -0.9316427 0.35677305
 outer loop
  vertex -6.907612 -0.061679363 0.48626888
  vertex -6.9082007 -0.06333113 0.4818418
  vertex -6.781 -0.0743866 0.4775573
 endloop
endfacet
facet normal -0.07261481 -0.9440556 0.32169268
 outer loop
  vertex -6.907612 -0.061679363 0.48626888
  vertex -6.781 -0.0743866 0.4775573
  vertex -6.9070363 -0.060191154 0.49076617
 endloop
endfacet
facet normal -0.07905873 -0.95810163 0.27530128
 outer loop
  vertex -6.9070363 -0.060191154 0.49076617
  vertex -6.781 -0.0743866 0.4775573
  vertex -6.779928 -0.07234478 0.48497105
 endloop
endfacet
facet normal -0.08216539 -0.9694749 0.23101318
 outer loop
  vertex -6.9070363 -0.060191154 0.49076617
  vertex -6.779928 -0.07234478 0.48497105
  vertex -6.7794046 -0.071493626 0.48872924
 endloop
endfacet
facet normal -0.068772905 -0.9708838 0.2294665
 outer loop
  vertex -6.7794046 -0.071493626 0.48872924
  vertex -6.779928 -0.07234478 0.48497105
  vertex -6.523383 -0.096096516 0.46136487
 endloop
endfacet
facet normal -0.07254671 -0.9771491 0.19979104
 outer loop
  vertex -6.7794046 -0.071493626 0.48872924
  vertex -6.523383 -0.096096516 0.46136487
  vertex -6.7788897 -0.070757866 0.49251473
 endloop
endfacet
facet normal -0.07274068 -0.9774148 0.19841671
 outer loop
  vertex -6.7788897 -0.070757866 0.49251473
  vertex -6.523383 -0.096096516 0.46136487
  vertex -6.5227113 -0.09479332 0.4680308
 endloop
endfacet
facet normal -0.075931884 -0.98250943 0.17002803
 outer loop
  vertex -6.7788897 -0.070757866 0.49251473
  vertex -6.5227113 -0.09479332 0.4680308
  vertex -6.7783847 -0.07013798 0.49632227
 endloop
endfacet
facet normal -0.07968088 -0.9869391 0.14000802
 outer loop
  vertex -6.7783847 -0.07013798 0.49632227
  vertex -6.5227113 -0.09479332 0.4680308
  vertex -6.77789 -0.06963539 0.5001465
 endloop
endfacet
facet normal -0.105095066 -0.9841377 0.1429258
 outer loop
  vertex -6.7783847 -0.07013798 0.49632227
  vertex -6.77789 -0.06963539 0.5001465
  vertex -7.031243 -0.040914536 0.51161516
 endloop
endfacet
facet normal -0.107744746 -0.9893833 0.09752828
 outer loop
  vertex -7.031243 -0.040914536 0.51161516
  vertex -6.77789 -0.06963539 0.5001465
  vertex -6.776935 -0.0689826 0.50782394
 endloop
endfacet
facet normal -0.10590239 -0.9812605 0.16097377
 outer loop
  vertex -7.031243 -0.040914536 0.51161516
  vertex -6.776935 -0.0689826 0.50782394
  vertex -7.0305157 -0.03906393 0.52337444
 endloop
endfacet
facet normal -0.011048125 -0.9350411 0.3543671
 outer loop
  vertex -5.102998 -0.13831282 0.5056963
  vertex -4.9740586 -0.13703728 0.5130819
  vertex -4.9744797 -0.13549614 0.51713526
 endloop
endfacet
facet normal 0.0073859706 -0.9615273 0.27461
 outer loop
  vertex -4.9749017 -0.13409424 0.52124166
  vertex -4.716742 -0.12495756 0.54628956
  vertex -4.975746 -0.13171816 0.52958405
 endloop
endfacet
facet normal -0.0031731464 -0.96183056 0.27362752
 outer loop
  vertex -4.9749017 -0.13409424 0.52124166
  vertex -4.975746 -0.13171816 0.52958405
  vertex -5.103888 -0.13602972 0.51294243
 endloop
endfacet
facet normal 0.0011446975 -0.9701424 0.24253325
 outer loop
  vertex -5.103888 -0.13602972 0.51294243
  vertex -4.975746 -0.13171816 0.52958405
  vertex -5.104782 -0.13418818 0.5203129
 endloop
endfacet
facet normal -0.0097689815 -0.9704074 0.24127558
 outer loop
  vertex -5.103888 -0.13602972 0.51294243
  vertex -5.104782 -0.13418818 0.5203129
  vertex -5.2328634 -0.13755369 0.50159097
 endloop
endfacet
facet normal -0.0050315144 -0.9776524 0.21016783
 outer loop
  vertex -5.2328634 -0.13755369 0.50159097
  vertex -5.104782 -0.13418818 0.5203129
  vertex -5.233725 -0.13617754 0.5079719
 endloop
endfacet
facet normal -0.01763685 -0.97786105 0.20851064
 outer loop
  vertex -5.2328634 -0.13755369 0.50159097
  vertex -5.233725 -0.13617754 0.5079719
  vertex -5.4904847 -0.13880014 0.47395456
 endloop
endfacet
facet normal -0.011260149 -0.9868779 0.16107501
 outer loop
  vertex -5.4904847 -0.13880014 0.47395456
  vertex -5.233725 -0.13617754 0.5079719
  vertex -5.4911118 -0.13796759 0.47901165
 endloop
endfacet
facet normal -0.023172665 -0.9869092 0.15960318
 outer loop
  vertex -5.4904847 -0.13880014 0.47395456
  vertex -5.4911118 -0.13796759 0.47901165
  vertex -5.619522 -0.13771391 0.46193647
 endloop
endfacet
facet normal -0.0183269 -0.99222726 0.1230826
 outer loop
  vertex -5.619522 -0.13771391 0.46193647
  vertex -5.4911118 -0.13796759 0.47901165
  vertex -5.6204658 -0.13654518 0.47121763
 endloop
endfacet
facet normal -0.027378442 -0.99213386 0.12215054
 outer loop
  vertex -5.619522 -0.13771391 0.46193647
  vertex -5.6204658 -0.13654518 0.47121763
  vertex -5.7487807 -0.13529444 0.45261633
 endloop
endfacet
facet normal -0.025228083 -0.99391764 0.10719704
 outer loop
  vertex -5.7487807 -0.13529444 0.45261633
  vertex -5.6204658 -0.13654518 0.47121763
  vertex -5.7494035 -0.13434935 0.46123254
 endloop
endfacet
facet normal -0.03652044 -0.99365765 0.106352344
 outer loop
  vertex -5.7487807 -0.13529444 0.45261633
  vertex -5.7494035 -0.13434935 0.46123254
  vertex -6.0078306 -0.12659502 0.4449402
 endloop
endfacet
facet normal -0.0355732 -0.9952548 0.09056711
 outer loop
  vertex -6.0078306 -0.12659502 0.4449402
  vertex -5.7494035 -0.13434935 0.46123254
  vertex -6.007785 -0.12581778 0.45349944
 endloop
endfacet
facet normal -0.049612794 -0.994652 0.09058749
 outer loop
  vertex -6.0078306 -0.12659502 0.4449402
  vertex -6.007785 -0.12581778 0.45349944
  vertex -6.2658286 -0.113003254 0.45287812
 endloop
endfacet
facet normal -0.049605496 -0.9943436 0.09391521
 outer loop
  vertex -6.2658286 -0.113003254 0.45287812
  vertex -6.007785 -0.12581778 0.45349944
  vertex -6.2651215 -0.11207771 0.46305096
 endloop
endfacet
facet normal -0.060414884 -0.9936799 0.094606176
 outer loop
  vertex -6.2658286 -0.113003254 0.45287812
  vertex -6.2651215 -0.11207771 0.46305096
  vertex -6.3944035 -0.10448694 0.4602207
 endloop
endfacet
facet normal -0.060567603 -0.99271303 0.104175024
 outer loop
  vertex -6.3944035 -0.10448694 0.4602207
  vertex -6.2651215 -0.11207771 0.46305096
  vertex -6.393398 -0.10332537 0.47187436
 endloop
endfacet
facet normal -0.070016354 -0.99201274 0.104920626
 outer loop
  vertex -6.3944035 -0.10448694 0.4602207
  vertex -6.393398 -0.10332537 0.47187436
  vertex -6.521445 -0.09326744 0.48152173
 endloop
endfacet
facet normal -0.07533864 -0.9964007 0.0388541
 outer loop
  vertex -6.521445 -0.09326744 0.48152173
  vertex -6.393398 -0.10332537 0.47187436
  vertex -6.520856 -0.093048096 0.48828864
 endloop
endfacet
facet normal -0.09045438 -0.9950919 0.04012708
 outer loop
  vertex -6.521445 -0.09326744 0.48152173
  vertex -6.520856 -0.093048096 0.48828864
  vertex -6.776935 -0.0689826 0.50782394
 endloop
endfacet
facet normal -0.09089411 -0.9952603 0.034570146
 outer loop
  vertex -6.776935 -0.0689826 0.50782394
  vertex -6.520856 -0.093048096 0.48828864
  vertex -6.7760296 -0.06879854 0.51550376
 endloop
endfacet
facet normal -0.11483232 -0.9926831 0.037330907
 outer loop
  vertex -6.776935 -0.0689826 0.50782394
  vertex -6.7760296 -0.06879854 0.51550376
  vertex -7.0305157 -0.03906393 0.52337444
 endloop
endfacet
facet normal -0.11368327 -0.99114174 0.06866082
 outer loop
  vertex -7.0305157 -0.03906393 0.52337444
  vertex -6.7760296 -0.06879854 0.51550376
  vertex -7.0299377 -0.038313866 0.53515875
 endloop
endfacet
facet normal -0.14113991 -0.9875276 0.06977735
 outer loop
  vertex -7.0305157 -0.03906393 0.52337444
  vertex -7.0299377 -0.038313866 0.53515875
  vertex -7.155909 -0.021308422 0.5210247
 endloop
endfacet
facet normal -0.14320558 -0.98553914 0.09058028
 outer loop
  vertex -7.155909 -0.021308422 0.5210247
  vertex -7.0299377 -0.038313866 0.53515875
  vertex -7.1559772 -0.019992352 0.5352361
 endloop
endfacet
facet normal -0.16738108 -0.9817652 0.090114795
 outer loop
  vertex -7.155909 -0.021308422 0.5210247
  vertex -7.1559772 -0.019992352 0.5352361
  vertex -7.267257 -0.0015788078 0.5291507
 endloop
endfacet
facet normal -0.16422988 -0.9862401 0.018950416
 outer loop
  vertex -7.267257 -0.0015788078 0.5291507
  vertex -7.1559772 -0.019992352 0.5352361
  vertex -7.26683 -0.0015788078 0.53285336
 endloop
endfacet
facet normal -0.07570601 0.94341475 0.3228577
 outer loop
  vertex -6.909026 0.058393955 0.48627913
  vertex -6.9084506 0.05689764 0.49078643
  vertex -6.7812543 0.06905985 0.48507345
 endloop
endfacet
facet normal -5.3579945e-05 0.98717743 0.1596268
 outer loop
  vertex -5.104928 0.13103342 0.52030027
  vertex -5.233809 0.13302135 0.50796306
  vertex -5.2346716 0.1319809 0.51439726
 endloop
endfacet
facet normal -0.09207832 0.99566483 -0.013154129
 outer loop
  vertex -6.689748 0.07460022 0.51269054
  vertex -6.5212507 0.08995056 0.49511945
  vertex -6.521808 0.089809895 0.488374
 endloop
endfacet
facet normal -0.0793725 0.9967435 -0.014226589
 outer loop
  vertex -6.521808 0.089809895 0.488374
  vertex -6.5212507 0.08995056 0.49511945
  vertex -6.3844156 0.10067177 0.48284304
 endloop
endfacet
facet normal 0.5558304 -0.3204576 0.767046
 outer loop
  vertex -3.6840024 -0.0015788078 0.6302148
  vertex -3.6839366 -0.0015788078 0.6301671
  vertex -3.6844234 -0.0012316704 0.63066494
 endloop
endfacet
facet normal -0.16379513 0.9864692 -0.0070422883
 outer loop
  vertex -7.1568785 0.016694546 0.535208
  vertex -7.26683 -0.0015788078 0.53285336
  vertex -7.141313 0.019380093 0.5493617
 endloop
endfacet
facet normal -0.16367792 0.9864818 -0.007949296
 outer loop
  vertex -7.141313 0.019380093 0.5493617
  vertex -7.26683 -0.0015788078 0.53285336
  vertex -7.2670083 -0.0015788078 0.53652537
 endloop
endfacet
facet normal -0.1609484 0.98636043 -0.034479026
 outer loop
  vertex -7.2670083 -0.0015788078 0.53652537
  vertex -7.2677484 -0.0015788078 0.53997993
  vertex -7.141313 0.019380093 0.5493617
 endloop
endfacet
facet normal -0.15871678 0.98535603 -0.062309943
 outer loop
  vertex -7.141313 0.019380093 0.5493617
  vertex -7.2677484 -0.0015788078 0.53997993
  vertex -7.2692633 -0.0015788078 0.54383874
 endloop
endfacet
facet normal -0.15769595 0.9841336 -0.08132056
 outer loop
  vertex -7.141313 0.019380093 0.5493617
  vertex -7.2692633 -0.0015788078 0.54383874
  vertex -7.269281 -0.0015788078 0.54387295
 endloop
endfacet
facet normal -0.16924961 0.9792083 0.11182868
 outer loop
  vertex -7.274494 -0.0015788078 0.51443183
  vertex -7.2705035 -0.0015788078 0.5204716
  vertex -7.156804 0.018015385 0.5209794
 endloop
endfacet
facet normal -0.1696645 0.98253304 0.07643785
 outer loop
  vertex -7.156804 0.018015385 0.5209794
  vertex -7.2705035 -0.0015788078 0.5204716
  vertex -7.268293 -0.0015788078 0.52537835
 endloop
endfacet
facet normal -0.16893676 0.9814883 0.09022826
 outer loop
  vertex -7.156804 0.018015385 0.5209794
  vertex -7.268293 -0.0015788078 0.52537835
  vertex -7.1568785 0.016694546 0.535208
 endloop
endfacet
facet normal -0.16558719 0.98514676 0.04546126
 outer loop
  vertex -7.1568785 0.016694546 0.535208
  vertex -7.268293 -0.0015788078 0.52537835
  vertex -7.267257 -0.0015788078 0.5291507
 endloop
endfacet
facet normal -0.16431159 0.98622626 0.018959843
 outer loop
  vertex -7.1568785 0.016694546 0.535208
  vertex -7.267257 -0.0015788078 0.5291507
  vertex -7.26683 -0.0015788078 0.53285336
 endloop
endfacet
facet normal -0.17192875 0.9702793 0.17028971
 outer loop
  vertex -7.2821126 -0.0015788078 0.5061089
  vertex -7.278273 -0.0015788078 0.5099853
  vertex -7.156804 0.018015385 0.5209794
 endloop
endfacet
facet normal -0.17033039 0.97469616 0.144758
 outer loop
  vertex -7.156804 0.018015385 0.5209794
  vertex -7.278273 -0.0015788078 0.5099853
  vertex -7.274494 -0.0015788078 0.51443183
 endloop
endfacet
facet normal -0.23233804 0.9100023 0.34338725
 outer loop
  vertex -7.2980447 -0.0015788078 0.49329627
  vertex -7.2800927 -0.00013589859 0.50161886
  vertex -7.3053684 -0.0015788078 0.48834097
 endloop
endfacet
facet normal -0.19608234 0.9424405 0.27084607
 outer loop
  vertex -7.3053684 -0.0015788078 0.48834097
  vertex -7.2800927 -0.00013589859 0.50161886
  vertex -7.2796707 0.0022921562 0.49347568
 endloop
endfacet
facet normal -0.20148939 0.93005556 0.30724347
 outer loop
  vertex -7.2796707 0.0022921562 0.49347568
  vertex -7.3054013 -0.0015788078 0.4883194
  vertex -7.3053684 -0.0015788078 0.48834097
 endloop
endfacet
facet normal 0.56963986 -0.1845729 0.8009016
 outer loop
  vertex -3.6722875 0.00010919571 0.6223489
  vertex -3.6726456 7.009506e-05 0.6225946
  vertex -3.670536 -0.001578331 0.6207143
 endloop
endfacet
facet normal 0.5692879 -0.18515535 0.80101734
 outer loop
  vertex -3.670536 -0.001578331 0.6207143
  vertex -3.6726456 7.009506e-05 0.6225946
  vertex -3.6746063 -0.00014686584 0.62393796
 endloop
endfacet
facet normal 0.54173964 -0.25980988 0.7993853
 outer loop
  vertex -3.670536 -0.001578331 0.6207143
  vertex -3.6746063 -0.00014686584 0.62393796
  vertex -3.6706333 -0.001578331 0.6207802
 endloop
endfacet
facet normal 0.55366135 -0.2292956 0.80055153
 outer loop
  vertex -3.6706333 -0.001578331 0.6207802
  vertex -3.6746063 -0.00014686584 0.62393796
  vertex -3.676569 -0.0015788078 0.6248852
 endloop
endfacet
facet normal 0.56545186 -0.25647777 0.78388983
 outer loop
  vertex -3.6746063 -0.00014686584 0.62393796
  vertex -3.6763177 -0.0003361702 0.6251105
  vertex -3.676569 -0.0015788078 0.6248852
 endloop
endfacet
facet normal 0.56549114 -0.25648043 0.78386074
 outer loop
  vertex -3.676569 -0.0015788078 0.6248852
  vertex -3.6763177 -0.0003361702 0.6251105
  vertex -3.678814 -0.0006117821 0.62682116
 endloop
endfacet
facet normal 0.550032 -0.29057297 0.7829637
 outer loop
  vertex -3.676569 -0.0015788078 0.6248852
  vertex -3.678814 -0.0006117821 0.62682116
  vertex -3.6766644 -0.0015788078 0.6249522
 endloop
endfacet
facet normal 0.5653657 -0.25765312 0.78356653
 outer loop
  vertex -3.6766644 -0.0015788078 0.6249522
  vertex -3.678814 -0.0006117821 0.62682116
  vertex -3.6800356 -0.000746727 0.62765825
 endloop
endfacet
facet normal 0.56090665 -0.2712326 0.782187
 outer loop
  vertex -3.6766644 -0.0015788078 0.6249522
  vertex -3.6800356 -0.000746727 0.62765825
  vertex -3.6839366 -0.0015788078 0.6301671
 endloop
endfacet
facet normal 0.5600519 -0.31363928 0.76679355
 outer loop
  vertex -3.6839366 -0.0015788078 0.6301671
  vertex -3.6800356 -0.000746727 0.62765825
  vertex -3.6837883 -0.0011615753 0.6302295
 endloop
endfacet
facet normal 0.560242 -0.31368342 0.76663655
 outer loop
  vertex -3.6839366 -0.0015788078 0.6301671
  vertex -3.6837883 -0.0011615753 0.6302295
  vertex -3.6844234 -0.0012316704 0.63066494
 endloop
endfacet
facet normal 0.56214494 -0.29434526 0.7728868
 outer loop
  vertex -3.687563 -0.0015788078 0.6328162
  vertex -3.6874733 -0.0015797615 0.63275063
  vertex -3.6844234 -0.0012316704 0.63066494
 endloop
endfacet
facet normal 0.55932474 -0.3208407 0.764341
 outer loop
  vertex -3.6844234 -0.0012316704 0.63066494
  vertex -3.6874733 -0.0015797615 0.63275063
  vertex -3.684866 -0.0015788078 0.63084304
 endloop
endfacet
facet normal 0.557817 -0.3176775 0.7667602
 outer loop
  vertex -3.6844234 -0.0012316704 0.63066494
  vertex -3.684866 -0.0015788078 0.63084304
  vertex -3.6840024 -0.0015788078 0.6302148
 endloop
endfacet
facet normal 0.5436765 -0.22022328 0.80988735
 outer loop
  vertex -3.670536 -0.001578331 0.6207143
  vertex -3.6699076 -0.0015778542 0.62029254
  vertex -3.6722875 0.00010919571 0.6223489
 endloop
endfacet
facet normal 0.53939897 0.37281242 0.755023
 outer loop
  vertex -3.6817346 0.0028948784 0.62858593
  vertex -3.6809826 0.0027899742 0.6281005
  vertex -3.6738524 0.006649971 0.62110066
 endloop
endfacet
facet normal 0.54451424 0.36426786 0.7555217
 outer loop
  vertex -3.6738524 0.006649971 0.62110066
  vertex -3.6809826 0.0027899742 0.6281005
  vertex -3.6784973 0.002418995 0.6264882
 endloop
endfacet
facet normal 0.47776562 0.442128 0.7591198
 outer loop
  vertex -3.6738524 0.006649971 0.62110066
  vertex -3.6784973 0.002418995 0.6264882
  vertex -3.6692028 0.0052804947 0.61897194
 endloop
endfacet
facet normal 0.5569333 0.26159197 0.7882861
 outer loop
  vertex -3.6692028 0.0052804947 0.61897194
  vertex -3.6784973 0.002418995 0.6264882
  vertex -3.677538 0.0022587776 0.62586355
 endloop
endfacet
facet normal 0.5613379 0.25051942 0.7887584
 outer loop
  vertex -3.6692028 0.0052804947 0.61897194
  vertex -3.677538 0.0022587776 0.62586355
  vertex -3.6760492 0.0019936562 0.6248883
 endloop
endfacet
facet normal 0.53136396 0.38690236 0.7536305
 outer loop
  vertex -3.6817346 0.0028948784 0.62858593
  vertex -3.6738524 0.006649971 0.62110066
  vertex -3.6860409 0.0034651756 0.6313294
 endloop
endfacet
facet normal 0.4418543 0.5599678 0.70085716
 outer loop
  vertex -3.6860409 0.0034651756 0.6313294
  vertex -3.6738524 0.006649971 0.62110066
  vertex -3.679626 0.007944584 0.6237062
 endloop
endfacet
facet normal 0.5088276 0.4834867 0.71227455
 outer loop
  vertex -3.6860409 0.0034651756 0.6313294
  vertex -3.679626 0.007944584 0.6237062
  vertex -3.686967 0.0035886765 0.6319071
 endloop
endfacet
facet normal 0.47056654 0.581702 0.663468
 outer loop
  vertex -3.694097 0.004539013 0.63622737
  vertex -3.6930962 0.0044112206 0.63562953
  vertex -3.686346 0.009205818 0.6266383
 endloop
endfacet
facet normal 0.4749451 0.57714653 0.66432595
 outer loop
  vertex -3.686346 0.009205818 0.6266383
  vertex -3.6930962 0.0044112206 0.63562953
  vertex -3.6913118 0.0041823387 0.6345527
 endloop
endfacet
facet normal 0.44020298 0.655712 0.6134029
 outer loop
  vertex -3.693987 0.01047039 0.62980783
  vertex -3.7001204 0.005394459 0.63963556
  vertex -3.694097 0.004539013 0.63622737
 endloop
endfacet
facet normal 0.35125563 0.802992 0.4814803
 outer loop
  vertex -3.7145662 0.010452747 0.6420661
  vertex -3.7169561 0.008010864 0.6478821
  vertex -3.7080588 0.00654459 0.6438366
 endloop
endfacet
facet normal 0.28328863 0.8590062 0.42644545
 outer loop
  vertex -3.7390666 0.0121769905 0.65487385
  vertex -3.7268047 0.009781837 0.6515529
  vertex -3.724678 0.012149811 0.64537024
 endloop
endfacet
facet normal 0.3104112 0.8471593 0.43123764
 outer loop
  vertex -3.724678 0.012149811 0.64537024
  vertex -3.7268047 0.009781837 0.6515529
  vertex -3.7190323 0.008368492 0.6487347
 endloop
endfacet
facet normal 0.31813815 0.84949213 0.4208932
 outer loop
  vertex -3.724678 0.012149811 0.64537024
  vertex -3.7190323 0.008368492 0.6487347
  vertex -3.7180095 0.008190632 0.64832056
 endloop
endfacet
facet normal 0.19246776 0.9254039 0.3264719
 outer loop
  vertex -3.7781134 0.020153046 0.65877855
  vertex -3.7756395 0.019656658 0.65872717
  vertex -3.7725701 0.023958683 0.6447233
 endloop
endfacet
facet normal 0.20076029 0.9232328 0.32762253
 outer loop
  vertex -3.7725701 0.023958683 0.6447233
  vertex -3.7756395 0.019656658 0.65872717
  vertex -3.7657661 0.017652512 0.6583246
 endloop
endfacet
facet normal 0.21067122 0.9228348 0.32248008
 outer loop
  vertex -3.7725701 0.023958683 0.6447233
  vertex -3.7657661 0.017652512 0.6583246
  vertex -3.7477293 0.016444683 0.64999783
 endloop
endfacet
facet normal 0.2214332 0.911165 0.3474847
 outer loop
  vertex -3.7477293 0.016444683 0.64999783
  vertex -3.7657661 0.017652512 0.6583246
  vertex -3.7494564 0.014297485 0.65672874
 endloop
endfacet
facet normal 0.24704681 0.90301985 0.3514586
 outer loop
  vertex -3.7477293 0.016444683 0.64999783
  vertex -3.7494564 0.014297485 0.65672874
  vertex -3.7390666 0.0121769905 0.65487385
 endloop
endfacet
facet normal 0.106868275 0.93816537 0.3292794
 outer loop
  vertex -3.848806 0.033295155 0.6558901
  vertex -3.9555821 0.053934097 0.63174117
  vertex -4.117772 0.07395506 0.6273376
 endloop
endfacet
facet normal 0.11329345 0.96750784 0.22603793
 outer loop
  vertex -4.117772 0.07395506 0.6273376
  vertex -3.9555821 0.053934097 0.63174117
  vertex -4.082354 0.07195282 0.6181557
 endloop
endfacet
facet normal 0.10919808 0.971731 0.20931973
 outer loop
  vertex -4.117772 0.07395506 0.6273376
  vertex -4.082354 0.07195282 0.6181557
  vertex -4.159485 0.07979822 0.62197244
 endloop
endfacet
facet normal 0.10760904 0.98179525 0.1565197
 outer loop
  vertex -4.159485 0.07979822 0.62197244
  vertex -4.082354 0.07195282 0.6181557
  vertex -4.2073684 0.08753967 0.6063334
 endloop
endfacet
facet normal 0.065620616 0.98169476 0.17879982
 outer loop
  vertex -4.2091594 0.08540583 0.6191188
  vertex -4.3332467 0.09775019 0.5968833
  vertex -4.3756104 0.09892988 0.60595393
 endloop
endfacet
facet normal 0.052017763 0.99212813 0.113911904
 outer loop
  vertex -4.3756104 0.09892988 0.60595393
  vertex -4.3332467 0.09775019 0.5968833
  vertex -4.461239 0.10561228 0.58685505
 endloop
endfacet
facet normal 0.04903798 0.9907182 0.12677823
 outer loop
  vertex -4.3756104 0.09892988 0.60595393
  vertex -4.461239 0.10561228 0.58685505
  vertex -4.4857144 0.105554104 0.59677684
 endloop
endfacet
facet normal 0.035018377 0.99512273 0.092219785
 outer loop
  vertex -4.4857144 0.105554104 0.59677684
  vertex -4.461239 0.10561228 0.58685505
  vertex -4.835239 0.120563984 0.56753266
 endloop
endfacet
facet normal 0.04250444 0.9978143 -0.050596073
 outer loop
  vertex -4.835239 0.120563984 0.56753266
  vertex -4.461239 0.10561228 0.58685505
  vertex -4.977601 0.12556505 0.54656494
 endloop
endfacet
facet normal 0.024016289 0.9969155 0.074716404
 outer loop
  vertex -4.835239 0.120563984 0.56753266
  vertex -4.977601 0.12556505 0.54656494
  vertex -4.978414 0.124945164 0.5550972
 endloop
endfacet
facet normal 0.017767629 0.99709 0.074133664
 outer loop
  vertex -4.978414 0.124945164 0.5550972
  vertex -4.977601 0.12556505 0.54656494
  vertex -5.106709 0.12870693 0.5352503
 endloop
endfacet
facet normal 0.018968316 0.99760807 0.06647033
 outer loop
  vertex -4.978414 0.124945164 0.5550972
  vertex -5.106709 0.12870693 0.5352503
  vertex -5.1075864 0.1282239 0.54275024
 endloop
endfacet
facet normal 0.012567368 0.99775815 0.06573118
 outer loop
  vertex -5.1075864 0.1282239 0.54275024
  vertex -5.106709 0.12870693 0.5352503
  vertex -5.235532 0.13127756 0.52085984
 endloop
endfacet
facet normal 0.01426493 0.998335 0.055889703
 outer loop
  vertex -5.1075864 0.1282239 0.54275024
  vertex -5.235532 0.13127756 0.52085984
  vertex -5.2309 0.13081026 0.5280248
 endloop
endfacet
facet normal -0.012320228 0.9967187 0.08000074
 outer loop
  vertex -5.4916754 0.13418531 0.48410118
  vertex -5.6282883 0.13283587 0.4798752
  vertex -5.492307 0.13376856 0.48919618
 endloop
endfacet
facet normal -0.009572936 0.9991667 0.039676312
 outer loop
  vertex -5.492307 0.13376856 0.48919618
  vertex -5.6282883 0.13283587 0.4798752
  vertex -5.4929385 0.13356018 0.49429142
 endloop
endfacet
facet normal 0.005142931 0.99912536 0.041498013
 outer loop
  vertex -5.492307 0.13376856 0.48919618
  vertex -5.4929385 0.13356018 0.49429142
  vertex -5.2309 0.13081026 0.5280248
 endloop
endfacet
facet normal -0.028537063 0.99883777 0.0388458
 outer loop
  vertex -5.7498236 0.13084221 0.4698876
  vertex -5.7491856 0.1311965 0.4612465
  vertex -5.8648047 0.12778902 0.46392596
 endloop
endfacet
facet normal -0.030927906 0.997324 -0.06624426
 outer loop
  vertex -5.8648047 0.12778902 0.46392596
  vertex -5.7491856 0.1311965 0.4612465
  vertex -6.007613 0.12266779 0.45349848
 endloop
endfacet
facet normal -0.04060107 0.9969661 0.06640934
 outer loop
  vertex -5.8648047 0.12778902 0.46392596
  vertex -6.007613 0.12266779 0.45349848
  vertex -6.0935316 0.11847305 0.46394324
 endloop
endfacet
facet normal -0.055245474 0.99700946 -0.05403783
 outer loop
  vertex -6.0935316 0.11847305 0.46394324
  vertex -6.007613 0.12266779 0.45349848
  vertex -6.265441 0.10890007 0.46307087
 endloop
endfacet
facet normal -0.055825505 0.99536484 0.07830908
 outer loop
  vertex -6.0935316 0.11847305 0.46394324
  vertex -6.265441 0.10890007 0.46307087
  vertex -6.3844156 0.10067177 0.48284304
 endloop
endfacet
facet normal -0.06748443 0.99767864 0.009117043
 outer loop
  vertex -6.3844156 0.10067177 0.48284304
  vertex -6.265441 0.10890007 0.46307087
  vertex -6.3940682 0.10011864 0.47192347
 endloop
endfacet
facet normal -0.078057334 0.99677706 0.01850888
 outer loop
  vertex -6.3844156 0.10067177 0.48284304
  vertex -6.3940682 0.10011864 0.47192347
  vertex -6.521808 0.089809895 0.488374
 endloop
endfacet
facet normal -0.18163389 0.9570779 0.22585602
 outer loop
  vertex -7.2980447 -0.0015788078 0.49329627
  vertex -7.2821126 -0.0015788078 0.5061089
  vertex -7.2800927 -0.00013589859 0.50161886
 endloop
endfacet
facet normal -0.17678785 0.9574406 0.22815259
 outer loop
  vertex -7.2800927 -0.00013589859 0.50161886
  vertex -7.2821126 -0.0015788078 0.5061089
  vertex -7.156804 0.018015385 0.5209794
 endloop
endfacet
facet normal -0.1818702 0.9448666 0.2723059
 outer loop
  vertex -7.2800927 -0.00013589859 0.50161886
  vertex -7.156804 0.018015385 0.5209794
  vertex -7.2796707 0.0022921562 0.49347568
 endloop
endfacet
facet normal -0.16863625 0.96480197 0.20178954
 outer loop
  vertex -7.2796707 0.0022921562 0.49347568
  vertex -7.156804 0.018015385 0.5209794
  vertex -7.1569815 0.020948887 0.5068054
 endloop
endfacet
facet normal -0.17719446 0.92489004 0.33642307
 outer loop
  vertex -7.2796707 0.0022921562 0.49347568
  vertex -7.1569815 0.020948887 0.5068054
  vertex -7.2793593 0.005264282 0.48546875
 endloop
endfacet
facet normal -0.17050804 0.9434018 0.2844645
 outer loop
  vertex -7.2793593 0.005264282 0.48546875
  vertex -7.1569815 0.020948887 0.5068054
  vertex -7.1571665 0.02301979 0.49982655
 endloop
endfacet
facet normal -0.1775813 0.8997474 0.39864698
 outer loop
  vertex -7.2793593 0.005264282 0.48546875
  vertex -7.1571665 0.02301979 0.49982655
  vertex -7.279162 0.0087656975 0.47765398
 endloop
endfacet
facet normal -0.16968627 0.9254795 0.33866543
 outer loop
  vertex -7.279162 0.0087656975 0.47765398
  vertex -7.1571665 0.02301979 0.49982655
  vertex -7.1574154 0.025484562 0.4929663
 endloop
endfacet
facet normal -0.17728461 0.87052596 0.4590803
 outer loop
  vertex -7.279162 0.0087656975 0.47765398
  vertex -7.1574154 0.025484562 0.4929663
  vertex -7.2790804 0.012773991 0.4700848
 endloop
endfacet
facet normal -0.07901284 0.986125 0.14599472
 outer loop
  vertex -6.523019 0.09061098 0.47483897
  vertex -6.5236673 0.091555595 0.46810758
  vertex -6.779709 0.06684542 0.49644256
 endloop
endfacet
facet normal -0.075974815 0.98246664 0.17025633
 outer loop
  vertex -6.779709 0.06684542 0.49644256
  vertex -6.5236673 0.091555595 0.46810758
  vertex -6.7802143 0.06746721 0.49262893
 endloop
endfacet
facet normal -0.09910395 0.97993904 0.17290998
 outer loop
  vertex -6.779709 0.06684542 0.49644256
  vertex -6.7802143 0.06746721 0.49262893
  vertex -7.0331893 0.040581226 0.5000074
 endloop
endfacet
facet normal -0.09953785 0.9680467 0.23016904
 outer loop
  vertex -7.0327387 0.03896475 0.50577354
  vertex -7.0323224 0.03762102 0.511605
  vertex -6.7792134 0.06634092 0.500273
 endloop
endfacet
facet normal -0.10413917 0.9814041 0.16124819
 outer loop
  vertex -6.7792134 0.06634092 0.500273
  vertex -7.0323224 0.03762102 0.511605
  vertex -7.0315986 0.03576231 0.52338517
 endloop
endfacet
facet normal -0.11084607 0.9889896 0.09804485
 outer loop
  vertex -6.7792134 0.06634092 0.500273
  vertex -7.0315986 0.03576231 0.52338517
  vertex -6.7782574 0.06568575 0.5079627
 endloop
endfacet
facet normal -0.11289089 0.9912234 0.06878904
 outer loop
  vertex -6.7782574 0.06568575 0.5079627
  vertex -7.0315986 0.03576231 0.52338517
  vertex -7.0310245 0.03500843 0.53519046
 endloop
endfacet
facet normal -0.11641229 0.9924917 0.037527584
 outer loop
  vertex -6.7782574 0.06568575 0.5079627
  vertex -7.0310245 0.03500843 0.53519046
  vertex -6.777351 0.06550121 0.51565504
 endloop
endfacet
facet normal -0.124750145 0.9892935 -0.075734355
 outer loop
  vertex -6.777351 0.06550121 0.51565504
  vertex -7.0310245 0.03500843 0.53519046
  vertex -6.970012 0.043317318 0.54322696
 endloop
endfacet
facet normal -0.113569684 0.99351317 0.0057854503
 outer loop
  vertex -6.777351 0.06550121 0.51565504
  vertex -6.970012 0.043317318 0.54322696
  vertex -6.7548437 0.06804514 0.52061737
 endloop
endfacet
facet normal -0.09523565 0.9565435 0.27559894
 outer loop
  vertex -7.0331893 0.040581226 0.5000074
  vertex -7.0327387 0.03896475 0.50577354
  vertex -6.779709 0.06684542 0.49644256
 endloop
endfacet
facet normal -0.10318767 0.9843304 0.14298949
 outer loop
  vertex -6.779709 0.06684542 0.49644256
  vertex -7.0327387 0.03896475 0.50577354
  vertex -6.7792134 0.06634092 0.500273
 endloop
endfacet
facet normal -0.07956703 0.9869106 0.14027403
 outer loop
  vertex -6.779709 0.06684542 0.49644256
  vertex -6.7792134 0.06634092 0.500273
  vertex -6.523019 0.09061098 0.47483897
 endloop
endfacet
facet normal -0.08453054 0.99188006 0.0950192
 outer loop
  vertex -6.523019 0.09061098 0.47483897
  vertex -6.7792134 0.06634092 0.500273
  vertex -6.7782574 0.06568575 0.5079627
 endloop
endfacet
facet normal -0.08479772 0.992041 0.093081005
 outer loop
  vertex -6.523019 0.09061098 0.47483897
  vertex -6.7782574 0.06568575 0.5079627
  vertex -6.5223985 0.09002924 0.48160422
 endloop
endfacet
facet normal -0.09112523 0.9952377 0.03461357
 outer loop
  vertex -6.5223985 0.09002924 0.48160422
  vertex -6.7782574 0.06568575 0.5079627
  vertex -6.777351 0.06550121 0.51565504
 endloop
endfacet
facet normal -0.035984457 0.9936682 0.10643642
 outer loop
  vertex -5.7491856 0.1311965 0.4612465
  vertex -5.7485623 0.13214207 0.45262957
  vertex -6.007613 0.12266779 0.45349848
 endloop
endfacet
facet normal -0.036095366 0.9952406 0.09051628
 outer loop
  vertex -6.007613 0.12266779 0.45349848
  vertex -5.7485623 0.13214207 0.45262957
  vertex -6.0076585 0.12344456 0.44493973
 endloop
endfacet
facet normal -0.049751908 0.9946498 0.09053489
 outer loop
  vertex -6.007613 0.12266779 0.45349848
  vertex -6.0076585 0.12344456 0.44493973
  vertex -6.265441 0.10890007 0.46307087
 endloop
endfacet
facet normal -0.049496036 0.99434763 0.09393051
 outer loop
  vertex -6.265441 0.10890007 0.46307087
  vertex -6.0076585 0.12344456 0.44493973
  vertex -6.266149 0.10982609 0.45289493
 endloop
endfacet
facet normal -0.061317906 0.9936169 0.09468669
 outer loop
  vertex -6.265441 0.10890007 0.46307087
  vertex -6.266149 0.10982609 0.45289493
  vertex -6.3940682 0.10011864 0.47192347
 endloop
endfacet
facet normal -0.05984259 0.992758 0.104166254
 outer loop
  vertex -6.3940682 0.10011864 0.47192347
  vertex -6.266149 0.10982609 0.45289493
  vertex -6.3950753 0.10128164 0.46026087
 endloop
endfacet
facet normal -0.019634893 0.9990262 0.039510805
 outer loop
  vertex -5.7498236 0.13084221 0.4698876
  vertex -5.6282883 0.13283587 0.4798752
  vertex -5.7491856 0.1311965 0.4612465
 endloop
endfacet
facet normal -0.008948673 0.99951327 -0.029883854
 outer loop
  vertex -5.7491856 0.1311965 0.4612465
  vertex -5.6282883 0.13283587 0.4798752
  vertex -5.4916754 0.13418531 0.48410118
 endloop
endfacet
facet normal -0.02108184 0.99397635 0.107548065
 outer loop
  vertex -5.7491856 0.1311965 0.4612465
  vertex -5.4916754 0.13418531 0.48410118
  vertex -5.7485623 0.13214207 0.45262957
 endloop
endfacet
facet normal -0.022499759 0.9926141 0.11921024
 outer loop
  vertex -5.7485623 0.13214207 0.45262957
  vertex -5.4916754 0.13418531 0.48410118
  vertex -5.4910455 0.13480997 0.4790188
 endloop
endfacet
facet normal -0.02653638 0.9868929 0.15917966
 outer loop
  vertex -5.7485623 0.13214207 0.45262957
  vertex -5.4910455 0.13480997 0.4790188
  vertex -5.4904184 0.13564253 0.4739616
 endloop
endfacet
facet normal 0.0216186 0.9810406 0.1925927
 outer loop
  vertex -4.4599576 0.108121395 0.57501996
  vertex -4.976353 0.12759447 0.5337924
  vertex -4.976772 0.1267705 0.5380366
 endloop
endfacet
facet normal 0.00619255 0.9815379 0.19116753
 outer loop
  vertex -4.976772 0.1267705 0.5380366
  vertex -4.976353 0.12759447 0.5337924
  vertex -5.104928 0.13103342 0.52030027
 endloop
endfacet
facet normal 0.007197584 0.9828581 0.18422286
 outer loop
  vertex -4.976772 0.1267705 0.5380366
  vertex -5.104928 0.13103342 0.52030027
  vertex -5.105821 0.12964296 0.5277535
 endloop
endfacet
facet normal -0.0011588652 0.98306376 0.18325989
 outer loop
  vertex -5.105821 0.12964296 0.5277535
  vertex -5.104928 0.13103342 0.52030027
  vertex -5.2346716 0.1319809 0.51439726
 endloop
endfacet
facet normal -0.004300568 0.9570511 0.2898876
 outer loop
  vertex -4.975088 0.13093948 0.5212307
  vertex -5.104034 0.13287401 0.512931
  vertex -4.9755106 0.12968016 0.52538204
 endloop
endfacet
facet normal -0.0009090237 0.9663412 0.25726208
 outer loop
  vertex -4.9755106 0.12968016 0.52538204
  vertex -5.104034 0.13287401 0.512931
  vertex -4.9759326 0.12856436 0.5295718
 endloop
endfacet
facet normal 0.026741205 0.93436897 0.35530207
 outer loop
  vertex -4.330162 0.104911804 0.57233214
  vertex -4.4592977 0.10981226 0.56916416
  vertex -4.3309584 0.10264015 0.57836604
 endloop
endfacet
facet normal 0.073159546 0.91641 0.39349765
 outer loop
  vertex -4.080027 0.07614708 0.6050261
  vertex -4.078801 0.07880831 0.5986005
  vertex -4.20544 0.09104538 0.59364665
 endloop
endfacet
facet normal -0.006923976 0.9777049 0.20986956
 outer loop
  vertex -5.232947 0.13439703 0.50158274
  vertex -5.233809 0.13302135 0.50796306
  vertex -5.104034 0.13287401 0.512931
 endloop
endfacet
facet normal -0.008138676 0.9703956 0.24138388
 outer loop
  vertex -5.104034 0.13287401 0.512931
  vertex -5.233809 0.13302135 0.50796306
  vertex -5.104928 0.13103342 0.52030027
 endloop
endfacet
facet normal 0.0011434504 0.97016275 0.24245186
 outer loop
  vertex -5.104034 0.13287401 0.512931
  vertex -5.104928 0.13103342 0.52030027
  vertex -4.9759326 0.12856436 0.5295718
 endloop
endfacet
facet normal 0.0025390498 0.97453976 0.22420037
 outer loop
  vertex -4.9759326 0.12856436 0.5295718
  vertex -5.104928 0.13103342 0.52030027
  vertex -4.976353 0.12759447 0.5337924
 endloop
endfacet
facet normal 0.018063072 0.97404474 0.22563353
 outer loop
  vertex -4.9759326 0.12856436 0.5295718
  vertex -4.976353 0.12759447 0.5337924
  vertex -4.4592977 0.10981226 0.56916416
 endloop
endfacet
facet normal 0.0139482645 0.96023613 0.27884057
 outer loop
  vertex -4.4592977 0.10981226 0.56916416
  vertex -4.976353 0.12759447 0.5337924
  vertex -4.4599576 0.108121395 0.57501996
 endloop
endfacet
facet normal 0.033474766 0.95919937 0.2807418
 outer loop
  vertex -4.4592977 0.10981226 0.56916416
  vertex -4.4599576 0.108121395 0.57501996
  vertex -4.3309584 0.10264015 0.57836604
 endloop
endfacet
facet normal 0.032429315 0.9509727 0.3075699
 outer loop
  vertex -4.3309584 0.10264015 0.57836604
  vertex -4.4599576 0.108121395 0.57501996
  vertex -4.3317394 0.100687504 0.58448577
 endloop
endfacet
facet normal 0.090887055 0.9250171 0.36889398
 outer loop
  vertex -3.9543648 0.056126118 0.62477386
  vertex -3.953093 0.05874443 0.617895
  vertex -4.081213 0.07386112 0.6115551
 endloop
endfacet
facet normal 0.093212664 0.93431073 0.3440565
 outer loop
  vertex -4.081213 0.07386112 0.6115551
  vertex -3.953093 0.05874443 0.617895
  vertex -4.080027 0.07614708 0.6050261
 endloop
endfacet
facet normal 0.08233335 0.93585855 0.3426222
 outer loop
  vertex -4.081213 0.07386112 0.6115551
  vertex -4.080027 0.07614708 0.6050261
  vertex -4.20642 0.08911991 0.599964
 endloop
endfacet
facet normal 0.08531716 0.9493008 0.30257034
 outer loop
  vertex -4.20642 0.08911991 0.599964
  vertex -4.080027 0.07614708 0.6050261
  vertex -4.20544 0.09104538 0.59364665
 endloop
endfacet
facet normal 0.0067294245 0.9940106 0.1090759
 outer loop
  vertex -5.2346716 0.1319809 0.51439726
  vertex -5.235532 0.13127756 0.52085984
  vertex -5.105821 0.12964296 0.5277535
 endloop
endfacet
facet normal 0.0058825933 0.99219227 0.124578744
 outer loop
  vertex -5.105821 0.12964296 0.5277535
  vertex -5.235532 0.13127756 0.52085984
  vertex -5.106709 0.12870693 0.5352503
 endloop
endfacet
facet normal 0.01209755 0.9920455 0.12529646
 outer loop
  vertex -5.105821 0.12964296 0.5277535
  vertex -5.106709 0.12870693 0.5352503
  vertex -4.976772 0.1267705 0.5380366
 endloop
endfacet
facet normal 0.011727962 0.9899312 0.14106266
 outer loop
  vertex -4.976772 0.1267705 0.5380366
  vertex -5.106709 0.12870693 0.5352503
  vertex -4.977601 0.12556505 0.54656494
 endloop
endfacet
facet normal 0.025519459 0.9894886 0.14234106
 outer loop
  vertex -4.976772 0.1267705 0.5380366
  vertex -4.977601 0.12556505 0.54656494
  vertex -4.4599576 0.108121395 0.57501996
 endloop
endfacet
facet normal 0.02142198 0.9775594 0.20956805
 outer loop
  vertex -4.4599576 0.108121395 0.57501996
  vertex -4.977601 0.12556505 0.54656494
  vertex -4.461239 0.10561228 0.58685505
 endloop
endfacet
facet normal 0.04100551 0.97652423 0.21146865
 outer loop
  vertex -4.4599576 0.108121395 0.57501996
  vertex -4.461239 0.10561228 0.58685505
  vertex -4.3317394 0.100687504 0.58448577
 endloop
endfacet
facet normal 0.04123138 0.97109795 0.23509285
 outer loop
  vertex -4.3317394 0.100687504 0.58448577
  vertex -4.461239 0.10561228 0.58685505
  vertex -4.3332467 0.09775019 0.5968833
 endloop
endfacet
facet normal 0.060845107 0.9695739 0.23711637
 outer loop
  vertex -4.3317394 0.100687504 0.58448577
  vertex -4.3332467 0.09775019 0.5968833
  vertex -4.2073684 0.08753967 0.6063334
 endloop
endfacet
facet normal 0.06669015 0.98260236 0.17333509
 outer loop
  vertex -4.2073684 0.08753967 0.6063334
  vertex -4.3332467 0.09775019 0.5968833
  vertex -4.2091594 0.08540583 0.6191188
 endloop
endfacet
facet normal 0.10032311 0.9790037 0.17744584
 outer loop
  vertex -4.2073684 0.08753967 0.6063334
  vertex -4.2091594 0.08540583 0.6191188
  vertex -4.159485 0.07979822 0.62197244
 endloop
endfacet
facet normal 0.16934492 0.94594103 0.2766186
 outer loop
  vertex -3.8338566 0.030671597 0.6569345
  vertex -3.7781134 0.020153046 0.65877855
  vertex -3.8312693 0.034412384 0.64255834
 endloop
endfacet
facet normal 0.15515687 0.9364116 0.31473744
 outer loop
  vertex -3.8312693 0.034412384 0.64255834
  vertex -3.7781134 0.020153046 0.65877855
  vertex -3.7725701 0.023958683 0.6447233
 endloop
endfacet
facet normal 0.10904045 0.9221456 0.37115717
 outer loop
  vertex -3.9543648 0.056126118 0.62477386
  vertex -3.8312693 0.034412384 0.64255834
  vertex -3.953093 0.05874443 0.617895
 endloop
endfacet
facet normal 0.2941728 0.68553126 0.66596496
 outer loop
  vertex -3.693987 0.01047039 0.62980783
  vertex -3.6872892 0.016492367 0.6206504
  vertex -3.696495 0.018065453 0.62309754
 endloop
endfacet
facet normal 0.3178802 0.6845558 0.6559996
 outer loop
  vertex -3.696495 0.018065453 0.62309754
  vertex -3.699586 0.014773846 0.6280302
  vertex -3.693987 0.01047039 0.62980783
 endloop
endfacet
facet normal 0.3466321 0.7060645 0.6175103
 outer loop
  vertex -3.693987 0.01047039 0.62980783
  vertex -3.699586 0.014773846 0.6280302
  vertex -3.70255 0.011753082 0.63314795
 endloop
endfacet
facet normal 0.3399175 0.7321337 0.59028506
 outer loop
  vertex -3.693987 0.01047039 0.62980783
  vertex -3.70255 0.011753082 0.63314795
  vertex -3.7001204 0.005394459 0.63963556
 endloop
endfacet
facet normal 0.36864978 0.729138 0.57658917
 outer loop
  vertex -3.7001204 0.005394459 0.63963556
  vertex -3.70255 0.011753082 0.63314795
  vertex -3.7053766 0.009008884 0.63842547
 endloop
endfacet
facet normal 0.39317295 0.7498896 0.5320531
 outer loop
  vertex -3.7001204 0.005394459 0.63963556
  vertex -3.7053766 0.009008884 0.63842547
  vertex -3.7058105 0.0062122345 0.6426878
 endloop
endfacet
facet normal 0.37461588 0.6777837 0.6326707
 outer loop
  vertex -3.694097 0.004539013 0.63622737
  vertex -3.686346 0.009205818 0.6266383
  vertex -3.693987 0.01047039 0.62980783
 endloop
endfacet
facet normal 0.3945692 0.5619809 0.726975
 outer loop
  vertex -3.693987 0.01047039 0.62980783
  vertex -3.686346 0.009205818 0.6266383
  vertex -3.679019 0.01479435 0.6183413
 endloop
endfacet
facet normal 0.32443467 0.66384286 0.6738358
 outer loop
  vertex -3.693987 0.01047039 0.62980783
  vertex -3.679019 0.01479435 0.6183413
  vertex -3.6872892 0.016492367 0.6206504
 endloop
endfacet
facet normal 0.23077184 0.85319465 0.46776408
 outer loop
  vertex -3.724678 0.012149811 0.64537024
  vertex -3.7224202 0.01487112 0.6392927
  vertex -3.7458878 0.01899767 0.6433437
 endloop
endfacet
facet normal 0.23415402 0.8219795 0.5191547
 outer loop
  vertex -3.7458878 0.01899767 0.6433437
  vertex -3.7224202 0.01487112 0.6392927
  vertex -3.720039 0.01794386 0.6333536
 endloop
endfacet
facet normal 0.21096402 0.8653644 0.45457533
 outer loop
  vertex -3.7458878 0.01899767 0.6433437
  vertex -3.720039 0.01794386 0.6333536
  vertex -3.7439375 0.021957397 0.6368042
 endloop
endfacet
facet normal 0.051115554 0.953067 0.29841322
 outer loop
  vertex -4.20544 0.09104538 0.59364665
  vertex -4.3317394 0.100687504 0.58448577
  vertex -4.20642 0.08911991 0.599964
 endloop
endfacet
facet normal 0.058540396 0.9668382 0.24858983
 outer loop
  vertex -4.20642 0.08911991 0.599964
  vertex -4.3317394 0.100687504 0.58448577
  vertex -4.2073684 0.08753967 0.6063334
 endloop
endfacet
facet normal 0.09393878 0.9629238 0.25288966
 outer loop
  vertex -4.20642 0.08911991 0.599964
  vertex -4.2073684 0.08753967 0.6063334
  vertex -4.081213 0.07386112 0.6115551
 endloop
endfacet
facet normal 0.09120931 0.9523357 0.29109713
 outer loop
  vertex -4.081213 0.07386112 0.6115551
  vertex -4.2073684 0.08753967 0.6063334
  vertex -4.082354 0.07195282 0.6181557
 endloop
endfacet
facet normal 0.102436386 0.9507396 0.2925765
 outer loop
  vertex -4.081213 0.07386112 0.6115551
  vertex -4.082354 0.07195282 0.6181557
  vertex -3.9543648 0.056126118 0.62477386
 endloop
endfacet
facet normal 0.10045809 0.94391894 0.31452388
 outer loop
  vertex -3.9543648 0.056126118 0.62477386
  vertex -4.082354 0.07195282 0.6181557
  vertex -3.9555821 0.053934097 0.63174117
 endloop
endfacet
facet normal 0.120156415 0.9407898 0.31698117
 outer loop
  vertex -3.9543648 0.056126118 0.62477386
  vertex -3.9555821 0.053934097 0.63174117
  vertex -3.8312693 0.034412384 0.64255834
 endloop
endfacet
facet normal 0.12893908 0.95961577 0.25002453
 outer loop
  vertex -3.8312693 0.034412384 0.64255834
  vertex -3.9555821 0.053934097 0.63174117
  vertex -3.848806 0.033295155 0.6558901
 endloop
endfacet
facet normal 0.14765331 0.95036614 0.2738661
 outer loop
  vertex -3.8312693 0.034412384 0.64255834
  vertex -3.848806 0.033295155 0.6558901
  vertex -3.8338566 0.030671597 0.6569345
 endloop
endfacet
facet normal 0.24040292 0.900888 0.36139625
 outer loop
  vertex -3.7390666 0.0121769905 0.65487385
  vertex -3.724678 0.012149811 0.64537024
  vertex -3.7477293 0.016444683 0.64999783
 endloop
endfacet
facet normal 0.24548677 0.88041097 0.405725
 outer loop
  vertex -3.7477293 0.016444683 0.64999783
  vertex -3.724678 0.012149811 0.64537024
  vertex -3.7458878 0.01899767 0.6433437
 endloop
endfacet
facet normal 0.18758327 0.89858884 0.3966744
 outer loop
  vertex -3.7477293 0.016444683 0.64999783
  vertex -3.7458878 0.01899767 0.6433437
  vertex -3.7725701 0.023958683 0.6447233
 endloop
endfacet
facet normal 0.18565331 0.87321776 0.4505813
 outer loop
  vertex -3.7725701 0.023958683 0.6447233
  vertex -3.7458878 0.01899767 0.6433437
  vertex -3.7439375 0.021957397 0.6368042
 endloop
endfacet
facet normal 0.17552248 0.8958443 0.4082337
 outer loop
  vertex -3.7725701 0.023958683 0.6447233
  vertex -3.7439375 0.021957397 0.6368042
  vertex -3.7708898 0.026764393 0.63784385
 endloop
endfacet
facet normal 0.15489714 0.8200736 0.55089575
 outer loop
  vertex -3.7397418 0.029078007 0.6242211
  vertex -3.7691202 0.030005455 0.6311009
  vertex -3.7418861 0.02532053 0.63041747
 endloop
endfacet
facet normal 0.17904595 0.8125603 0.5546967
 outer loop
  vertex -3.7397418 0.029078007 0.6242211
  vertex -3.7418861 0.02532053 0.63041747
  vertex -3.7149396 0.025116444 0.6220186
 endloop
endfacet
facet normal 0.19583988 0.768091 0.60965806
 outer loop
  vertex -3.7149396 0.025116444 0.6220186
  vertex -3.7418861 0.02532053 0.63041747
  vertex -3.7175422 0.021361828 0.62758493
 endloop
endfacet
facet normal 0.24864288 0.74511796 0.6188505
 outer loop
  vertex -3.7149396 0.025116444 0.6220186
  vertex -3.7175422 0.021361828 0.62758493
  vertex -3.696495 0.018065453 0.62309754
 endloop
endfacet
facet normal 0.24599813 0.77094984 0.5874701
 outer loop
  vertex -3.696495 0.018065453 0.62309754
  vertex -3.7175422 0.021361828 0.62758493
  vertex -3.7093787 0.01628828 0.6308247
 endloop
endfacet
facet normal 0.2940179 0.6996881 0.65114516
 outer loop
  vertex -3.696495 0.018065453 0.62309754
  vertex -3.7093787 0.01628828 0.6308247
  vertex -3.699586 0.014773846 0.6280302
 endloop
endfacet
facet normal 0.2811842 0.77572584 0.56496453
 outer loop
  vertex -3.699586 0.014773846 0.6280302
  vertex -3.7093787 0.01628828 0.6308247
  vertex -3.712038 0.013213158 0.63637054
 endloop
endfacet
facet normal 0.3192049 0.72359854 0.6119751
 outer loop
  vertex -3.699586 0.014773846 0.6280302
  vertex -3.712038 0.013213158 0.63637054
  vertex -3.70255 0.011753082 0.63314795
 endloop
endfacet
facet normal 0.2998268 0.7994559 0.52055186
 outer loop
  vertex -3.70255 0.011753082 0.63314795
  vertex -3.712038 0.013213158 0.63637054
  vertex -3.7145662 0.010452747 0.6420661
 endloop
endfacet
facet normal 0.34350348 0.7452487 0.5714978
 outer loop
  vertex -3.70255 0.011753082 0.63314795
  vertex -3.7145662 0.010452747 0.6420661
  vertex -3.7053766 0.009008884 0.63842547
 endloop
endfacet
facet normal 0.33032677 0.7864531 0.5218962
 outer loop
  vertex -3.7053766 0.009008884 0.63842547
  vertex -3.7145662 0.010452747 0.6420661
  vertex -3.7080588 0.00654459 0.6438366
 endloop
endfacet
facet normal 0.38402113 0.7535696 0.533536
 outer loop
  vertex -3.7053766 0.009008884 0.63842547
  vertex -3.7080588 0.00654459 0.6438366
  vertex -3.7058105 0.0062122345 0.6426878
 endloop
endfacet
facet normal -0.0076726046 0.94092846 0.3385183
 outer loop
  vertex -4.975088 0.13093948 0.5212307
  vertex -4.974245 0.13388157 0.51307213
  vertex -5.104034 0.13287401 0.512931
 endloop
endfacet
facet normal -0.007732062 0.954044 0.29956686
 outer loop
  vertex -5.104034 0.13287401 0.512931
  vertex -4.974245 0.13388157 0.51307213
  vertex -5.1031437 0.13515615 0.5056859
 endloop
endfacet
facet normal -0.01502353 0.95422053 0.2987265
 outer loop
  vertex -5.104034 0.13287401 0.512931
  vertex -5.1031437 0.13515615 0.5056859
  vertex -5.232947 0.13439703 0.50158274
 endloop
endfacet
facet normal -0.013853304 0.96561736 0.25959817
 outer loop
  vertex -5.232947 0.13439703 0.50158274
  vertex -5.1031437 0.13515615 0.5056859
  vertex -5.2320895 0.13610315 0.4952823
 endloop
endfacet
facet normal -0.024612581 0.9657834 0.25817907
 outer loop
  vertex -5.232947 0.13439703 0.50158274
  vertex -5.2320895 0.13610315 0.4952823
  vertex -5.489179 0.13792133 0.4639722
 endloop
endfacet
facet normal 0.22708407 0.69795513 0.67918444
 outer loop
  vertex -3.6932878 0.021618366 0.6183741
  vertex -3.7149396 0.025116444 0.6220186
  vertex -3.696495 0.018065453 0.62309754
 endloop
endfacet
facet normal 0.40601537 0.6346333 0.65756536
 outer loop
  vertex -3.679626 0.007944584 0.6237062
  vertex -3.686346 0.009205818 0.6266383
  vertex -3.6913118 0.0041823387 0.6345527
 endloop
endfacet
facet normal 0.5002786 0.4947414 0.7105999
 outer loop
  vertex -3.679626 0.007944584 0.6237062
  vertex -3.6913118 0.0041823387 0.6345527
  vertex -3.686967 0.0035886765 0.6319071
 endloop
endfacet
facet normal -0.08277404 0.9154557 0.39381394
 outer loop
  vertex -6.910217 0.061874866 0.47748482
  vertex -7.0359044 0.052522182 0.47280824
  vertex -6.9096155 0.06005478 0.48184216
 endloop
endfacet
facet normal -0.06673243 0.9173706 0.3924002
 outer loop
  vertex -6.910217 0.061874866 0.47748482
  vertex -6.9096155 0.06005478 0.48184216
  vertex -6.7823277 0.071107864 0.47764862
 endloop
endfacet
facet normal -0.11979443 0.7774919 0.61737806
 outer loop
  vertex -7.098041 0.047898293 0.4680059
  vertex -7.1590176 0.039011 0.46736634
  vertex -7.0353065 0.049650192 0.4779725
 endloop
endfacet
facet normal -0.048616543 0.96644074 0.2522471
 outer loop
  vertex -6.3961487 0.1035161 0.44876122
  vertex -6.2669015 0.11156607 0.4428295
  vertex -6.267691 0.1140995 0.43297088
 endloop
endfacet
facet normal -0.044453345 0.9586991 0.2809267
 outer loop
  vertex -6.4178596 0.10558319 0.43827152
  vertex -6.3961487 0.1035161 0.44876122
  vertex -6.267691 0.1140995 0.43297088
 endloop
endfacet
facet normal -0.095327936 0.90778816 0.40845236
 outer loop
  vertex -7.0341887 0.044610977 0.48874784
  vertex -6.9084506 0.05689764 0.49078643
  vertex -7.034734 0.04700899 0.48329103
 endloop
endfacet
facet normal -0.09296565 0.94134885 0.3243758
 outer loop
  vertex -7.034734 0.04700899 0.48329103
  vertex -6.9084506 0.05689764 0.49078643
  vertex -6.909026 0.058393955 0.48627913
 endloop
endfacet
facet normal -0.09113593 0.88796926 0.45078245
 outer loop
  vertex -7.034734 0.04700899 0.48329103
  vertex -6.909026 0.058393955 0.48627913
  vertex -7.0353065 0.049650192 0.4779725
 endloop
endfacet
facet normal -0.11481576 0.88473713 0.45172736
 outer loop
  vertex -7.0353065 0.049650192 0.4779725
  vertex -7.1590176 0.039011 0.46736634
  vertex -7.034734 0.04700899 0.48329103
 endloop
endfacet
facet normal -0.123060346 0.83044446 0.54333985
 outer loop
  vertex -7.034734 0.04700899 0.48329103
  vertex -7.1590176 0.039011 0.46736634
  vertex -7.15853 0.035116196 0.47342956
 endloop
endfacet
facet normal -0.11950524 0.904487 0.4094164
 outer loop
  vertex -7.034734 0.04700899 0.48329103
  vertex -7.15853 0.035116196 0.47342956
  vertex -7.0341887 0.044610977 0.48874784
 endloop
endfacet
facet normal -0.16820431 0.90448606 0.39193404
 outer loop
  vertex -7.157727 0.028333187 0.48625875
  vertex -7.2790804 0.012773991 0.4700848
  vertex -7.1574154 0.025484562 0.4929663
 endloop
endfacet
facet normal -0.13284884 0.9100415 0.39265203
 outer loop
  vertex -7.157727 0.028333187 0.48625875
  vertex -7.1574154 0.025484562 0.4929663
  vertex -7.0331893 0.040581226 0.5000074
 endloop
endfacet
facet normal -0.132411 0.9312774 0.33939606
 outer loop
  vertex -7.0331893 0.040581226 0.5000074
  vertex -7.1574154 0.025484562 0.4929663
  vertex -7.1571665 0.02301979 0.49982655
 endloop
endfacet
facet normal -0.13514942 0.9512496 0.27723417
 outer loop
  vertex -7.0331893 0.040581226 0.5000074
  vertex -7.1571665 0.02301979 0.49982655
  vertex -7.0327387 0.03896475 0.50577354
 endloop
endfacet
facet normal -0.1352262 0.94889325 0.28515866
 outer loop
  vertex -7.0327387 0.03896475 0.50577354
  vertex -7.1571665 0.02301979 0.49982655
  vertex -7.1569815 0.020948887 0.5068054
 endloop
endfacet
facet normal -0.13771315 0.9629836 0.23172764
 outer loop
  vertex -7.0327387 0.03896475 0.50577354
  vertex -7.1569815 0.020948887 0.5068054
  vertex -7.0323224 0.03762102 0.511605
 endloop
endfacet
facet normal -0.13746965 0.9696075 0.20239407
 outer loop
  vertex -7.0323224 0.03762102 0.511605
  vertex -7.1569815 0.020948887 0.5068054
  vertex -7.156804 0.018015385 0.5209794
 endloop
endfacet
facet normal -0.14153332 0.9764607 0.16276601
 outer loop
  vertex -7.0323224 0.03762102 0.511605
  vertex -7.156804 0.018015385 0.5209794
  vertex -7.0315986 0.03576231 0.52338517
 endloop
endfacet
facet normal -0.14146979 0.9857724 0.09076962
 outer loop
  vertex -7.0315986 0.03576231 0.52338517
  vertex -7.156804 0.018015385 0.5209794
  vertex -7.1568785 0.016694546 0.535208
 endloop
endfacet
facet normal -0.14363724 0.98714995 0.0700241
 outer loop
  vertex -7.0315986 0.03576231 0.52338517
  vertex -7.1568785 0.016694546 0.535208
  vertex -7.0310245 0.03500843 0.53519046
 endloop
endfacet
facet normal -0.14394209 0.9891498 -0.02938398
 outer loop
  vertex -7.0310245 0.03500843 0.53519046
  vertex -7.1568785 0.016694546 0.535208
  vertex -7.141313 0.019380093 0.5493617
 endloop
endfacet
facet normal -0.13762474 0.9902616 0.021007357
 outer loop
  vertex -7.0310245 0.03500843 0.53519046
  vertex -7.141313 0.019380093 0.5493617
  vertex -6.970012 0.043317318 0.54322696
 endloop
endfacet
facet normal -0.07261696 0.9770813 0.20009694
 outer loop
  vertex -6.5236673 0.091555595 0.46810758
  vertex -6.78073 0.06820536 0.48883748
  vertex -6.7802143 0.06746721 0.49262893
 endloop
endfacet
facet normal -0.086605534 0.9756084 0.20171197
 outer loop
  vertex -6.7802143 0.06746721 0.49262893
  vertex -6.78073 0.06820536 0.48883748
  vertex -6.90789 0.05556965 0.49535537
 endloop
endfacet
facet normal -0.029396668 0.5121685 0.85838175
 outer loop
  vertex -6.7802143 0.06746721 0.49262893
  vertex -6.90789 0.05556965 0.49535537
  vertex -7.0331893 0.040581226 0.5000074
 endloop
endfacet
facet normal -0.100734375 0.94172645 0.32094237
 outer loop
  vertex -7.0331893 0.040581226 0.5000074
  vertex -6.90789 0.05556965 0.49535537
  vertex -7.0336733 0.042465687 0.494326
 endloop
endfacet
facet normal -0.12780842 0.93806165 0.3220332
 outer loop
  vertex -7.0331893 0.040581226 0.5000074
  vertex -7.0336733 0.042465687 0.494326
  vertex -7.157727 0.028333187 0.48625875
 endloop
endfacet
facet normal -0.12987703 0.8863242 0.44447866
 outer loop
  vertex -7.157727 0.028333187 0.48625875
  vertex -7.0336733 0.042465687 0.494326
  vertex -7.158099 0.031549454 0.47973645
 endloop
endfacet
facet normal -0.10444282 0.99388635 -0.03580175
 outer loop
  vertex -6.7548437 0.06804514 0.52061737
  vertex -6.689748 0.07460022 0.51269054
  vertex -6.777351 0.06550121 0.51565504
 endloop
endfacet
facet normal -0.106545635 0.9872404 -0.118340515
 outer loop
  vertex -6.777351 0.06550121 0.51565504
  vertex -6.689748 0.07460022 0.51269054
  vertex -6.521808 0.089809895 0.488374
 endloop
endfacet
facet normal -0.09037611 0.9950992 0.040122647
 outer loop
  vertex -6.777351 0.06550121 0.51565504
  vertex -6.521808 0.089809895 0.488374
  vertex -6.5223985 0.09002924 0.48160422
 endloop
endfacet
facet normal -0.07540579 0.9963954 0.038859237
 outer loop
  vertex -6.5223985 0.09002924 0.48160422
  vertex -6.521808 0.089809895 0.488374
  vertex -6.3940682 0.10011864 0.47192347
 endloop
endfacet
facet normal -0.071152575 0.99322 0.091931276
 outer loop
  vertex -6.5223985 0.09002924 0.48160422
  vertex -6.3940682 0.10011864 0.47192347
  vertex -6.523019 0.09061098 0.47483897
 endloop
endfacet
facet normal -0.07076271 0.99194837 0.10502848
 outer loop
  vertex -6.523019 0.09061098 0.47483897
  vertex -6.3940682 0.10011864 0.47192347
  vertex -6.3950753 0.10128164 0.46026087
 endloop
endfacet
facet normal -0.06583023 0.9872564 0.14488351
 outer loop
  vertex -6.523019 0.09061098 0.47483897
  vertex -6.3950753 0.10128164 0.46026087
  vertex -6.5236673 0.091555595 0.46810758
 endloop
endfacet
facet normal -0.061939497 0.9783283 0.19757862
 outer loop
  vertex -6.5236673 0.091555595 0.46810758
  vertex -6.3950753 0.10128164 0.46026087
  vertex -6.5243406 0.092859745 0.4614389
 endloop
endfacet
facet normal -0.0727752 0.9773972 0.19849056
 outer loop
  vertex -6.5236673 0.091555595 0.46810758
  vertex -6.5243406 0.092859745 0.4614389
  vertex -6.78073 0.06820536 0.48883748
 endloop
endfacet
facet normal -0.06877437 0.9707664 0.22996248
 outer loop
  vertex -6.78073 0.06820536 0.48883748
  vertex -6.5243406 0.092859745 0.4614389
  vertex -6.7812543 0.06905985 0.48507345
 endloop
endfacet
facet normal -0.084418595 0.969102 0.23176453
 outer loop
  vertex -6.78073 0.06820536 0.48883748
  vertex -6.7812543 0.06905985 0.48507345
  vertex -6.90789 0.05556965 0.49535537
 endloop
endfacet
facet normal -0.078389466 0.95468575 0.28710675
 outer loop
  vertex -6.90789 0.05556965 0.49535537
  vertex -6.7812543 0.06905985 0.48507345
  vertex -6.9084506 0.05689764 0.49078643
 endloop
endfacet
facet normal -0.10153279 0.9518889 0.28913438
 outer loop
  vertex -6.90789 0.05556965 0.49535537
  vertex -6.9084506 0.05689764 0.49078643
  vertex -7.0336733 0.042465687 0.494326
 endloop
endfacet
facet normal -0.0964026 0.92599016 0.36503246
 outer loop
  vertex -7.0336733 0.042465687 0.494326
  vertex -6.9084506 0.05689764 0.49078643
  vertex -7.0341887 0.044610977 0.48874784
 endloop
endfacet
facet normal -0.12384625 0.92228097 0.36614195
 outer loop
  vertex -7.0336733 0.042465687 0.494326
  vertex -7.0341887 0.044610977 0.48874784
  vertex -7.158099 0.031549454 0.47973645
 endloop
endfacet
facet normal -0.12661032 0.8597081 0.49484524
 outer loop
  vertex -7.158099 0.031549454 0.47973645
  vertex -7.0341887 0.044610977 0.48874784
  vertex -7.15853 0.035116196 0.47342956
 endloop
endfacet
facet normal -0.034422074 0.9699394 0.24089965
 outer loop
  vertex -5.489179 0.13792133 0.4639722
  vertex -5.7473764 0.1357789 0.4357046
  vertex -5.7479577 0.13367414 0.44409597
 endloop
endfacet
facet normal -0.040144693 0.9698249 0.24047454
 outer loop
  vertex -5.7479577 0.13367414 0.44409597
  vertex -5.7473764 0.1357789 0.4357046
  vertex -5.822088 0.13356209 0.43217266
 endloop
endfacet
facet normal -0.040232603 0.96968526 0.24102238
 outer loop
  vertex -5.7479577 0.13367414 0.44409597
  vertex -5.822088 0.13356209 0.43217266
  vertex -6.007729 0.12479591 0.43645275
 endloop
endfacet
facet normal -0.040836416 0.9738701 0.22340408
 outer loop
  vertex -6.007729 0.12479591 0.43645275
  vertex -5.822088 0.13356209 0.43217266
  vertex -6.0092244 0.12665129 0.4280914
 endloop
endfacet
facet normal -0.044188898 0.97359985 0.22394371
 outer loop
  vertex -6.007729 0.12479591 0.43645275
  vertex -6.0092244 0.12665129 0.4280914
  vertex -6.2669015 0.11156607 0.4428295
 endloop
endfacet
facet normal -0.04191114 0.9658197 0.2558042
 outer loop
  vertex -6.2669015 0.11156607 0.4428295
  vertex -6.0092244 0.12665129 0.4280914
  vertex -6.241107 0.11552954 0.43209112
 endloop
endfacet
facet normal -0.04366729 0.96675915 0.25193247
 outer loop
  vertex -6.2669015 0.11156607 0.4428295
  vertex -6.241107 0.11552954 0.43209112
  vertex -6.267691 0.1140995 0.43297088
 endloop
endfacet
facet normal 0.1616267 0.87221223 0.46165213
 outer loop
  vertex -3.7691202 0.030005455 0.6311009
  vertex -3.7708898 0.026764393 0.63784385
  vertex -3.7418861 0.02532053 0.63041747
 endloop
endfacet
facet normal 0.17062028 0.848199 0.5014451
 outer loop
  vertex -3.7418861 0.02532053 0.63041747
  vertex -3.7708898 0.026764393 0.63784385
  vertex -3.7439375 0.021957397 0.6368042
 endloop
endfacet
facet normal 0.19547532 0.84047574 0.5053613
 outer loop
  vertex -3.7418861 0.02532053 0.63041747
  vertex -3.7439375 0.021957397 0.6368042
  vertex -3.7175422 0.021361828 0.62758493
 endloop
endfacet
facet normal 0.215344 0.7964284 0.56509185
 outer loop
  vertex -3.7175422 0.021361828 0.62758493
  vertex -3.7439375 0.021957397 0.6368042
  vertex -3.720039 0.01794386 0.6333536
 endloop
endfacet
facet normal 0.25674412 0.77867573 0.5724915
 outer loop
  vertex -3.7175422 0.021361828 0.62758493
  vertex -3.720039 0.01794386 0.6333536
  vertex -3.7093787 0.01628828 0.6308247
 endloop
endfacet
facet normal 0.25048706 0.81520766 0.5221999
 outer loop
  vertex -3.7093787 0.01628828 0.6308247
  vertex -3.720039 0.01794386 0.6333536
  vertex -3.7224202 0.01487112 0.6392927
 endloop
endfacet
facet normal 0.28285122 0.7748789 0.5652943
 outer loop
  vertex -3.7093787 0.01628828 0.6308247
  vertex -3.7224202 0.01487112 0.6392927
  vertex -3.712038 0.013213158 0.63637054
 endloop
endfacet
facet normal 0.2675343 0.83843744 0.47481367
 outer loop
  vertex -3.712038 0.013213158 0.63637054
  vertex -3.7224202 0.01487112 0.6392927
  vertex -3.724678 0.012149811 0.64537024
 endloop
endfacet
facet normal 0.3041784 0.7972476 0.5214132
 outer loop
  vertex -3.712038 0.013213158 0.63637054
  vertex -3.724678 0.012149811 0.64537024
  vertex -3.7145662 0.010452747 0.6420661
 endloop
endfacet
facet normal 0.29182386 0.8367731 0.46330285
 outer loop
  vertex -3.7145662 0.010452747 0.6420661
  vertex -3.724678 0.012149811 0.64537024
  vertex -3.7180095 0.008190632 0.64832056
 endloop
endfacet
facet normal 0.3376581 0.8102986 0.47896054
 outer loop
  vertex -3.7145662 0.010452747 0.6420661
  vertex -3.7180095 0.008190632 0.64832056
  vertex -3.7169561 0.008010864 0.6478821
 endloop
endfacet
facet normal 0.0017985739 0.9979532 0.063924044
 outer loop
  vertex -5.2309 0.13081026 0.5280248
  vertex -5.235532 0.13127756 0.52085984
  vertex -5.492307 0.13376856 0.48919618
 endloop
endfacet
facet normal -0.0036379113 0.9941752 0.10771383
 outer loop
  vertex -5.492307 0.13376856 0.48919618
  vertex -5.235532 0.13127756 0.52085984
  vertex -5.2346716 0.1319809 0.51439726
 endloop
endfacet
facet normal -0.0010461682 0.99668133 0.081395715
 outer loop
  vertex -5.492307 0.13376856 0.48919618
  vertex -5.2346716 0.1319809 0.51439726
  vertex -5.4916754 0.13418531 0.48410118
 endloop
endfacet
facet normal -0.0101912 0.98733944 0.15829389
 outer loop
  vertex -5.4916754 0.13418531 0.48410118
  vertex -5.2346716 0.1319809 0.51439726
  vertex -5.233809 0.13302135 0.50796306
 endloop
endfacet
facet normal -0.0067315614 0.9926097 0.12116398
 outer loop
  vertex -5.4916754 0.13418531 0.48410118
  vertex -5.233809 0.13302135 0.50796306
  vertex -5.4910455 0.13480997 0.4790188
 endloop
endfacet
facet normal -0.016670879 0.9778618 0.20858641
 outer loop
  vertex -5.4910455 0.13480997 0.4790188
  vertex -5.233809 0.13302135 0.50796306
  vertex -5.232947 0.13439703 0.50158274
 endloop
endfacet
facet normal -0.012489321 0.98688835 0.16092065
 outer loop
  vertex -5.4910455 0.13480997 0.4790188
  vertex -5.232947 0.13439703 0.50158274
  vertex -5.4904184 0.13564253 0.4739616
 endloop
endfacet
facet normal -0.018898426 0.97528523 0.22014011
 outer loop
  vertex -5.4904184 0.13564253 0.4739616
  vertex -5.232947 0.13439703 0.50158274
  vertex -5.489179 0.13792133 0.4639722
 endloop
endfacet
facet normal -0.031290315 0.97531086 0.21860865
 outer loop
  vertex -5.4904184 0.13564253 0.4739616
  vertex -5.489179 0.13792133 0.4639722
  vertex -5.7485623 0.13214207 0.45262957
 endloop
endfacet
facet normal -0.029563906 0.98419505 0.17460257
 outer loop
  vertex -5.7485623 0.13214207 0.45262957
  vertex -5.489179 0.13792133 0.4639722
  vertex -5.7479577 0.13367414 0.44409597
 endloop
endfacet
facet normal -0.03819495 0.98401207 0.1739582
 outer loop
  vertex -5.7485623 0.13214207 0.45262957
  vertex -5.7479577 0.13367414 0.44409597
  vertex -6.0076585 0.12344456 0.44493973
 endloop
endfacet
facet normal -0.038357764 0.98678315 0.15744135
 outer loop
  vertex -6.0076585 0.12344456 0.44493973
  vertex -5.7479577 0.13367414 0.44409597
  vertex -6.007729 0.12479591 0.43645275
 endloop
endfacet
facet normal -0.047122434 0.9864015 0.15745348
 outer loop
  vertex -6.0076585 0.12344456 0.44493973
  vertex -6.007729 0.12479591 0.43645275
  vertex -6.266149 0.10982609 0.45289493
 endloop
endfacet
facet normal -0.045948915 0.9837624 0.17349464
 outer loop
  vertex -6.266149 0.10982609 0.45289493
  vertex -6.007729 0.12479591 0.43645275
  vertex -6.2669015 0.11156607 0.4428295
 endloop
endfacet
facet normal -0.05521314 0.98318124 0.17408678
 outer loop
  vertex -6.266149 0.10982609 0.45289493
  vertex -6.2669015 0.11156607 0.4428295
  vertex -6.3950753 0.10128164 0.46026087
 endloop
endfacet
facet normal -0.052043043 0.9793898 0.1951597
 outer loop
  vertex -6.3950753 0.10128164 0.46026087
  vertex -6.2669015 0.11156607 0.4428295
  vertex -6.3961487 0.1035161 0.44876122
 endloop
endfacet
facet normal -0.061975658 0.9786546 0.195944
 outer loop
  vertex -6.3950753 0.10128164 0.46026087
  vertex -6.3961487 0.1035161 0.44876122
  vertex -6.5243406 0.092859745 0.4614389
 endloop
endfacet
facet normal -0.07738598 0.95818496 0.27548653
 outer loop
  vertex -6.7812543 0.06905985 0.48507345
  vertex -6.7823277 0.071107864 0.47764862
  vertex -6.909026 0.058393955 0.48627913
 endloop
endfacet
facet normal -0.06907939 0.93125546 0.35775864
 outer loop
  vertex -6.909026 0.058393955 0.48627913
  vertex -6.7823277 0.071107864 0.47764862
  vertex -6.9096155 0.06005478 0.48184216
 endloop
endfacet
facet normal -0.08796895 0.92901653 0.35942978
 outer loop
  vertex -6.909026 0.058393955 0.48627913
  vertex -6.9096155 0.06005478 0.48184216
  vertex -7.0353065 0.049650192 0.4779725
 endloop
endfacet
facet normal -0.08685721 0.86633646 0.4918505
 outer loop
  vertex -7.0353065 0.049650192 0.4779725
  vertex -6.9096155 0.06005478 0.48184216
  vertex -7.0359044 0.052522182 0.47280824
 endloop
endfacet
facet normal -0.10237826 0.86427057 0.49249873
 outer loop
  vertex -7.0353065 0.049650192 0.4779725
  vertex -7.0359044 0.052522182 0.47280824
  vertex -7.098041 0.047898293 0.4680059
 endloop
endfacet
facet normal -0.19216885 -0.97269166 -0.13016152
 outer loop
  vertex -7.914019 -0.06603432 2.7683902
  vertex -8.536024 -0.04685688 3.5433984
  vertex -8.653824 -0.023583889 3.5433984
 endloop
endfacet
facet normal -0.030175617 -0.99947155 -0.012081827
 outer loop
  vertex -7.58547 -0.091015816 2.7683902
  vertex -7.4765725 -0.09430361 2.7683902
  vertex -8.332688 -0.07782459 3.5433984
 endloop
endfacet
facet normal 0.17873318 -0.95661354 0.23009776
 outer loop
  vertex -7.3400145 -0.06060648 3.1558948
  vertex -7.8174977 -0.056611538 3.5433984
  vertex -7.8553534 -0.06368446 3.5433984
 endloop
endfacet
facet normal 0.553201 -0.35412523 0.7540318
 outer loop
  vertex -6.8601985 -0.0022263527 2.9621425
  vertex -6.8602867 -0.0023641586 2.9621425
  vertex -6.72829 -0.0024404526 2.8652663
 endloop
endfacet
facet normal 0.56794095 -0.27994823 0.7739974
 outer loop
  vertex -6.3322234 -0.0024719238 2.574638
  vertex -6.596211 -0.0023488998 2.7683902
  vertex -6.596294 -0.0025172234 2.7683902
 endloop
endfacet
facet normal 0.39160454 -0.7488251 0.53470254
 outer loop
  vertex -5.5448365 -0.006518364 1.9933816
  vertex -5.5425415 -0.005318165 1.9933816
  vertex -6.0702333 -0.004579544 2.380886
 endloop
endfacet
facet normal 0.53801817 -0.4153665 0.73348975
 outer loop
  vertex -5.5407915 -0.003921032 1.9933816
  vertex -5.5405993 -0.003672123 1.9933816
  vertex -6.068568 -0.0032539368 2.380886
 endloop
endfacet
facet normal 0.5424385 0.3998354 0.7388451
 outer loop
  vertex -4.484619 -0.0022058487 1.2183732
  vertex -3.678998 -0.0023207664 0.62697184
  vertex -3.6832628 -0.0019335747 0.6298934
 endloop
endfacet
facet normal 0.5583584 0.33127913 0.7605854
 outer loop
  vertex -4.484454 -0.002556324 1.2183732
  vertex -3.6767988 -0.0025520325 0.6254581
  vertex -3.678998 -0.0023207664 0.62697184
 endloop
endfacet
facet normal 0.58424836 0.15859708 0.79592764
 outer loop
  vertex -3.672511 -0.0032076836 0.62250245
  vertex -3.672925 -0.003112793 0.62278736
  vertex -4.484347 -0.0029320717 1.2183732
 endloop
endfacet
facet normal 0.578798 0.20804065 0.78848714
 outer loop
  vertex -4.484347 -0.0029320717 1.2183732
  vertex -3.672925 -0.003112793 0.62278736
  vertex -3.674653 -0.0028204918 0.62397873
 endloop
endfacet
facet normal 0.5717099 0.25798175 0.7788409
 outer loop
  vertex -4.484347 -0.0029320717 1.2183732
  vertex -3.674653 -0.0028204918 0.62397873
  vertex -3.6753025 -0.002732277 0.62442625
 endloop
endfacet
facet normal 0.5913042 0.036324956 0.80563015
 outer loop
  vertex -3.6715508 -0.0036668777 0.62185085
  vertex -3.6715622 -0.0036392212 0.621858
  vertex -4.484311 -0.0033311844 1.2183732
 endloop
endfacet
facet normal 0.5910238 0.047703136 0.8052423
 outer loop
  vertex -3.6715622 -0.0036392212 0.621858
  vertex -3.6715794 -0.0036096573 0.62186885
  vertex -4.484311 -0.0033311844 1.2183732
 endloop
endfacet
facet normal 0.5908133 0.054694656 0.80495226
 outer loop
  vertex -4.484311 -0.0033311844 1.2183732
  vertex -3.6715794 -0.0036096573 0.62186885
  vertex -3.6716042 -0.0035786629 0.62188494
 endloop
endfacet
facet normal 0.5901474 0.07245501 0.8040375
 outer loop
  vertex -4.484311 -0.0033311844 1.2183732
  vertex -3.6716042 -0.0035786629 0.62188494
  vertex -3.671651 -0.0035367012 0.62191546
 endloop
endfacet
facet normal 0.5901006 0.07353909 0.80397344
 outer loop
  vertex -3.671651 -0.0035367012 0.62191546
  vertex -3.6717534 -0.003469944 0.6219846
  vertex -4.484311 -0.0033311844 1.2183732
 endloop
endfacet
facet normal 0.5887353 0.10007547 0.80210704
 outer loop
  vertex -4.484311 -0.0033311844 1.2183732
  vertex -3.6717534 -0.003469944 0.6219846
  vertex -3.672038 -0.00334692 0.6221782
 endloop
endfacet
facet normal 0.5865538 0.13167867 0.79913414
 outer loop
  vertex -4.484311 -0.0033311844 1.2183732
  vertex -3.672038 -0.00334692 0.6221782
  vertex -3.672511 -0.0032076836 0.62250245
 endloop
endfacet
facet normal 0.59069055 -0.0570587 0.80487823
 outer loop
  vertex -3.6718736 -0.004126072 0.62207866
  vertex -3.6717157 -0.004020691 0.6219703
  vertex -4.484311 -0.0033311844 1.2183732
 endloop
endfacet
facet normal 0.589163 -0.09127376 0.80284256
 outer loop
  vertex -3.6718736 -0.004126072 0.62207866
  vertex -4.484311 -0.0033311844 1.2183732
  vertex -3.6722698 -0.0043025017 0.6223494
 endloop
endfacet
facet normal 0.5912597 -0.03703005 0.8056306
 outer loop
  vertex -3.6717157 -0.004020691 0.6219703
  vertex -3.671651 -0.0039629936 0.62192535
  vertex -4.484311 -0.0033311844 1.2183732
 endloop
endfacet
facet normal 0.591444 -0.02765444 0.8058717
 outer loop
  vertex -4.484311 -0.0033311844 1.2183732
  vertex -3.671651 -0.0039629936 0.62192535
  vertex -3.671605 -0.003911495 0.6218935
 endloop
endfacet
facet normal 0.59163105 -0.012496924 0.80611193
 outer loop
  vertex -4.484311 -0.0033311844 1.2183732
  vertex -3.671605 -0.003911495 0.6218935
  vertex -3.6715755 -0.003865242 0.62187254
 endloop
endfacet
facet normal 0.5916596 -0.008131728 0.80614686
 outer loop
  vertex -3.6715755 -0.003865242 0.62187254
  vertex -3.6715565 -0.0038247108 0.62185895
  vertex -4.484311 -0.0033311844 1.2183732
 endloop
endfacet
facet normal 0.5916465 0.011700267 0.8061126
 outer loop
  vertex -4.484311 -0.0033311844 1.2183732
  vertex -3.6715565 -0.0038247108 0.62185895
  vertex -3.671546 -0.0037884712 0.6218507
 endloop
endfacet
facet normal 0.59164894 0.011316786 0.8061162
 outer loop
  vertex -4.484311 -0.0033311844 1.2183732
  vertex -3.671546 -0.0037884712 0.6218507
  vertex -3.6715407 -0.003757 0.62184644
 endloop
endfacet
facet normal 0.5915916 0.018160539 0.80603325
 outer loop
  vertex -3.6715407 -0.003757 0.62184644
  vertex -3.6715398 -0.003724575 0.621845
  vertex -4.484311 -0.0033311844 1.2183732
 endloop
endfacet
facet normal 0.591513 0.024537822 0.805922
 outer loop
  vertex -4.484311 -0.0033311844 1.2183732
  vertex -3.6715398 -0.003724575 0.621845
  vertex -3.6715431 -0.0036950111 0.62184656
 endloop
endfacet
facet normal 0.5912796 0.037459474 0.8055961
 outer loop
  vertex -4.484311 -0.0033311844 1.2183732
  vertex -3.6715431 -0.0036950111 0.62184656
  vertex -3.6715508 -0.0036668777 0.62185085
 endloop
endfacet
facet normal 0.56920725 -0.27222535 0.77581984
 outer loop
  vertex -3.6741323 -0.004781723 0.623611
  vertex -4.4844737 -0.004134655 1.2183732
  vertex -3.676076 -0.0051550865 0.62490594
 endloop
endfacet
facet normal 0.5668362 -0.2859454 0.77261364
 outer loop
  vertex -3.676076 -0.0051550865 0.62490594
  vertex -4.4844737 -0.004134655 1.2183732
  vertex -4.4846625 -0.004508972 1.2183732
 endloop
endfacet
facet normal 0.5579206 -0.33217332 0.76051664
 outer loop
  vertex -3.676076 -0.0051550865 0.62490594
  vertex -4.4846625 -0.004508972 1.2183732
  vertex -3.6774268 -0.0053977966 0.62579095
 endloop
endfacet
facet normal 0.54772204 -0.3774285 0.74669164
 outer loop
  vertex -3.6774268 -0.0053977966 0.62579095
  vertex -4.4846625 -0.004508972 1.2183732
  vertex -3.6790962 -0.0056710243 0.6268774
 endloop
endfacet
facet normal 0.5496382 -0.3694167 0.7492857
 outer loop
  vertex -3.6790962 -0.0056710243 0.6268774
  vertex -4.4846625 -0.004508972 1.2183732
  vertex -4.484898 -0.0048594475 1.2183732
 endloop
endfacet
facet normal 0.5352707 -0.4253148 0.7297894
 outer loop
  vertex -3.6790962 -0.0056710243 0.6268774
  vertex -4.484898 -0.0048594475 1.2183732
  vertex -3.6811342 -0.0059695244 0.62819827
 endloop
endfacet
facet normal 0.5320219 -0.43676904 0.7253864
 outer loop
  vertex -3.6811342 -0.0059695244 0.62819827
  vertex -4.484898 -0.0048594475 1.2183732
  vertex -4.485167 -0.0051870346 1.2183732
 endloop
endfacet
facet normal 0.5268659 -0.45424205 0.7183846
 outer loop
  vertex -3.6811342 -0.0059695244 0.62819827
  vertex -4.485167 -0.0051870346 1.2183732
  vertex -3.6815996 -0.0060343742 0.62849855
 endloop
endfacet
facet normal 0.5081647 -0.51140183 0.6929912
 outer loop
  vertex -3.6815996 -0.0060343742 0.62849855
  vertex -4.485167 -0.0051870346 1.2183732
  vertex -3.6868382 -0.006729126 0.63182724
 endloop
endfacet
facet normal 0.5053926 -0.5191613 0.6892386
 outer loop
  vertex -3.6868382 -0.006729126 0.63182724
  vertex -4.485167 -0.0051870346 1.2183732
  vertex -4.4857783 -0.0057821274 1.2183732
 endloop
endfacet
facet normal 0.4726423 -0.6007434 0.64476085
 outer loop
  vertex -3.6868382 -0.006729126 0.63182724
  vertex -4.4857783 -0.0057821274 1.2183732
  vertex -3.6928577 -0.0075387955 0.63548553
 endloop
endfacet
facet normal 0.45340014 -0.64158577 0.6187052
 outer loop
  vertex -3.6928577 -0.0075387955 0.63548553
  vertex -4.4857783 -0.0057821274 1.2183732
  vertex -3.6931696 -0.007578373 0.63567305
 endloop
endfacet
facet normal 0.460503 -0.6270126 0.62832487
 outer loop
  vertex -3.6931696 -0.007578373 0.63567305
  vertex -4.4857783 -0.0057821274 1.2183732
  vertex -4.4871573 -0.0067949295 1.2183732
 endloop
endfacet
facet normal 0.4320586 -0.6823849 0.58964086
 outer loop
  vertex -3.6931696 -0.007578373 0.63567305
  vertex -4.4871573 -0.0067949295 1.2183732
  vertex -3.6998725 -0.008515835 0.63949966
 endloop
endfacet
facet normal 0.39590538 -0.7422648 0.5406496
 outer loop
  vertex -3.6998725 -0.008515835 0.63949966
  vertex -4.4871573 -0.0067949295 1.2183732
  vertex -3.7066698 -0.009495735 0.64313185
 endloop
endfacet
facet normal 0.3978072 -0.7393683 0.54321635
 outer loop
  vertex -3.7066698 -0.009495735 0.64313185
  vertex -4.4871573 -0.0067949295 1.2183732
  vertex -4.4901786 -0.008420467 1.2183732
 endloop
endfacet
facet normal 0.37496716 -0.772711 0.5121692
 outer loop
  vertex -3.7066698 -0.009495735 0.64313185
  vertex -4.4901786 -0.008420467 1.2183732
  vertex -3.7077951 -0.009662151 0.64370465
 endloop
endfacet
facet normal 0.3310525 -0.8279378 0.45268458
 outer loop
  vertex -3.717495 -0.0112605095 0.648108
  vertex -3.716649 -0.011116505 0.64775276
  vertex -4.4901786 -0.008420467 1.2183732
 endloop
endfacet
facet normal 0.33796355 -0.81995267 0.46201542
 outer loop
  vertex -4.4901786 -0.008420467 1.2183732
  vertex -3.716649 -0.011116505 0.64775276
  vertex -3.7142553 -0.010714054 0.646716
 endloop
endfacet
facet normal 0.3571391 -0.79646575 0.48794857
 outer loop
  vertex -4.4901786 -0.008420467 1.2183732
  vertex -3.7142553 -0.010714054 0.646716
  vertex -3.7077951 -0.009662151 0.64370465
 endloop
endfacet
facet normal 0.34452915 -0.8121483 0.47086617
 outer loop
  vertex -4.4901786 -0.008420467 1.2183732
  vertex -4.4933405 -0.00976181 1.2183732
  vertex -3.717495 -0.0112605095 0.648108
 endloop
endfacet
facet normal 0.28213552 -0.8782285 0.38615328
 outer loop
  vertex -3.717495 -0.0112605095 0.648108
  vertex -4.4933405 -0.00976181 1.2183732
  vertex -4.506408 -0.013959885 1.2183732
 endloop
endfacet
facet normal 0.2961595 -0.86473316 0.40561816
 outer loop
  vertex -3.717495 -0.0112605095 0.648108
  vertex -4.506408 -0.013959885 1.2183732
  vertex -3.7347155 -0.014470577 0.6538379
 endloop
endfacet
facet normal 0.20640007 -0.9362609 0.28427884
 outer loop
  vertex -3.7776785 -0.0232234 0.6587714
  vertex -3.7569666 -0.019003391 0.657632
  vertex -4.506408 -0.013959885 1.2183732
 endloop
endfacet
facet normal 0.22803353 -0.92195004 0.31306365
 outer loop
  vertex -4.506408 -0.013959885 1.2183732
  vertex -3.7569666 -0.019003391 0.657632
  vertex -3.749076 -0.017377377 0.65667295
 endloop
endfacet
facet normal 0.25105655 -0.90478396 0.34400085
 outer loop
  vertex -4.506408 -0.013959885 1.2183732
  vertex -3.749076 -0.017377377 0.65667295
  vertex -3.7347155 -0.014470577 0.6538379
 endloop
endfacet
facet normal 0.2206335 -0.92720836 0.30266416
 outer loop
  vertex -4.506408 -0.013959885 1.2183732
  vertex -4.53305 -0.020299435 1.2183732
  vertex -3.7776785 -0.0232234 0.6587714
 endloop
endfacet
facet normal 0.17867008 -0.9526205 0.24615313
 outer loop
  vertex -3.7776785 -0.0232234 0.6587714
  vertex -4.53305 -0.020299435 1.2183732
  vertex -4.5864067 -0.030306816 1.2183732
 endloop
endfacet
facet normal 0.17636956 -0.95390564 0.24281219
 outer loop
  vertex -3.7776785 -0.0232234 0.6587714
  vertex -4.5864067 -0.030306816 1.2183732
  vertex -3.8214622 -0.03159666 0.6576792
 endloop
endfacet
facet normal 0.15092771 -0.9663862 0.20813105
 outer loop
  vertex -3.8214622 -0.03159666 0.6576792
  vertex -4.5864067 -0.030306816 1.2183732
  vertex -4.6903124 -0.04653454 1.2183732
 endloop
endfacet
facet normal 0.1439865 -0.96971434 0.19728626
 outer loop
  vertex -3.8214622 -0.03159666 0.6576792
  vertex -4.6903124 -0.04653454 1.2183732
  vertex -3.9409156 -0.051396847 0.64753735
 endloop
endfacet
facet normal 0.13633928 -0.97386754 0.18164155
 outer loop
  vertex -4.8793983 -0.07300615 1.2183732
  vertex -4.138864 -0.080070496 0.6246563
  vertex -4.6903124 -0.04653454 1.2183732
 endloop
endfacet
facet normal 0.11627915 -0.97969365 0.16333865
 outer loop
  vertex -4.6903124 -0.04653454 1.2183732
  vertex -4.138864 -0.080070496 0.6246563
  vertex -4.1363487 -0.07971811 0.62497926
 endloop
endfacet
facet normal 0.11624738 -0.9797023 0.16330947
 outer loop
  vertex -4.1363487 -0.07971811 0.62497926
  vertex -4.134588 -0.07947159 0.6252047
  vertex -4.6903124 -0.04653454 1.2183732
 endloop
endfacet
facet normal 0.11575845 -0.97983515 0.16285878
 outer loop
  vertex -4.6903124 -0.04653454 1.2183732
  vertex -4.134588 -0.07947159 0.6252047
  vertex -4.1344614 -0.079453945 0.625221
 endloop
endfacet
facet normal 0.12245236 -0.97797483 0.16902849
 outer loop
  vertex -4.6903124 -0.04653454 1.2183732
  vertex -4.1344614 -0.079453945 0.625221
  vertex -4.134423 -0.07944822 0.62522614
 endloop
endfacet
facet normal 0.116247 -0.9797024 0.16330875
 outer loop
  vertex -4.134423 -0.07944822 0.62522614
  vertex -4.132073 -0.079119205 0.62552726
  vertex -4.6903124 -0.04653454 1.2183732
 endloop
endfacet
facet normal 0.11692592 -0.9795166 0.16393787
 outer loop
  vertex -4.6903124 -0.04653454 1.2183732
  vertex -4.132073 -0.079119205 0.62552726
  vertex -4.1065354 -0.07553291 0.6287409
 endloop
endfacet
facet normal 0.123184204 -0.9777067 0.17004497
 outer loop
  vertex -4.6903124 -0.04653454 1.2183732
  vertex -4.1065354 -0.07553291 0.6287409
  vertex -3.9409156 -0.051396847 0.64753735
 endloop
endfacet
facet normal 0.05824892 -0.99386865 0.0939796
 outer loop
  vertex -4.485786 -0.108715534 0.5967709
  vertex -4.280594 -0.095086575 0.6137233
  vertex -4.8793983 -0.07300615 1.2183732
 endloop
endfacet
facet normal 0.08160507 -0.98977816 0.11696058
 outer loop
  vertex -4.8793983 -0.07300615 1.2183732
  vertex -4.280594 -0.095086575 0.6137233
  vertex -4.2087884 -0.08852577 0.6191443
 endloop
endfacet
facet normal 0.10315139 -0.9846297 0.14094019
 outer loop
  vertex -4.8793983 -0.07300615 1.2183732
  vertex -4.2087884 -0.08852577 0.6191443
  vertex -4.159485 -0.08295584 0.62197244
 endloop
endfacet
facet normal 0.11633061 -0.9807578 0.15678418
 outer loop
  vertex -4.159485 -0.08295584 0.62197244
  vertex -4.1586704 -0.08284235 0.62207806
  vertex -4.8793983 -0.07300615 1.2183732
 endloop
endfacet
facet normal 0.11656595 -0.9806845 0.15706743
 outer loop
  vertex -4.8793983 -0.07300615 1.2183732
  vertex -4.1586704 -0.08284235 0.62207806
  vertex -4.1564674 -0.08253384 0.6223694
 endloop
endfacet
facet normal 0.11649948 -0.9807053 0.15698713
 outer loop
  vertex -4.8793983 -0.07300615 1.2183732
  vertex -4.1564674 -0.08253384 0.6223694
  vertex -4.153953 -0.08218241 0.6226989
 endloop
endfacet
facet normal 0.11667907 -0.98064905 0.15720499
 outer loop
  vertex -4.153953 -0.08218241 0.6226989
  vertex -4.151438 -0.0818305 0.62302756
  vertex -4.8793983 -0.07300615 1.2183732
 endloop
endfacet
facet normal 0.116747044 -0.98062766 0.15728779
 outer loop
  vertex -4.8793983 -0.07300615 1.2183732
  vertex -4.151438 -0.0818305 0.62302756
  vertex -4.148924 -0.081478596 0.62335527
 endloop
endfacet
facet normal 0.11678443 -0.98061585 0.1573335
 outer loop
  vertex -4.8793983 -0.07300615 1.2183732
  vertex -4.148924 -0.081478596 0.62335527
  vertex -4.146409 -0.08112669 0.6236819
 endloop
endfacet
facet normal 0.11681561 -0.9806061 0.15737182
 outer loop
  vertex -4.146409 -0.08112669 0.6236819
  vertex -4.1438937 -0.080774784 0.6240076
  vertex -4.8793983 -0.07300615 1.2183732
 endloop
endfacet
facet normal 0.1168774 -0.98058647 0.15744801
 outer loop
  vertex -4.8793983 -0.07300615 1.2183732
  vertex -4.1438937 -0.080774784 0.6240076
  vertex -4.141379 -0.08042288 0.6243324
 endloop
endfacet
facet normal 0.11708139 -0.98052156 0.15770061
 outer loop
  vertex -4.8793983 -0.07300615 1.2183732
  vertex -4.141379 -0.08042288 0.6243324
  vertex -4.138864 -0.080070496 0.6246563
 endloop
endfacet
facet normal 0.02983468 -0.9984041 0.04794943
 outer loop
  vertex -5.8668933 -0.12085819 1.2183732
  vertex -5.1657248 -0.1326747 0.53605473
  vertex -5.21439 -0.101359844 1.2183732
 endloop
endfacet
facet normal 0.01957897 -0.9986921 0.047231182
 outer loop
  vertex -5.21439 -0.101359844 1.2183732
  vertex -5.1657248 -0.1326747 0.53605473
  vertex -4.978228 -0.12809753 0.5551138
 endloop
endfacet
facet normal -0.019710368 -0.99980015 -0.003340979
 outer loop
  vertex -5.8668933 -0.12085819 1.2183732
  vertex -6.671733 -0.10758114 1.9933816
  vertex -6.9668913 -0.101762295 1.9933816
 endloop
endfacet
facet normal -0.015834462 -0.99984044 0.00826726
 outer loop
  vertex -5.7942243 -0.13295364 0.467142
  vertex -5.554728 -0.13657951 0.48734248
  vertex -6.9668913 -0.101762295 1.9933816
 endloop
endfacet
facet normal -0.0043776585 -0.9998097 0.019009218
 outer loop
  vertex -6.9668913 -0.101762295 1.9933816
  vertex -5.554728 -0.13657951 0.48734248
  vertex -5.493005 -0.1367178 0.49428368
 endloop
endfacet
facet normal -0.0030301881 -0.99978864 0.020333538
 outer loop
  vertex -6.9668913 -0.101762295 1.9933816
  vertex -5.493005 -0.1367178 0.49428368
  vertex -5.8668933 -0.12085819 1.2183732
 endloop
endfacet
facet normal 0.0070356485 -0.9996493 0.025528045
 outer loop
  vertex -5.8668933 -0.12085819 1.2183732
  vertex -5.493005 -0.1367178 0.49428368
  vertex -5.2363024 -0.13406706 0.52733517
 endloop
endfacet
facet normal 0.015596515 -0.99932253 0.03333382
 outer loop
  vertex -5.8668933 -0.12085819 1.2183732
  vertex -5.2363024 -0.13406706 0.52733517
  vertex -5.1657248 -0.1326747 0.53605473
 endloop
endfacet
facet normal -0.08163194 -0.99598503 -0.0367415
 outer loop
  vertex -7.292014 -0.08521128 1.9933816
  vertex -6.520299 -0.093188286 0.49503136
  vertex -6.39247 -0.10324144 0.48354185
 endloop
endfacet
facet normal -0.07041502 -0.9970652 -0.030045688
 outer loop
  vertex -6.39247 -0.10324144 0.48354185
  vertex -6.2644653 -0.1119709 0.4732374
  vertex -7.292014 -0.08521128 1.9933816
 endloop
endfacet
facet normal -0.06481292 -0.99755216 -0.02625035
 outer loop
  vertex -7.292014 -0.08521128 1.9933816
  vertex -6.2644653 -0.1119709 0.4732374
  vertex -6.2624774 -0.11209631 0.47309482
 endloop
endfacet
facet normal -0.054423396 -0.99833333 -0.019200759
 outer loop
  vertex -7.292014 -0.08521128 1.9933816
  vertex -6.2624774 -0.11209631 0.47309482
  vertex -6.0219774 -0.12499809 0.46223354
 endloop
endfacet
facet normal -0.13708657 -0.9882198 -0.06803585
 outer loop
  vertex -6.9399137 -0.050260544 0.5408784
  vertex -7.6412954 -0.052964687 1.9933816
  vertex -7.1096683 -0.02728796 0.5492432
 endloop
endfacet
facet normal -0.14874566 -0.9862295 -0.0722925
 outer loop
  vertex -7.1096683 -0.02728796 0.5492432
  vertex -7.6412954 -0.052964687 1.9933816
  vertex -7.981999 -0.0015788078 1.9933802
 endloop
endfacet
facet normal -0.15603714 -0.98476696 -0.07672296
 outer loop
  vertex -7.1096683 -0.02728796 0.5492432
  vertex -7.981999 -0.0015788078 1.9933802
  vertex -7.269281 -0.0015788078 0.54387295
 endloop
endfacet
facet normal -0.11962576 -0.9910279 -0.05960964
 outer loop
  vertex -6.9399137 -0.050260544 0.5408784
  vertex -6.7751775 -0.06907892 0.52314365
  vertex -7.6412954 -0.052964687 1.9933816
 endloop
endfacet
facet normal -0.107217304 -0.99286014 -0.052279733
 outer loop
  vertex -7.6412954 -0.052964687 1.9933816
  vertex -6.7751775 -0.06907892 0.52314365
  vertex -6.6887727 -0.0778532 0.51257634
 endloop
endfacet
facet normal -0.09184921 -0.9948715 -0.042360455
 outer loop
  vertex -7.6412954 -0.052964687 1.9933816
  vertex -6.6887727 -0.0778532 0.51257634
  vertex -7.292014 -0.08521128 1.9933816
 endloop
endfacet
facet normal -0.09916384 -0.9940378 -0.0453361
 outer loop
  vertex -7.292014 -0.08521128 1.9933816
  vertex -6.6887727 -0.0778532 0.51257634
  vertex -6.6100245 -0.08531189 0.50386894
 endloop
endfacet
facet normal -0.091456085 -0.99493104 -0.04180697
 outer loop
  vertex -7.292014 -0.08521128 1.9933816
  vertex -6.6100245 -0.08531189 0.50386894
  vertex -6.520299 -0.093188286 0.49503136
 endloop
endfacet
facet normal 0.5596891 0.3249808 0.7623225
 outer loop
  vertex -5.8043838 -0.0017809868 2.1871338
  vertex -5.540473 -0.0018005371 1.9933816
  vertex -5.5406017 -0.0015788078 1.9933816
 endloop
endfacet
facet normal 0.5674912 0.28386056 0.7729016
 outer loop
  vertex -5.5406017 -0.0015788078 1.9933816
  vertex -5.804483 -0.0015788078 2.1871324
  vertex -5.8043838 -0.0017809868 2.1871338
 endloop
endfacet
facet normal 0.57469577 0.28734788 0.76626104
 outer loop
  vertex -5.8043838 -0.0017809868 2.1871338
  vertex -5.804483 -0.0015788078 2.1871324
  vertex -5.804485 -0.0015788078 2.1871338
 endloop
endfacet
facet normal 0.5674867 0.28374335 0.7729479
 outer loop
  vertex -5.8043838 -0.0017809868 2.1871338
  vertex -5.804485 -0.0015788078 2.1871338
  vertex -6.068295 -0.0017609596 2.380886
 endloop
endfacet
facet normal 0.582257 0.17864703 0.7931342
 outer loop
  vertex -5.0124927 -0.0021214485 1.6058775
  vertex -5.5403657 -0.0020375252 1.9933816
  vertex -5.5402884 -0.0022892952 1.9933816
 endloop
endfacet
facet normal 0.58225745 0.17864718 0.7931339
 outer loop
  vertex -5.5402884 -0.0022892952 1.9933816
  vertex -5.5403657 -0.0020375252 1.9933816
  vertex -5.804302 -0.0019950867 2.1871338
 endloop
endfacet
facet normal 0.5857606 0.14191248 0.79796326
 outer loop
  vertex -5.5402884 -0.0022892952 1.9933816
  vertex -5.804302 -0.0019950867 2.1871338
  vertex -6.068206 -0.0021562576 2.380886
 endloop
endfacet
facet normal 0.4829593 -0.57686144 0.65877265
 outer loop
  vertex -6.069335 -0.003982067 2.380886
  vertex -5.5414824 -0.0045819283 1.9933816
  vertex -6.068925 -0.0036387444 2.380886
 endloop
endfacet
facet normal 0.4935229 -0.5508069 0.67308766
 outer loop
  vertex -6.068925 -0.0036387444 2.380886
  vertex -5.5414824 -0.0045819283 1.9933816
  vertex -5.5410056 -0.004154682 1.9933816
 endloop
endfacet
facet normal 0.23222977 -0.9189919 0.31862694
 outer loop
  vertex -5.577169 -0.015836716 1.9933816
  vertex -5.557084 -0.010761261 1.9933816
  vertex -6.0824223 -0.009161472 2.380886
 endloop
endfacet
facet normal 0.57587814 0.23065276 0.78432375
 outer loop
  vertex -5.804485 -0.0015788078 2.1871338
  vertex -6.068368 -0.0015788078 2.380886
  vertex -6.068295 -0.0017609596 2.380886
 endloop
endfacet
facet normal 0.5758509 0.23064186 0.7843469
 outer loop
  vertex -6.068295 -0.0017609596 2.380886
  vertex -6.068368 -0.0015788078 2.380886
  vertex -6.332206 -0.0017409325 2.574638
 endloop
endfacet
facet normal 0.5839055 0.16315006 0.79525864
 outer loop
  vertex -6.068368 -0.0015788078 2.380886
  vertex -6.332251 -0.0015788078 2.574638
  vertex -6.332206 -0.0017409325 2.574638
 endloop
endfacet
facet normal 0.5838749 0.16314152 0.7952829
 outer loop
  vertex -6.332206 -0.0017409325 2.574638
  vertex -6.332251 -0.0015788078 2.574638
  vertex -6.596117 -0.0017209053 2.7683902
 endloop
endfacet
facet normal 0.5903288 0.071330026 0.80400497
 outer loop
  vertex -6.596117 -0.0017209053 2.7683902
  vertex -6.332251 -0.0015788078 2.574638
  vertex -6.596134 -0.0015788078 2.7683902
 endloop
endfacet
facet normal 0.58906865 0.09541253 0.80243045
 outer loop
  vertex -5.804302 -0.0019950867 2.1871338
  vertex -6.0682387 -0.001953125 2.380886
  vertex -6.068206 -0.0021562576 2.380886
 endloop
endfacet
facet normal 0.5890677 0.09541238 0.80243117
 outer loop
  vertex -6.068206 -0.0021562576 2.380886
  vertex -6.0682387 -0.001953125 2.380886
  vertex -6.3321753 -0.0019111633 2.574638
 endloop
endfacet
facet normal 0.5913402 0.03636584 0.80560184
 outer loop
  vertex -6.068206 -0.0021562576 2.380886
  vertex -6.3321753 -0.0019111633 2.574638
  vertex -6.3321643 -0.0020895004 2.574638
 endloop
endfacet
facet normal 0.5913709 0.036367726 0.80557925
 outer loop
  vertex -6.3321643 -0.0020895004 2.574638
  vertex -6.3321753 -0.0019111633 2.574638
  vertex -6.596112 -0.0018687248 2.7683902
 endloop
endfacet
facet normal 0.59119505 -0.042097483 0.80542916
 outer loop
  vertex -6.3321643 -0.0020895004 2.574638
  vertex -6.596112 -0.0018687248 2.7683902
  vertex -6.5961227 -0.0020227432 2.7683902
 endloop
endfacet
facet normal 0.5801602 -0.1961573 0.7905292
 outer loop
  vertex -6.5961547 -0.0021824837 2.7683902
  vertex -6.596211 -0.0023488998 2.7683902
  vertex -6.3321786 -0.0022764206 2.574638
 endloop
endfacet
facet normal 0.58627516 -0.13440119 0.79888535
 outer loop
  vertex -6.3321786 -0.0022764206 2.574638
  vertex -6.596211 -0.0023488998 2.7683902
  vertex -6.3322234 -0.0024719238 2.574638
 endloop
endfacet
facet normal 0.5862988 -0.13441972 0.7988649
 outer loop
  vertex -6.3321786 -0.0022764206 2.574638
  vertex -6.3322234 -0.0024719238 2.574638
  vertex -6.0682025 -0.0023703575 2.380886
 endloop
endfacet
facet normal 0.47561225 -0.5940228 0.6487912
 outer loop
  vertex -6.597187 -0.003382206 2.7683902
  vertex -6.069335 -0.003982067 2.380886
  vertex -6.3328843 -0.0033807755 2.574638
 endloop
endfacet
facet normal 0.48297045 -0.5768813 0.6587469
 outer loop
  vertex -6.3328843 -0.0033807755 2.574638
  vertex -6.069335 -0.003982067 2.380886
  vertex -6.068925 -0.0036387444 2.380886
 endloop
endfacet
facet normal 0.5185797 -0.48066625 0.70713145
 outer loop
  vertex -6.3328843 -0.0033807755 2.574638
  vertex -6.068925 -0.0036387444 2.380886
  vertex -6.068568 -0.0032539368 2.380886
 endloop
endfacet
facet normal 0.5185801 -0.48066655 0.707131
 outer loop
  vertex -6.068568 -0.0032539368 2.380886
  vertex -6.068925 -0.0036387444 2.380886
  vertex -5.5410056 -0.004154682 1.9933816
 endloop
endfacet
facet normal 0.51994777 -0.47644198 0.7089833
 outer loop
  vertex -6.068568 -0.0032539368 2.380886
  vertex -5.5410056 -0.004154682 1.9933816
  vertex -5.5407915 -0.003921032 1.9933816
 endloop
endfacet
facet normal 0.29062468 -0.8702645 0.3977147
 outer loop
  vertex -6.601116 -0.005288124 2.7683902
  vertex -6.0824223 -0.009161472 2.380886
  vertex -6.074172 -0.006406307 2.380886
 endloop
endfacet
facet normal 0.29063892 -0.87030715 0.397611
 outer loop
  vertex -6.074172 -0.006406307 2.380886
  vertex -6.0824223 -0.009161472 2.380886
  vertex -5.557084 -0.010761261 1.9933816
 endloop
endfacet
facet normal 0.28691724 -0.87377226 0.39268368
 outer loop
  vertex -6.074172 -0.006406307 2.380886
  vertex -5.557084 -0.010761261 1.9933816
  vertex -5.5472283 -0.007524967 1.9933816
 endloop
endfacet
facet normal 0.5903301 0.07131505 0.80400527
 outer loop
  vertex -6.596117 -0.0017209053 2.7683902
  vertex -6.596134 -0.0015788078 2.7683902
  vertex -6.7280755 -0.0015788078 2.8652663
 endloop
endfacet
facet normal 0.59175396 -0.009442883 0.8060633
 outer loop
  vertex -6.596117 -0.0017209053 2.7683902
  vertex -6.7280755 -0.0015788078 2.8652663
  vertex -6.72808 -0.001847744 2.8652663
 endloop
endfacet
facet normal 0.5901743 -0.07490674 0.8037931
 outer loop
  vertex -6.7280755 -0.0015788078 2.8652663
  vertex -6.860017 -0.0015788078 2.9621425
  vertex -6.8600483 -0.0018267632 2.9621425
 endloop
endfacet
facet normal 0.5917305 -0.009442507 0.8060806
 outer loop
  vertex -6.72808 -0.001847744 2.8652663
  vertex -6.7280755 -0.0015788078 2.8652663
  vertex -6.8600483 -0.0018267632 2.9621425
 endloop
endfacet
facet normal 0.58917105 -0.093226716 0.8026122
 outer loop
  vertex -6.72808 -0.001847744 2.8652663
  vertex -6.8600483 -0.0018267632 2.9621425
  vertex -6.728102 -0.0019893646 2.8652663
 endloop
endfacet
facet normal 0.58509976 -0.14897375 0.7971606
 outer loop
  vertex -6.728102 -0.0019893646 2.8652663
  vertex -6.8600483 -0.0018267632 2.9621425
  vertex -6.860081 -0.001955986 2.9621425
 endloop
endfacet
facet normal 0.5840969 -0.1598008 0.79579806
 outer loop
  vertex -6.728102 -0.0019893646 2.8652663
  vertex -6.860081 -0.001955986 2.9621425
  vertex -6.7281423 -0.0021357536 2.8652663
 endloop
endfacet
facet normal 0.5780229 -0.21339196 0.78762513
 outer loop
  vertex -6.7281423 -0.0021357536 2.8652663
  vertex -6.860081 -0.001955986 2.9621425
  vertex -6.8601303 -0.0020890236 2.9621425
 endloop
endfacet
facet normal 0.5748164 -0.23680723 0.7832678
 outer loop
  vertex -6.7281423 -0.0021357536 2.8652663
  vertex -6.8601303 -0.0020890236 2.9621425
  vertex -6.7282047 -0.0022873878 2.8652663
 endloop
endfacet
facet normal 0.33914292 -0.8186126 0.46352506
 outer loop
  vertex -6.8631587 -0.004140854 2.9621425
  vertex -6.601116 -0.005288124 2.7683902
  vertex -6.5994945 -0.0046162605 2.7683902
 endloop
endfacet
facet normal 0.33914015 -0.81860584 0.46353897
 outer loop
  vertex -6.5994945 -0.0046162605 2.7683902
  vertex -6.601116 -0.005288124 2.7683902
  vertex -6.074172 -0.006406307 2.380886
 endloop
endfacet
facet normal 0.34117895 -0.8161917 0.46629182
 outer loop
  vertex -6.5994945 -0.0046162605 2.7683902
  vertex -6.074172 -0.006406307 2.380886
  vertex -6.0721655 -0.0055675507 2.380886
 endloop
endfacet
facet normal 0.34117696 -0.8161868 0.46630192
 outer loop
  vertex -6.0721655 -0.0055675507 2.380886
  vertex -6.074172 -0.006406307 2.380886
  vertex -5.5472283 -0.007524967 1.9933816
 endloop
endfacet
facet normal 0.3427203 -0.8143463 0.46838334
 outer loop
  vertex -6.0721655 -0.0055675507 2.380886
  vertex -5.5472283 -0.007524967 1.9933816
  vertex -5.5448365 -0.006518364 1.9933816
 endloop
endfacet
facet normal 0.3375532 -0.820476 0.46138597
 outer loop
  vertex -6.8631587 -0.004140854 2.9621425
  vertex -6.864588 -0.004728794 2.9621425
  vertex -6.601116 -0.005288124 2.7683902
 endloop
endfacet
facet normal 0.29607314 -0.8650017 0.4051084
 outer loop
  vertex -6.601116 -0.005288124 2.7683902
  vertex -6.864588 -0.004728794 2.9621425
  vertex -6.60776 -0.0075621605 2.7683902
 endloop
endfacet
facet normal 0.29609185 -0.8650551 0.40498075
 outer loop
  vertex -6.601116 -0.005288124 2.7683902
  vertex -6.60776 -0.0075621605 2.7683902
  vertex -6.0824223 -0.009161472 2.380886
 endloop
endfacet
facet normal 0.24125195 -0.91233176 0.33082965
 outer loop
  vertex -6.0824223 -0.009161472 2.380886
  vertex -6.60776 -0.0075621605 2.7683902
  vertex -6.0992284 -0.013605595 2.380886
 endloop
endfacet
facet normal 0.24129629 -0.9124987 0.33033657
 outer loop
  vertex -6.0824223 -0.009161472 2.380886
  vertex -6.0992284 -0.013605595 2.380886
  vertex -5.577169 -0.015836716 1.9933816
 endloop
endfacet
facet normal 0.19540223 -0.9432005 0.2686833
 outer loop
  vertex -5.577169 -0.015836716 1.9933816
  vertex -6.0992284 -0.013605595 2.380886
  vertex -5.6175013 -0.024192333 1.9933816
 endloop
endfacet
facet normal 0.5852495 -0.1487714 0.7970885
 outer loop
  vertex -6.9919586 -0.0015788078 3.0590186
  vertex -6.9920163 -0.0018057823 3.0590186
  vertex -6.860017 -0.0015788078 2.9621425
 endloop
endfacet
facet normal 0.59008944 -0.07489597 0.8038564
 outer loop
  vertex -6.8600483 -0.0018267632 2.9621425
  vertex -6.860017 -0.0015788078 2.9621425
  vertex -6.9920163 -0.0018057823 3.0590186
 endloop
endfacet
facet normal 0.58514124 -0.14896512 0.7971318
 outer loop
  vertex -6.8600483 -0.0018267632 2.9621425
  vertex -6.9920163 -0.0018057823 3.0590186
  vertex -6.860081 -0.001955986 2.9621425
 endloop
endfacet
facet normal 0.57328194 -0.24734342 0.7811332
 outer loop
  vertex -6.860081 -0.001955986 2.9621425
  vertex -6.9920163 -0.0018057823 3.0590186
  vertex -6.9921184 -0.0020422935 3.0590186
 endloop
endfacet
facet normal 0.57802737 -0.21335769 0.7876312
 outer loop
  vertex -6.860081 -0.001955986 2.9621425
  vertex -6.9921184 -0.0020422935 3.0590186
  vertex -6.8601303 -0.0020890236 2.9621425
 endloop
endfacet
facet normal 0.5676463 -0.2818568 0.7735207
 outer loop
  vertex -6.8601303 -0.0020890236 2.9621425
  vertex -6.9921184 -0.0020422935 3.0590186
  vertex -6.8601985 -0.0022263527 2.9621425
 endloop
endfacet
facet normal 0.56761414 -0.28183618 0.77355194
 outer loop
  vertex -6.8601303 -0.0020890236 2.9621425
  vertex -6.8601985 -0.0022263527 2.9621425
  vertex -6.7282047 -0.0022873878 2.8652663
 endloop
endfacet
facet normal 0.56180197 -0.31329644 0.7656526
 outer loop
  vertex -6.7282047 -0.0022873878 2.8652663
  vertex -6.8601985 -0.0022263527 2.9621425
  vertex -6.72829 -0.0024404526 2.8652663
 endloop
endfacet
facet normal 0.52157 -0.47149932 0.7110929
 outer loop
  vertex -6.992283 -0.0022878647 3.0590186
  vertex -6.9923906 -0.002407074 3.0590186
  vertex -6.860395 -0.0024981499 2.9621425
 endloop
endfacet
facet normal 0.5532304 -0.35414404 0.7540014
 outer loop
  vertex -6.8602867 -0.0023641586 2.9621425
  vertex -6.8601985 -0.0022263527 2.9621425
  vertex -6.9921923 -0.0021648407 3.0590186
 endloop
endfacet
facet normal 0.5571755 -0.33603573 0.75936514
 outer loop
  vertex -6.9921923 -0.0021648407 3.0590186
  vertex -6.8601985 -0.0022263527 2.9621425
  vertex -6.9921184 -0.0020422935 3.0590186
 endloop
endfacet
facet normal 0.5572104 -0.33606073 0.7593285
 outer loop
  vertex -6.9921923 -0.0021648407 3.0590186
  vertex -6.9921184 -0.0020422935 3.0590186
  vertex -7.1241064 -0.0019955635 3.1558948
 endloop
endfacet
facet normal 0.57325995 -0.24733394 0.7811523
 outer loop
  vertex -7.1241064 -0.0019955635 3.1558948
  vertex -6.9921184 -0.0020422935 3.0590186
  vertex -6.9920163 -0.0018057823 3.0590186
 endloop
endfacet
facet normal 0.55999184 -0.32306838 0.76291287
 outer loop
  vertex -7.1241064 -0.0019955635 3.1558948
  vertex -6.9920163 -0.0018057823 3.0590186
  vertex -7.123985 -0.0017848015 3.1558948
 endloop
endfacet
facet normal 0.5851592 -0.14874844 0.7971591
 outer loop
  vertex -7.123985 -0.0017848015 3.1558948
  vertex -6.9920163 -0.0018057823 3.0590186
  vertex -6.9919586 -0.0015788078 3.0590186
 endloop
endfacet
facet normal 0.5749872 -0.23691857 0.78310883
 outer loop
  vertex -7.123985 -0.0017848015 3.1558948
  vertex -6.9919586 -0.0015788078 3.0590186
  vertex -7.1239 -0.0015788078 3.1558948
 endloop
endfacet
facet normal 0.38664216 -0.7561168 0.5280107
 outer loop
  vertex -5.5448365 -0.006518364 1.9933816
  vertex -6.0702333 -0.004579544 2.380886
  vertex -6.0721655 -0.0055675507 2.380886
 endloop
endfacet
facet normal 0.38665265 -0.7561373 0.52797365
 outer loop
  vertex -6.0721655 -0.0055675507 2.380886
  vertex -6.0702333 -0.004579544 2.380886
  vertex -6.597925 -0.0038409233 2.7683902
 endloop
endfacet
facet normal 0.37899634 -0.76708305 0.51763445
 outer loop
  vertex -6.0721655 -0.0055675507 2.380886
  vertex -6.597925 -0.0038409233 2.7683902
  vertex -6.5994945 -0.0046162605 2.7683902
 endloop
endfacet
facet normal 0.37900963 -0.7671099 0.5175849
 outer loop
  vertex -6.5994945 -0.0046162605 2.7683902
  vertex -6.597925 -0.0038409233 2.7683902
  vertex -6.861771 -0.0034718513 2.9621425
 endloop
endfacet
facet normal 0.3735157 -0.7747189 0.5101929
 outer loop
  vertex -6.5994945 -0.0046162605 2.7683902
  vertex -6.861771 -0.0034718513 2.9621425
  vertex -6.8631587 -0.004140854 2.9621425
 endloop
endfacet
facet normal 0.37352997 -0.7747485 0.5101374
 outer loop
  vertex -6.8631587 -0.004140854 2.9621425
  vertex -6.861771 -0.0034718513 2.9621425
  vertex -7.125617 -0.0031027794 3.1558948
 endloop
endfacet
facet normal 0.33751383 -0.8203751 0.4615942
 outer loop
  vertex -6.8631587 -0.004140854 2.9621425
  vertex -7.125617 -0.0031027794 3.1558948
  vertex -6.864588 -0.004728794 2.9621425
 endloop
endfacet
facet normal 0.5672739 -0.28451923 0.77281886
 outer loop
  vertex -7.189969 -0.0017743111 3.2043324
  vertex -7.1898704 -0.0015788078 3.2043319
  vertex -7.255953 -0.0017638206 3.2527704
 endloop
endfacet
facet normal 0.5576636 -0.33488417 0.7595156
 outer loop
  vertex -7.255953 -0.0017638206 3.2527704
  vertex -7.1898704 -0.0015788078 3.2043319
  vertex -7.2558417 -0.0015788078 3.2527704
 endloop
endfacet
facet normal 0.5215958 -0.4715226 0.71105856
 outer loop
  vertex -6.9923906 -0.002407074 3.0590186
  vertex -6.992283 -0.0022878647 3.0590186
  vertex -7.124279 -0.0022115707 3.1558948
 endloop
endfacet
facet normal 0.5273221 -0.45298064 0.71884626
 outer loop
  vertex -7.124279 -0.0022115707 3.1558948
  vertex -6.992283 -0.0022878647 3.0590186
  vertex -7.124186 -0.0021033287 3.1558948
 endloop
endfacet
facet normal 0.5273332 -0.45299548 0.71882874
 outer loop
  vertex -7.124279 -0.0022115707 3.1558948
  vertex -7.124186 -0.0021033287 3.1558948
  vertex -7.1901 -0.0019717216 3.2043324
 endloop
endfacet
facet normal 0.5125248 -0.49938312 0.69852334
 outer loop
  vertex -7.2560945 -0.0019488335 3.2527704
  vertex -7.2562757 -0.0021348 3.2527704
  vertex -7.1901 -0.0019717216 3.2043324
 endloop
endfacet
facet normal 0.5250323 -0.4604939 0.71574193
 outer loop
  vertex -7.1901 -0.0019717216 3.2043324
  vertex -7.2562757 -0.0021348 3.2527704
  vertex -7.190277 -0.0021734238 3.2043324
 endloop
endfacet
facet normal 0.52503437 -0.46049115 0.7157421
 outer loop
  vertex -7.1901 -0.0019717216 3.2043324
  vertex -7.190277 -0.0021734238 3.2043324
  vertex -7.124279 -0.0022115707 3.1558948
 endloop
endfacet
facet normal 0.5060666 -0.5175671 0.6899427
 outer loop
  vertex -7.124279 -0.0022115707 3.1558948
  vertex -7.190277 -0.0021734238 3.2043324
  vertex -7.1243863 -0.002316475 3.1558948
 endloop
endfacet
facet normal 0.5060429 -0.51754385 0.6899775
 outer loop
  vertex -7.124279 -0.0022115707 3.1558948
  vertex -7.1243863 -0.002316475 3.1558948
  vertex -6.9923906 -0.002407074 3.0590186
 endloop
endfacet
facet normal 0.40435612 -0.7292852 0.5519414
 outer loop
  vertex -7.2570024 -0.002632141 3.2527704
  vertex -7.125617 -0.0031027794 3.1558948
  vertex -7.125039 -0.0027823448 3.1558948
 endloop
endfacet
facet normal 0.40433657 -0.7292499 0.55200225
 outer loop
  vertex -7.125039 -0.0027823448 3.1558948
  vertex -7.125617 -0.0031027794 3.1558948
  vertex -6.861771 -0.0034718513 2.9621425
 endloop
endfacet
facet normal 0.4182763 -0.7065132 0.5708625
 outer loop
  vertex -7.125039 -0.0027823448 3.1558948
  vertex -6.861771 -0.0034718513 2.9621425
  vertex -6.861113 -0.0030822754 2.9621425
 endloop
endfacet
facet normal 0.4182574 -0.7064813 0.5709158
 outer loop
  vertex -6.861113 -0.0030822754 2.9621425
  vertex -6.861771 -0.0034718513 2.9621425
  vertex -6.597925 -0.0038409233 2.7683902
 endloop
endfacet
facet normal 0.42828652 -0.68917614 0.58447134
 outer loop
  vertex -6.861113 -0.0030822754 2.9621425
  vertex -6.597925 -0.0038409233 2.7683902
  vertex -6.597187 -0.003382206 2.7683902
 endloop
endfacet
facet normal 0.4282689 -0.6891479 0.5845178
 outer loop
  vertex -6.597187 -0.003382206 2.7683902
  vertex -6.597925 -0.0038409233 2.7683902
  vertex -6.0702333 -0.004579544 2.380886
 endloop
endfacet
facet normal 0.44182608 -0.6643259 0.602877
 outer loop
  vertex -6.597187 -0.003382206 2.7683902
  vertex -6.0702333 -0.004579544 2.380886
  vertex -6.069335 -0.003982067 2.380886
 endloop
endfacet
facet normal 0.44181156 -0.6643041 0.60291183
 outer loop
  vertex -6.069335 -0.003982067 2.380886
  vertex -6.0702333 -0.004579544 2.380886
  vertex -5.5425415 -0.005318165 1.9933816
 endloop
endfacet
facet normal 0.45033997 -0.6478012 0.6144489
 outer loop
  vertex -6.069335 -0.003982067 2.380886
  vertex -5.5425415 -0.005318165 1.9933816
  vertex -5.5414824 -0.0045819283 1.9933816
 endloop
endfacet
facet normal 0.55062 -0.36575 0.75036293
 outer loop
  vertex -7.1901 -0.0019717216 3.2043324
  vertex -7.189969 -0.0017743111 3.2043324
  vertex -7.2560945 -0.0019488335 3.2527704
 endloop
endfacet
facet normal 0.539002 -0.41259012 0.7343339
 outer loop
  vertex -7.2560945 -0.0019488335 3.2527704
  vertex -7.189969 -0.0017743111 3.2043324
  vertex -7.255953 -0.0017638206 3.2527704
 endloop
endfacet
facet normal 0.53900075 -0.41258562 0.73433733
 outer loop
  vertex -7.2560945 -0.0019488335 3.2527704
  vertex -7.255953 -0.0017638206 3.2527704
  vertex -7.321937 -0.0017533302 3.3012085
 endloop
endfacet
facet normal 0.55756664 -0.3348274 0.7596117
 outer loop
  vertex -7.321937 -0.0017533302 3.3012085
  vertex -7.255953 -0.0017638206 3.2527704
  vertex -7.2558417 -0.0015788078 3.2527704
 endloop
endfacet
facet normal 0.5449476 -0.39010352 0.7421935
 outer loop
  vertex -7.321937 -0.0017533302 3.3012085
  vertex -7.2558417 -0.0015788078 3.2527704
  vertex -7.321812 -0.0015788078 3.3012085
 endloop
endfacet
facet normal 0.41255578 -0.71605337 0.56308556
 outer loop
  vertex -7.3884892 -0.002207756 3.3496466
  vertex -7.388965 -0.0024819374 3.3496466
  vertex -7.2570024 -0.002632141 3.2527704
 endloop
endfacet
facet normal 0.39534795 -0.74326134 0.5396876
 outer loop
  vertex -7.2570024 -0.002632141 3.2527704
  vertex -7.388965 -0.0024819374 3.3496466
  vertex -7.25754 -0.0029182434 3.2527704
 endloop
endfacet
facet normal 0.39532772 -0.7432161 0.5397645
 outer loop
  vertex -7.2570024 -0.002632141 3.2527704
  vertex -7.25754 -0.0029182434 3.2527704
  vertex -7.125617 -0.0031027794 3.1558948
 endloop
endfacet
facet normal 0.3511265 -0.80412024 0.4796882
 outer loop
  vertex -7.125617 -0.0031027794 3.1558948
  vertex -7.25754 -0.0029182434 3.2527704
  vertex -7.12806 -0.004169464 3.1558948
 endloop
endfacet
facet normal 0.35110763 -0.8040789 0.47977135
 outer loop
  vertex -7.125617 -0.0031027794 3.1558948
  vertex -7.12806 -0.004169464 3.1558948
  vertex -6.864588 -0.004728794 2.9621425
 endloop
endfacet
facet normal 0.29986084 -0.8612661 0.41024902
 outer loop
  vertex -6.864588 -0.004728794 2.9621425
  vertex -7.12806 -0.004169464 3.1558948
  vertex -6.870429 -0.0067625046 2.9621425
 endloop
endfacet
facet normal 0.29988256 -0.86132747 0.4101043
 outer loop
  vertex -6.864588 -0.004728794 2.9621425
  vertex -6.870429 -0.0067625046 2.9621425
  vertex -6.60776 -0.0075621605 2.7683902
 endloop
endfacet
facet normal 0.25425097 -0.902201 0.34841046
 outer loop
  vertex -6.60776 -0.0075621605 2.7683902
  vertex -6.870429 -0.0067625046 2.9621425
  vertex -6.621288 -0.011374474 2.7683902
 endloop
endfacet
facet normal 0.25431108 -0.9024147 0.34781283
 outer loop
  vertex -6.60776 -0.0075621605 2.7683902
  vertex -6.621288 -0.011374474 2.7683902
  vertex -6.0992284 -0.013605595 2.380886
 endloop
endfacet
facet normal 0.20824572 -0.93534553 0.2859415
 outer loop
  vertex -6.0992284 -0.013605595 2.380886
  vertex -6.621288 -0.011374474 2.7683902
  vertex -6.1330485 -0.02113533 2.380886
 endloop
endfacet
facet normal 0.20833531 -0.93574756 0.28455746
 outer loop
  vertex -6.0992284 -0.013605595 2.380886
  vertex -6.1330485 -0.02113533 2.380886
  vertex -5.6175013 -0.024192333 1.9933816
 endloop
endfacet
facet normal 0.17210928 -0.95626104 0.2365231
 outer loop
  vertex -5.6175013 -0.024192333 1.9933816
  vertex -6.1330485 -0.02113533 2.380886
  vertex -5.6967545 -0.03845644 1.9933816
 endloop
endfacet
facet normal 0.4883669 -0.56487775 0.66513973
 outer loop
  vertex -7.453754 -0.0015788078 3.3980846
  vertex -7.5197244 -0.0015788078 3.4465222
  vertex -7.51989 -0.001721859 3.4465222
 endloop
endfacet
facet normal 0.5108678 -0.5045216 0.6960403
 outer loop
  vertex -7.4539056 -0.0017323494 3.3980846
  vertex -7.453754 -0.0015788078 3.3980846
  vertex -7.51989 -0.001721859 3.4465222
 endloop
endfacet
facet normal 0.48649302 -0.5691703 0.6628497
 outer loop
  vertex -7.4539056 -0.0017323494 3.3980846
  vertex -7.51989 -0.001721859 3.4465222
  vertex -7.4540763 -0.0018782616 3.3980846
 endloop
endfacet
facet normal 0.4610991 -0.62636757 0.628531
 outer loop
  vertex -7.4540763 -0.0018782616 3.3980846
  vertex -7.51989 -0.001721859 3.4465222
  vertex -7.5200706 -0.0018548965 3.4465222
 endloop
endfacet
facet normal 0.4605685 -0.6274815 0.6278086
 outer loop
  vertex -7.4540763 -0.0018782616 3.3980846
  vertex -7.5200706 -0.0018548965 3.4465222
  vertex -7.45427 -0.002020359 3.3980846
 endloop
endfacet
facet normal 0.43585163 -0.67581487 0.5943967
 outer loop
  vertex -7.45427 -0.002020359 3.3980846
  vertex -7.5200706 -0.0018548965 3.4465222
  vertex -7.520268 -0.001982212 3.4465222
 endloop
endfacet
facet normal 0.4306101 -0.685345 0.58726245
 outer loop
  vertex -7.45427 -0.002020359 3.3980846
  vertex -7.520268 -0.001982212 3.4465222
  vertex -7.4544854 -0.0021557808 3.3980846
 endloop
endfacet
facet normal 0.16336164 -0.96122646 0.22216341
 outer loop
  vertex -5.8451467 -0.06367588 1.9933816
  vertex -5.6967545 -0.03845644 1.9933816
  vertex -6.199976 -0.03441763 2.380886
 endloop
endfacet
facet normal 0.18825914 -0.94860804 0.2543643
 outer loop
  vertex -6.199976 -0.03441763 2.380886
  vertex -5.6967545 -0.03845644 1.9933816
  vertex -6.1330485 -0.02113533 2.380886
 endloop
endfacet
facet normal 0.18808638 -0.94773793 0.25771368
 outer loop
  vertex -6.199976 -0.03441763 2.380886
  vertex -6.1330485 -0.02113533 2.380886
  vertex -6.648596 -0.01807785 2.7683902
 endloop
endfacet
facet normal 0.22673364 -0.9236596 0.30894122
 outer loop
  vertex -6.648596 -0.01807785 2.7683902
  vertex -6.1330485 -0.02113533 2.380886
  vertex -6.621288 -0.011374474 2.7683902
 endloop
endfacet
facet normal 0.22660437 -0.92313313 0.3106054
 outer loop
  vertex -6.648596 -0.01807785 2.7683902
  vertex -6.621288 -0.011374474 2.7683902
  vertex -6.8823175 -0.010258675 2.9621425
 endloop
endfacet
facet normal 0.2632385 -0.89512587 0.35979882
 outer loop
  vertex -6.8823175 -0.010258675 2.9621425
  vertex -6.621288 -0.011374474 2.7683902
  vertex -6.870429 -0.0067625046 2.9621425
 endloop
endfacet
facet normal 0.26316586 -0.89487875 0.3604661
 outer loop
  vertex -6.8823175 -0.010258675 2.9621425
  vertex -6.870429 -0.0067625046 2.9621425
  vertex -7.133098 -0.0059628487 3.1558948
 endloop
endfacet
facet normal 0.30482724 -0.8563695 0.4167873
 outer loop
  vertex -7.133098 -0.0059628487 3.1558948
  vertex -6.870429 -0.0067625046 2.9621425
  vertex -7.12806 -0.004169464 3.1558948
 endloop
endfacet
facet normal 0.30480114 -0.8562959 0.41695762
 outer loop
  vertex -7.133098 -0.0059628487 3.1558948
  vertex -7.12806 -0.004169464 3.1558948
  vertex -7.259796 -0.0038895607 3.2527704
 endloop
endfacet
facet normal 0.34791008 -0.8080319 0.4754398
 outer loop
  vertex -7.259796 -0.0038895607 3.2527704
  vertex -7.12806 -0.004169464 3.1558948
  vertex -7.25754 -0.0029182434 3.2527704
 endloop
endfacet
facet normal 0.34793103 -0.8080814 0.47534028
 outer loop
  vertex -7.259796 -0.0038895607 3.2527704
  vertex -7.25754 -0.0029182434 3.2527704
  vertex -7.389463 -0.0027337074 3.3496466
 endloop
endfacet
facet normal 0.3842096 -0.75968695 0.524651
 outer loop
  vertex -7.389463 -0.0027337074 3.3496466
  vertex -7.25754 -0.0029182434 3.2527704
  vertex -7.388965 -0.0024819374 3.3496466
 endloop
endfacet
facet normal 0.3841754 -0.7596195 0.5247739
 outer loop
  vertex -7.389463 -0.0027337074 3.3496466
  vertex -7.388965 -0.0024819374 3.3496466
  vertex -7.4544854 -0.0021557808 3.3980846
 endloop
endfacet
facet normal 0.41260597 -0.71614045 0.5629381
 outer loop
  vertex -7.4544854 -0.0021557808 3.3980846
  vertex -7.388965 -0.0024819374 3.3496466
  vertex -7.3884892 -0.002207756 3.3496466
 endloop
endfacet
facet normal 0.43056837 -0.6852718 0.58737844
 outer loop
  vertex -7.4544854 -0.0021557808 3.3980846
  vertex -7.3884892 -0.002207756 3.3496466
  vertex -7.45427 -0.002020359 3.3980846
 endloop
endfacet
facet normal 0.44801763 -0.652703 0.61094916
 outer loop
  vertex -7.45427 -0.002020359 3.3980846
  vertex -7.3884892 -0.002207756 3.3496466
  vertex -7.388272 -0.002058506 3.3496466
 endloop
endfacet
facet normal 0.4605017 -0.6274 0.6279391
 outer loop
  vertex -7.45427 -0.002020359 3.3980846
  vertex -7.388272 -0.002058506 3.3496466
  vertex -7.4540763 -0.0018782616 3.3980846
 endloop
endfacet
facet normal 0.48146462 -0.5809771 0.65624505
 outer loop
  vertex -7.4540763 -0.0018782616 3.3980846
  vertex -7.388272 -0.002058506 3.3496466
  vertex -7.3880825 -0.0019016266 3.3496466
 endloop
endfacet
facet normal 0.48641694 -0.56907576 0.66298664
 outer loop
  vertex -7.4540763 -0.0018782616 3.3980846
  vertex -7.3880825 -0.0019016266 3.3496466
  vertex -7.4539056 -0.0017323494 3.3980846
 endloop
endfacet
facet normal 0.4630006 -0.6228857 0.6305901
 outer loop
  vertex -7.5856953 -0.0015788078 3.4949603
  vertex -7.5858736 -0.0017113686 3.4949603
  vertex -7.5197244 -0.0015788078 3.4465222
 endloop
endfacet
facet normal 0.39509517 -0.74380964 0.53911686
 outer loop
  vertex -7.5860643 -0.0018315315 3.4949603
  vertex -7.5864773 -0.0020508766 3.4949603
  vertex -7.520481 -0.0021033287 3.4465222
 endloop
endfacet
facet normal 0.4630018 -0.6228833 0.63059163
 outer loop
  vertex -7.5856953 -0.0015788078 3.4949603
  vertex -7.651666 -0.0015788078 3.5433984
  vertex -7.5858736 -0.0017113686 3.4949603
 endloop
endfacet
facet normal 0.43266422 -0.6820824 0.5895467
 outer loop
  vertex -7.5858736 -0.0017113686 3.4949603
  vertex -7.651666 -0.0015788078 3.5433984
  vertex -7.651858 -0.0017004013 3.5433984
 endloop
endfacet
facet normal 0.43128017 -0.68458086 0.5876618
 outer loop
  vertex -7.5858736 -0.0017113686 3.4949603
  vertex -7.651858 -0.0017004013 3.5433984
  vertex -7.5860643 -0.0018315315 3.4949603
 endloop
endfacet
facet normal 0.3781837 -0.76851535 0.51610196
 outer loop
  vertex -7.520481 -0.0021033287 3.4465222
  vertex -7.5864773 -0.0020508766 3.4949603
  vertex -7.521386 -0.0025486946 3.4465222
 endloop
endfacet
facet normal 0.39426485 -0.74538374 0.5375484
 outer loop
  vertex -7.651858 -0.0017004013 3.5433984
  vertex -7.6520967 -0.0018267632 3.5433984
  vertex -7.5860643 -0.0018315315 3.4949603
 endloop
endfacet
facet normal 0.3609713 -0.7921314 0.4921662
 outer loop
  vertex -7.5860643 -0.0018315315 3.4949603
  vertex -7.6520967 -0.0018267632 3.5433984
  vertex -7.6524734 -0.0019984245 3.5433984
 endloop
endfacet
facet normal 0.39509574 -0.7438088 0.53911763
 outer loop
  vertex -7.5860643 -0.0018315315 3.4949603
  vertex -7.6524734 -0.0019984245 3.5433984
  vertex -7.5864773 -0.0020508766 3.4949603
 endloop
endfacet
facet normal 0.34660006 -0.8099574 0.4731146
 outer loop
  vertex -7.5864773 -0.0020508766 3.4949603
  vertex -7.6524734 -0.0019984245 3.5433984
  vertex -7.6540513 -0.002673626 3.5433984
 endloop
endfacet
facet normal 0.3585848 -0.7945346 0.49003235
 outer loop
  vertex -7.5864773 -0.0020508766 3.4949603
  vertex -7.6540513 -0.002673626 3.5433984
  vertex -7.521386 -0.0025486946 3.4465222
 endloop
endfacet
facet normal 0.3398903 -0.81780547 0.46440154
 outer loop
  vertex -7.521386 -0.0025486946 3.4465222
  vertex -7.6540513 -0.002673626 3.5433984
  vertex -7.5232677 -0.0033307076 3.4465222
 endloop
endfacet
facet normal 0.33986476 -0.8177478 0.4645218
 outer loop
  vertex -7.521386 -0.0025486946 3.4465222
  vertex -7.5232677 -0.0033307076 3.4465222
  vertex -7.391532 -0.0036101341 3.3496466
 endloop
endfacet
facet normal 0.3114763 -0.8494108 0.42600918
 outer loop
  vertex -7.391532 -0.0036101341 3.3496466
  vertex -7.5232677 -0.0033307076 3.4465222
  vertex -7.395767 -0.0051631927 3.3496466
 endloop
endfacet
facet normal 0.31150737 -0.849496 0.42581648
 outer loop
  vertex -7.391532 -0.0036101341 3.3496466
  vertex -7.395767 -0.0051631927 3.3496466
  vertex -7.264433 -0.005563259 3.2527704
 endloop
endfacet
facet normal 0.28163064 -0.87870663 0.38543344
 outer loop
  vertex -7.264433 -0.005563259 3.2527704
  vertex -7.395767 -0.0051631927 3.3496466
  vertex -7.2738624 -0.008585453 3.2527704
 endloop
endfacet
facet normal 0.28173348 -0.879028 0.38462445
 outer loop
  vertex -7.264433 -0.005563259 3.2527704
  vertex -7.2738624 -0.008585453 3.2527704
  vertex -7.1433477 -0.0091433525 3.1558948
 endloop
endfacet
facet normal 0.25492156 -0.9019252 0.34863424
 outer loop
  vertex -7.1433477 -0.0091433525 3.1558948
  vertex -7.2738624 -0.008585453 3.2527704
  vertex -7.1641426 -0.015020847 3.1558948
 endloop
endfacet
facet normal 0.25513116 -0.9026666 0.34655574
 outer loop
  vertex -7.1433477 -0.0091433525 3.1558948
  vertex -7.1641426 -0.015020847 3.1558948
  vertex -6.906369 -0.016549587 2.9621425
 endloop
endfacet
facet normal 0.22542004 -0.9245615 0.3072
 outer loop
  vertex -6.906369 -0.016549587 2.9621425
  vertex -7.1641426 -0.015020847 3.1558948
  vertex -6.9548073 -0.028359413 2.9621425
 endloop
endfacet
facet normal 0.22575255 -0.9259254 0.30281696
 outer loop
  vertex -6.906369 -0.016549587 2.9621425
  vertex -6.9548073 -0.028359413 2.9621425
  vertex -6.703197 -0.030378819 2.7683902
 endloop
endfacet
facet normal 0.32880992 -0.83054644 0.44952938
 outer loop
  vertex -7.6540513 -0.002673626 3.5433984
  vertex -7.655004 -0.0030508041 3.5433984
  vertex -7.5232677 -0.0033307076 3.4465222
 endloop
endfacet
facet normal 0.31569907 -0.84494543 0.43174225
 outer loop
  vertex -7.5232677 -0.0033307076 3.4465222
  vertex -7.655004 -0.0030508041 3.5433984
  vertex -7.5271015 -0.0047631264 3.4465222
 endloop
endfacet
facet normal 0.31573406 -0.8450406 0.4315303
 outer loop
  vertex -7.5232677 -0.0033307076 3.4465222
  vertex -7.5271015 -0.0047631264 3.4465222
  vertex -7.395767 -0.0051631927 3.3496466
 endloop
endfacet
facet normal 0.28979152 -0.871111 0.3964677
 outer loop
  vertex -7.395767 -0.0051631927 3.3496466
  vertex -7.5271015 -0.0047631264 3.4465222
  vertex -7.4043775 -0.008027554 3.3496466
 endloop
endfacet
facet normal 0.28991008 -0.8714676 0.39559618
 outer loop
  vertex -7.395767 -0.0051631927 3.3496466
  vertex -7.4043775 -0.008027554 3.3496466
  vertex -7.2738624 -0.008585453 3.2527704
 endloop
endfacet
facet normal 0.26452157 -0.89405274 0.36152193
 outer loop
  vertex -7.2738624 -0.008585453 3.2527704
  vertex -7.4043775 -0.008027554 3.3496466
  vertex -7.29303 -0.014256477 3.2527704
 endloop
endfacet
facet normal 0.26476362 -0.89487123 0.3593126
 outer loop
  vertex -7.2738624 -0.008585453 3.2527704
  vertex -7.29303 -0.014256477 3.2527704
  vertex -7.1641426 -0.015020847 3.1558948
 endloop
endfacet
facet normal 0.24398592 -0.9112522 0.3317984
 outer loop
  vertex -7.1641426 -0.015020847 3.1558948
  vertex -7.29303 -0.014256477 3.2527704
  vertex -7.206418 -0.026340008 3.1558948
 endloop
endfacet
facet normal 0.24442516 -0.9128926 0.32693034
 outer loop
  vertex -7.1641426 -0.015020847 3.1558948
  vertex -7.206418 -0.026340008 3.1558948
  vertex -6.9548073 -0.028359413 2.9621425
 endloop
endfacet
facet normal 0.31096712 -0.8506789 0.42384526
 outer loop
  vertex -7.6584363 -0.004363537 3.5433984
  vertex -7.665407 -0.0069117546 3.5433984
  vertex -7.534892 -0.007469654 3.4465222
 endloop
endfacet
facet normal 0.28844517 -0.8728427 0.39363053
 outer loop
  vertex -7.534892 -0.007469654 3.4465222
  vertex -7.665407 -0.0069117546 3.5433984
  vertex -7.550803 -0.012727737 3.4465222
 endloop
endfacet
facet normal 0.28878352 -0.87386674 0.39110246
 outer loop
  vertex -7.534892 -0.007469654 3.4465222
  vertex -7.550803 -0.012727737 3.4465222
  vertex -7.4219165 -0.013492107 3.3496466
 endloop
endfacet
facet normal 0.26761007 -0.89250094 0.36307964
 outer loop
  vertex -7.4219165 -0.013492107 3.3496466
  vertex -7.550803 -0.012727737 3.4465222
  vertex -7.458029 -0.024320126 3.3496466
 endloop
endfacet
facet normal 0.18977512 -0.9500116 0.24791802
 outer loop
  vertex -6.328021 -0.059010983 2.380886
  vertex -6.8108954 -0.054346085 2.7683902
  vertex -6.8651314 -0.0651803 2.7683902
 endloop
endfacet
facet normal 0.18977515 -0.9500117 0.24791776
 outer loop
  vertex -6.8651314 -0.0651803 2.7683902
  vertex -6.8108954 -0.054346085 2.7683902
  vertex -7.29377 -0.049681187 3.1558948
 endloop
endfacet
facet normal 0.23217396 -0.92665684 0.29563886
 outer loop
  vertex -7.8174977 -0.056611538 3.5433984
  vertex -7.3400145 -0.06060648 3.1558948
  vertex -7.795398 -0.051074505 3.5433984
 endloop
endfacet
facet normal 0.19872826 -0.94581074 0.25680554
 outer loop
  vertex -7.795398 -0.051074505 3.5433984
  vertex -7.3400145 -0.06060648 3.1558948
  vertex -7.3166304 -0.05569315 3.1558948
 endloop
endfacet
facet normal 0.2781358 -0.8928179 0.35428336
 outer loop
  vertex -7.795398 -0.051074505 3.5433984
  vertex -7.3166304 -0.05569315 3.1558948
  vertex -7.7852454 -0.047911644 3.5433984
 endloop
endfacet
facet normal 0.32102403 -0.8393503 0.43867376
 outer loop
  vertex -7.655004 -0.0030508041 3.5433984
  vertex -7.6584363 -0.004363537 3.5433984
  vertex -7.5271015 -0.0047631264 3.4465222
 endloop
endfacet
facet normal 0.29940048 -0.8618056 0.40945134
 outer loop
  vertex -7.5271015 -0.0047631264 3.4465222
  vertex -7.6584363 -0.004363537 3.5433984
  vertex -7.534892 -0.007469654 3.4465222
 endloop
endfacet
facet normal 0.2995384 -0.862202 0.408515
 outer loop
  vertex -7.5271015 -0.0047631264 3.4465222
  vertex -7.534892 -0.007469654 3.4465222
  vertex -7.4043775 -0.008027554 3.3496466
 endloop
endfacet
facet normal 0.27558854 -0.8845287 0.3763774
 outer loop
  vertex -7.4043775 -0.008027554 3.3496466
  vertex -7.534892 -0.007469654 3.4465222
  vertex -7.4219165 -0.013492107 3.3496466
 endloop
endfacet
facet normal 0.27587298 -0.88544154 0.37401536
 outer loop
  vertex -7.4043775 -0.008027554 3.3496466
  vertex -7.4219165 -0.013492107 3.3496466
  vertex -7.29303 -0.014256477 3.2527704
 endloop
endfacet
facet normal 0.26761022 -0.8925016 0.36307803
 outer loop
  vertex -7.29303 -0.014256477 3.2527704
  vertex -7.4219165 -0.013492107 3.3496466
  vertex -7.458029 -0.024320126 3.3496466
 endloop
endfacet
facet normal 0.2555663 -0.9045388 0.3413144
 outer loop
  vertex -7.29303 -0.014256477 3.2527704
  vertex -7.458029 -0.024320126 3.3496466
  vertex -7.206418 -0.026340008 3.1558948
 endloop
endfacet
facet normal 0.24401307 -0.91319203 0.32640135
 outer loop
  vertex -7.206418 -0.026340008 3.1558948
  vertex -7.458029 -0.024320126 3.3496466
  vertex -7.29377 -0.049681187 3.1558948
 endloop
endfacet
facet normal 0.24401332 -0.91319305 0.32639864
 outer loop
  vertex -7.206418 -0.026340008 3.1558948
  vertex -7.29377 -0.049681187 3.1558948
  vertex -6.9548073 -0.028359413 2.9621425
 endloop
endfacet
facet normal 0.22543034 -0.92943984 0.2921005
 outer loop
  vertex -6.9548073 -0.028359413 2.9621425
  vertex -7.29377 -0.049681187 3.1558948
  vertex -6.8108954 -0.054346085 2.7683902
 endloop
endfacet
facet normal 0.20850371 -0.9369247 0.28053197
 outer loop
  vertex -6.9548073 -0.028359413 2.9621425
  vertex -6.8108954 -0.054346085 2.7683902
  vertex -6.703197 -0.030378819 2.7683902
 endloop
endfacet
facet normal 0.20904835 -0.9393721 0.27180657
 outer loop
  vertex -6.703197 -0.030378819 2.7683902
  vertex -6.8108954 -0.054346085 2.7683902
  vertex -6.328021 -0.059010983 2.380886
 endloop
endfacet
facet normal 0.30538818 -0.8581044 0.4127892
 outer loop
  vertex -7.665407 -0.0069117546 3.5433984
  vertex -7.673272 -0.009710789 3.5433984
  vertex -7.550803 -0.012727737 3.4465222
 endloop
endfacet
facet normal 0.297469 -0.8655036 0.40300837
 outer loop
  vertex -7.550803 -0.012727737 3.4465222
  vertex -7.673272 -0.009710789 3.5433984
  vertex -7.7382073 -0.032028675 3.5433984
 endloop
endfacet
facet normal 0.28705254 -0.8792685 0.3801155
 outer loop
  vertex -7.550803 -0.012727737 3.4465222
  vertex -7.7382073 -0.032028675 3.5433984
  vertex -7.458029 -0.024320126 3.3496466
 endloop
endfacet
facet normal 0.29443672 -0.8719867 0.39108327
 outer loop
  vertex -7.458029 -0.024320126 3.3496466
  vertex -7.7382073 -0.032028675 3.5433984
  vertex -7.7852454 -0.047911644 3.5433984
 endloop
endfacet
facet normal 0.26988706 -0.8984239 0.3464037
 outer loop
  vertex -7.458029 -0.024320126 3.3496466
  vertex -7.7852454 -0.047911644 3.5433984
  vertex -7.29377 -0.049681187 3.1558948
 endloop
endfacet
facet normal 0.24174063 -0.9192196 0.3108002
 outer loop
  vertex -7.29377 -0.049681187 3.1558948
  vertex -7.7852454 -0.047911644 3.5433984
  vertex -7.3166304 -0.05569315 3.1558948
 endloop
endfacet
facet normal 0.24223499 -0.9211 0.30478984
 outer loop
  vertex -7.29377 -0.049681187 3.1558948
  vertex -7.3166304 -0.05569315 3.1558948
  vertex -6.8651314 -0.0651803 2.7683902
 endloop
endfacet
facet normal 0.1988352 -0.9463197 0.25484025
 outer loop
  vertex -6.8651314 -0.0651803 2.7683902
  vertex -7.3166304 -0.05569315 3.1558948
  vertex -7.3400145 -0.06060648 3.1558948
 endloop
endfacet
facet normal 0.13383178 -0.9753365 0.1755217
 outer loop
  vertex -6.8651314 -0.0651803 2.7683902
  vertex -7.3400145 -0.06060648 3.1558948
  vertex -6.9201837 -0.072734356 2.7683902
 endloop
endfacet
facet normal 0.15413748 -0.96815073 0.19729646
 outer loop
  vertex -6.9201837 -0.072734356 2.7683902
  vertex -7.3400145 -0.06060648 3.1558948
  vertex -7.8553534 -0.06368446 3.5433984
 endloop
endfacet
facet normal 0.09136914 -0.9883412 0.121792294
 outer loop
  vertex -6.9201837 -0.072734356 2.7683902
  vertex -7.8553534 -0.06368446 3.5433984
  vertex -7.031611 -0.08303547 2.7683902
 endloop
endfacet
facet normal 0.108481385 -0.9842084 0.13987741
 outer loop
  vertex -7.031611 -0.08303547 2.7683902
  vertex -7.8553534 -0.06368446 3.5433984
  vertex -7.96994 -0.07631445 3.5433984
 endloop
endfacet
facet normal 0.054753687 -0.9956847 0.07492695
 outer loop
  vertex -7.031611 -0.08303547 2.7683902
  vertex -7.96994 -0.07631445 3.5433984
  vertex -8.062566 -0.081408024 3.5433984
 endloop
endfacet
facet normal -0.08104077 -0.99529237 -0.05315578
 outer loop
  vertex -6.9668913 -0.101762295 1.9933816
  vertex -7.695424 -0.08383322 2.7683902
  vertex -7.914019 -0.06603432 2.7683902
 endloop
endfacet
facet normal -0.08102457 -0.99509346 -0.056780796
 outer loop
  vertex -7.695424 -0.08383322 2.7683902
  vertex -8.386794 -0.07176161 3.5433984
  vertex -7.914019 -0.06603432 2.7683902
 endloop
endfacet
facet normal -0.15930538 -0.98168993 -0.10443505
 outer loop
  vertex -7.914019 -0.06603432 2.7683902
  vertex -8.386794 -0.07176161 3.5433984
  vertex -8.483356 -0.056091785 3.5433984
 endloop
endfacet
facet normal -0.17159222 -0.9786081 -0.11350075
 outer loop
  vertex -7.914019 -0.06603432 2.7683902
  vertex -8.483356 -0.056091785 3.5433984
  vertex -8.536024 -0.04685688 3.5433984
 endloop
endfacet
facet normal 0.53519404 0.42690945 0.728914
 outer loop
  vertex -3.687563 -0.0015788078 0.6328162
  vertex -4.4850664 -0.0015788078 1.218371
  vertex -4.484829 -0.0018801689 1.2183732
 endloop
endfacet
facet normal 0.49639958 0.3966484 0.77217716
 outer loop
  vertex -4.484829 -0.0018801689 1.2183732
  vertex -4.4850664 -0.0015788078 1.218371
  vertex -4.4850698 -0.0015788078 1.2183732
 endloop
endfacet
facet normal 0.5350126 0.4275022 0.72869974
 outer loop
  vertex -4.484829 -0.0018801689 1.2183732
  vertex -4.4850698 -0.0015788078 1.2183732
  vertex -5.012651 -0.0018401146 1.6058775
 endloop
endfacet
facet normal 0.54596585 0.38600966 0.74358445
 outer loop
  vertex -4.4850698 -0.0015788078 1.2183732
  vertex -5.012833 -0.0015788078 1.6058756
  vertex -5.012651 -0.0018401146 1.6058775
 endloop
endfacet
facet normal 0.51630795 0.3655611 0.7744619
 outer loop
  vertex -5.012651 -0.0018401146 1.6058775
  vertex -5.012833 -0.0015788078 1.6058756
  vertex -5.012836 -0.0015788078 1.6058775
 endloop
endfacet
facet normal 0.54583365 0.38646618 0.7434443
 outer loop
  vertex -5.012651 -0.0018401146 1.6058775
  vertex -5.012836 -0.0015788078 1.6058775
  vertex -5.540473 -0.0018005371 1.9933816
 endloop
endfacet
facet normal 0.559692 0.3250773 0.7622792
 outer loop
  vertex -5.540473 -0.0018005371 1.9933816
  vertex -5.012836 -0.0015788078 1.6058775
  vertex -5.5406 -0.0015788078 1.9933802
 endloop
endfacet
facet normal 0.56659937 0.32899317 0.7554658
 outer loop
  vertex -5.540473 -0.0018005371 1.9933816
  vertex -5.5406 -0.0015788078 1.9933802
  vertex -5.5406017 -0.0015788078 1.9933816
 endloop
endfacet
facet normal 0.5756018 0.23224442 0.7840567
 outer loop
  vertex -4.484619 -0.0022058487 1.2183732
  vertex -5.0124927 -0.0021214485 1.6058775
  vertex -5.012371 -0.0024228096 1.6058775
 endloop
endfacet
facet normal 0.57558554 0.23223785 0.78407073
 outer loop
  vertex -5.012371 -0.0024228096 1.6058775
  vertex -5.0124927 -0.0021214485 1.6058775
  vertex -5.5402884 -0.0022892952 1.9933816
 endloop
endfacet
facet normal 0.58970284 0.082894176 0.8033549
 outer loop
  vertex -5.012371 -0.0024228096 1.6058775
  vertex -5.5402884 -0.0022892952 1.9933816
  vertex -5.540251 -0.0025572777 1.9933816
 endloop
endfacet
facet normal 0.58970314 0.08289421 0.8033547
 outer loop
  vertex -5.540251 -0.0025572777 1.9933816
  vertex -5.5402884 -0.0022892952 1.9933816
  vertex -6.068206 -0.0021562576 2.380886
 endloop
endfacet
facet normal 0.591678 0.0092243785 0.8061215
 outer loop
  vertex -5.540251 -0.0025572777 1.9933816
  vertex -6.068206 -0.0021562576 2.380886
  vertex -6.0682025 -0.0023703575 2.380886
 endloop
endfacet
facet normal 0.5917019 0.009224752 0.8061041
 outer loop
  vertex -6.0682025 -0.0023703575 2.380886
  vertex -6.068206 -0.0021562576 2.380886
  vertex -6.3321643 -0.0020895004 2.574638
 endloop
endfacet
facet normal 0.5910838 -0.045236003 0.80534077
 outer loop
  vertex -6.0682025 -0.0023703575 2.380886
  vertex -6.3321643 -0.0020895004 2.574638
  vertex -6.3321786 -0.0022764206 2.574638
 endloop
endfacet
facet normal 0.5911134 -0.045238268 0.8053189
 outer loop
  vertex -6.3321786 -0.0022764206 2.574638
  vertex -6.3321643 -0.0020895004 2.574638
  vertex -6.5961227 -0.0020227432 2.7683902
 endloop
endfacet
facet normal 0.5875738 -0.117514774 0.80059177
 outer loop
  vertex -6.3321786 -0.0022764206 2.574638
  vertex -6.5961227 -0.0020227432 2.7683902
  vertex -6.5961547 -0.0021824837 2.7683902
 endloop
endfacet
facet normal 0.5617741 -0.3132809 0.76567936
 outer loop
  vertex -6.72829 -0.0024404526 2.8652663
  vertex -6.596294 -0.0025172234 2.7683902
  vertex -6.7282047 -0.0022873878 2.8652663
 endloop
endfacet
facet normal 0.56794095 -0.2799482 0.7739974
 outer loop
  vertex -6.7282047 -0.0022873878 2.8652663
  vertex -6.596294 -0.0025172234 2.7683902
  vertex -6.596211 -0.0023488998 2.7683902
 endloop
endfacet
facet normal 0.5747849 -0.23679423 0.7832949
 outer loop
  vertex -6.7282047 -0.0022873878 2.8652663
  vertex -6.596211 -0.0023488998 2.7683902
  vertex -6.7281423 -0.0021357536 2.8652663
 endloop
endfacet
facet normal 0.58016175 -0.19615783 0.79052794
 outer loop
  vertex -6.7281423 -0.0021357536 2.8652663
  vertex -6.596211 -0.0023488998 2.7683902
  vertex -6.5961547 -0.0021824837 2.7683902
 endloop
endfacet
facet normal 0.58406264 -0.15979142 0.7958251
 outer loop
  vertex -6.7281423 -0.0021357536 2.8652663
  vertex -6.5961547 -0.0021824837 2.7683902
  vertex -6.728102 -0.0019893646 2.8652663
 endloop
endfacet
facet normal 0.5876061 -0.11752123 0.8005672
 outer loop
  vertex -6.728102 -0.0019893646 2.8652663
  vertex -6.5961547 -0.0021824837 2.7683902
  vertex -6.5961227 -0.0020227432 2.7683902
 endloop
endfacet
facet normal 0.5891338 -0.09322084 0.8026402
 outer loop
  vertex -6.728102 -0.0019893646 2.8652663
  vertex -6.5961227 -0.0020227432 2.7683902
  vertex -6.72808 -0.001847744 2.8652663
 endloop
endfacet
facet normal 0.5912302 -0.042099986 0.8054033
 outer loop
  vertex -6.72808 -0.001847744 2.8652663
  vertex -6.5961227 -0.0020227432 2.7683902
  vertex -6.596112 -0.0018687248 2.7683902
 endloop
endfacet
facet normal 0.59163094 0.020993356 0.80593556
 outer loop
  vertex -6.72808 -0.001847744 2.8652663
  vertex -6.596112 -0.0018687248 2.7683902
  vertex -6.596117 -0.0017209053 2.7683902
 endloop
endfacet
facet normal 0.5916303 0.020993333 0.80593604
 outer loop
  vertex -6.596117 -0.0017209053 2.7683902
  vertex -6.596112 -0.0018687248 2.7683902
  vertex -6.3321753 -0.0019111633 2.574638
 endloop
endfacet
facet normal 0.5884979 0.10550101 0.8015858
 outer loop
  vertex -6.596117 -0.0017209053 2.7683902
  vertex -6.3321753 -0.0019111633 2.574638
  vertex -6.332206 -0.0017409325 2.574638
 endloop
endfacet
facet normal 0.58846635 0.10549537 0.8016097
 outer loop
  vertex -6.332206 -0.0017409325 2.574638
  vertex -6.3321753 -0.0019111633 2.574638
  vertex -6.0682387 -0.001953125 2.380886
 endloop
endfacet
facet normal 0.58311385 0.17073806 0.7942461
 outer loop
  vertex -6.332206 -0.0017409325 2.574638
  vertex -6.0682387 -0.001953125 2.380886
  vertex -6.068295 -0.0017609596 2.380886
 endloop
endfacet
facet normal 0.5830878 0.17073043 0.79426676
 outer loop
  vertex -6.068295 -0.0017609596 2.380886
  vertex -6.0682387 -0.001953125 2.380886
  vertex -5.804302 -0.0019950867 2.1871338
 endloop
endfacet
facet normal 0.5773243 0.2198718 0.7863543
 outer loop
  vertex -6.068295 -0.0017609596 2.380886
  vertex -5.804302 -0.0019950867 2.1871338
  vertex -5.8043838 -0.0017809868 2.1871338
 endloop
endfacet
facet normal 0.5773013 0.21986312 0.78637356
 outer loop
  vertex -5.8043838 -0.0017809868 2.1871338
  vertex -5.804302 -0.0019950867 2.1871338
  vertex -5.5403657 -0.0020375252 1.9933816
 endloop
endfacet
facet normal 0.5716473 0.25879404 0.77861744
 outer loop
  vertex -5.8043838 -0.0017809868 2.1871338
  vertex -5.5403657 -0.0020375252 1.9933816
  vertex -5.540473 -0.0018005371 1.9933816
 endloop
endfacet
facet normal 0.5716266 0.25878468 0.77863574
 outer loop
  vertex -5.540473 -0.0018005371 1.9933816
  vertex -5.5403657 -0.0020375252 1.9933816
  vertex -5.0124927 -0.0021214485 1.6058775
 endloop
endfacet
facet normal 0.5614945 0.31595963 0.76478326
 outer loop
  vertex -5.540473 -0.0018005371 1.9933816
  vertex -5.0124927 -0.0021214485 1.6058775
  vertex -5.012651 -0.0018401146 1.6058775
 endloop
endfacet
facet normal 0.5614783 0.31595054 0.7647989
 outer loop
  vertex -5.012651 -0.0018401146 1.6058775
  vertex -5.0124927 -0.0021214485 1.6058775
  vertex -4.484619 -0.0022058487 1.2183732
 endloop
endfacet
facet normal 0.55298716 0.35624352 0.75319034
 outer loop
  vertex -5.012651 -0.0018401146 1.6058775
  vertex -4.484619 -0.0022058487 1.2183732
  vertex -4.484829 -0.0018801689 1.2183732
 endloop
endfacet
facet normal 0.5529875 0.3562438 0.7531899
 outer loop
  vertex -4.484829 -0.0018801689 1.2183732
  vertex -4.484619 -0.0022058487 1.2183732
  vertex -3.6832628 -0.0019335747 0.6298934
 endloop
endfacet
facet normal 0.5223576 0.4700735 0.7114587
 outer loop
  vertex -4.484829 -0.0018801689 1.2183732
  vertex -3.6832628 -0.0019335747 0.6298934
  vertex -3.687563 -0.0015788078 0.6328162
 endloop
endfacet
facet normal 0.48492312 -0.5722552 0.6613422
 outer loop
  vertex -7.190277 -0.0021734238 3.2043324
  vertex -7.124505 -0.0024170876 3.1558948
  vertex -7.1243863 -0.002316475 3.1558948
 endloop
endfacet
facet normal 0.48493102 -0.57226455 0.6613284
 outer loop
  vertex -7.1243863 -0.002316475 3.1558948
  vertex -7.124505 -0.0024170876 3.1558948
  vertex -6.9925127 -0.002521515 3.0590186
 endloop
endfacet
facet normal 0.50019026 -0.5335363 0.68201816
 outer loop
  vertex -7.1243863 -0.002316475 3.1558948
  vertex -6.9925127 -0.002521515 3.0590186
  vertex -6.9923906 -0.002407074 3.0590186
 endloop
endfacet
facet normal 0.500171 -0.53351575 0.6820484
 outer loop
  vertex -6.9923906 -0.002407074 3.0590186
  vertex -6.9925127 -0.002521515 3.0590186
  vertex -6.860521 -0.0026259422 2.9621425
 endloop
endfacet
facet normal 0.51101905 -0.5033919 0.6967469
 outer loop
  vertex -6.9923906 -0.002407074 3.0590186
  vertex -6.860521 -0.0026259422 2.9621425
  vertex -6.860395 -0.0024981499 2.9621425
 endloop
endfacet
facet normal 0.51100063 -0.50337374 0.69677347
 outer loop
  vertex -6.860395 -0.0024981499 2.9621425
  vertex -6.860521 -0.0026259422 2.9621425
  vertex -6.5965366 -0.0028352737 2.7683902
 endloop
endfacet
facet normal 0.5273674 -0.45272464 0.71897423
 outer loop
  vertex -6.860395 -0.0024981499 2.9621425
  vertex -6.5965366 -0.0028352737 2.7683902
  vertex -6.5964036 -0.0026803017 2.7683902
 endloop
endfacet
facet normal 0.52736837 -0.45272547 0.7189731
 outer loop
  vertex -6.5964036 -0.0026803017 2.7683902
  vertex -6.5965366 -0.0028352737 2.7683902
  vertex -6.3324127 -0.0028619766 2.574638
 endloop
endfacet
facet normal 0.55944663 -0.32484 0.7625604
 outer loop
  vertex -6.5964036 -0.0026803017 2.7683902
  vertex -6.3324127 -0.0028619766 2.574638
  vertex -6.332301 -0.0026698112 2.574638
 endloop
endfacet
facet normal 0.5594643 -0.32485026 0.76254314
 outer loop
  vertex -6.332301 -0.0026698112 2.574638
  vertex -6.3324127 -0.0028619766 2.574638
  vertex -6.0683084 -0.0028223991 2.380886
 endloop
endfacet
facet normal 0.58140606 -0.18488227 0.7923292
 outer loop
  vertex -6.332301 -0.0026698112 2.574638
  vertex -6.0683084 -0.0028223991 2.380886
  vertex -6.068236 -0.002594471 2.380886
 endloop
endfacet
facet normal 0.581407 -0.18488257 0.79232836
 outer loop
  vertex -6.068236 -0.002594471 2.380886
  vertex -6.0683084 -0.0028223991 2.380886
  vertex -5.5403233 -0.0031280518 1.9933816
 endloop
endfacet
facet normal 0.5868336 -0.12727682 0.7996418
 outer loop
  vertex -6.068236 -0.002594471 2.380886
  vertex -5.5403233 -0.0031280518 1.9933816
  vertex -5.540261 -0.002840042 1.9933816
 endloop
endfacet
facet normal 0.58683354 -0.12727682 0.7996418
 outer loop
  vertex -5.540261 -0.002840042 1.9933816
  vertex -5.5403233 -0.0031280518 1.9933816
  vertex -5.012286 -0.0030856133 1.6058775
 endloop
endfacet
facet normal 0.5915432 0.022337994 0.8059638
 outer loop
  vertex -5.540261 -0.002840042 1.9933816
  vertex -5.012286 -0.0030856133 1.6058775
  vertex -5.012299 -0.0027446747 1.6058775
 endloop
endfacet
facet normal 0.5915581 0.022338556 0.80595285
 outer loop
  vertex -5.012299 -0.0027446747 1.6058775
  vertex -5.012286 -0.0030856133 1.6058775
  vertex -4.484347 -0.0029320717 1.2183732
 endloop
endfacet
facet normal 0.5834698 0.16659988 0.79486316
 outer loop
  vertex -5.012299 -0.0027446747 1.6058775
  vertex -4.484347 -0.0029320717 1.2183732
  vertex -4.484454 -0.002556324 1.2183732
 endloop
endfacet
facet normal 0.5834856 0.1666044 0.7948506
 outer loop
  vertex -4.484454 -0.002556324 1.2183732
  vertex -4.484347 -0.0029320717 1.2183732
  vertex -3.6753025 -0.002732277 0.62442625
 endloop
endfacet
facet normal 0.5671547 0.28543898 0.7725672
 outer loop
  vertex -4.484454 -0.002556324 1.2183732
  vertex -3.6753025 -0.002732277 0.62442625
  vertex -3.6767988 -0.0025520325 0.6254581
 endloop
endfacet
facet normal 0.59058756 -0.060094874 0.8047328
 outer loop
  vertex -3.6722698 -0.0043025017 0.6223494
  vertex -4.484311 -0.0033311844 1.2183732
  vertex -4.4843526 -0.0037388802 1.2183732
 endloop
endfacet
facet normal 0.5905844 -0.060094554 0.8047352
 outer loop
  vertex -4.4843526 -0.0037388802 1.2183732
  vertex -4.484311 -0.0033311844 1.2183732
  vertex -5.012338 -0.0034337044 1.6058775
 endloop
endfacet
facet normal 0.579291 -0.20291549 0.7894601
 outer loop
  vertex -4.4843526 -0.0037388802 1.2183732
  vertex -5.012338 -0.0034337044 1.6058775
  vertex -5.0124564 -0.003771305 1.6058775
 endloop
endfacet
facet normal 0.579279 -0.20291129 0.78946996
 outer loop
  vertex -5.0124564 -0.003771305 1.6058775
  vertex -5.012338 -0.0034337044 1.6058775
  vertex -5.5404387 -0.0034074783 1.9933816
 endloop
endfacet
facet normal 0.5566979 -0.33803096 0.75882965
 outer loop
  vertex -5.0124564 -0.003771305 1.6058775
  vertex -5.5404387 -0.0034074783 1.9933816
  vertex -5.5405993 -0.003672123 1.9933816
 endloop
endfacet
facet normal 0.5566979 -0.338031 0.75882965
 outer loop
  vertex -5.5405993 -0.003672123 1.9933816
  vertex -5.5404387 -0.0034074783 1.9933816
  vertex -6.0684214 -0.0030436516 2.380886
 endloop
endfacet
facet normal 0.5466685 -0.38180023 0.74523956
 outer loop
  vertex -5.5405993 -0.003672123 1.9933816
  vertex -6.0684214 -0.0030436516 2.380886
  vertex -6.068568 -0.0032539368 2.380886
 endloop
endfacet
facet normal 0.546668 -0.38179988 0.74524015
 outer loop
  vertex -6.068568 -0.0032539368 2.380886
  vertex -6.0684214 -0.0030436516 2.380886
  vertex -6.3325524 -0.0030446053 2.574638
 endloop
endfacet
facet normal 0.51071566 -0.50419587 0.6963878
 outer loop
  vertex -6.068568 -0.0032539368 2.380886
  vertex -6.3325524 -0.0030446053 2.574638
  vertex -6.3328843 -0.0033807755 2.574638
 endloop
endfacet
facet normal 0.510694 -0.50417453 0.6964191
 outer loop
  vertex -6.3328843 -0.0033807755 2.574638
  vertex -6.3325524 -0.0030446053 2.574638
  vertex -6.596844 -0.0031228065 2.7683902
 endloop
endfacet
facet normal 0.4658635 -0.61572766 0.63549244
 outer loop
  vertex -6.3328843 -0.0033807755 2.574638
  vertex -6.596844 -0.0031228065 2.7683902
  vertex -6.597187 -0.003382206 2.7683902
 endloop
endfacet
facet normal 0.4658634 -0.61572754 0.6354927
 outer loop
  vertex -6.597187 -0.003382206 2.7683902
  vertex -6.596844 -0.0031228065 2.7683902
  vertex -6.8608036 -0.0028643608 2.9621425
 endloop
endfacet
facet normal 0.45275718 -0.6429746 0.61773336
 outer loop
  vertex -6.597187 -0.003382206 2.7683902
  vertex -6.8608036 -0.0028643608 2.9621425
  vertex -6.861113 -0.0030822754 2.9621425
 endloop
endfacet
facet normal 0.452774 -0.6429985 0.61769617
 outer loop
  vertex -6.861113 -0.0030822754 2.9621425
  vertex -6.8608036 -0.0028643608 2.9621425
  vertex -7.1247635 -0.002606392 3.1558948
 endloop
endfacet
facet normal 0.43372834 -0.67939013 0.59186894
 outer loop
  vertex -6.861113 -0.0030822754 2.9621425
  vertex -7.1247635 -0.002606392 3.1558948
  vertex -7.125039 -0.0027823448 3.1558948
 endloop
endfacet
facet normal 0.4336867 -0.6793249 0.59197426
 outer loop
  vertex -7.125039 -0.0027823448 3.1558948
  vertex -7.1247635 -0.002606392 3.1558948
  vertex -7.190501 -0.0023646355 3.2043324
 endloop
endfacet
facet normal 0.44029287 -0.66722107 0.6007979
 outer loop
  vertex -7.125039 -0.0027823448 3.1558948
  vertex -7.190501 -0.0023646355 3.2043324
  vertex -7.2570024 -0.002632141 3.2527704
 endloop
endfacet
facet normal 0.43207347 -0.68255866 0.5894287
 outer loop
  vertex -7.2570024 -0.002632141 3.2527704
  vertex -7.190501 -0.0023646355 3.2043324
  vertex -7.256497 -0.0023121834 3.2527704
 endloop
endfacet
facet normal 0.4320728 -0.6825591 0.5894287
 outer loop
  vertex -7.2570024 -0.002632141 3.2527704
  vertex -7.256497 -0.0023121834 3.2527704
  vertex -7.3884892 -0.002207756 3.3496466
 endloop
endfacet
facet normal 0.46303365 -0.62189084 0.6315469
 outer loop
  vertex -7.3884892 -0.002207756 3.3496466
  vertex -7.256497 -0.0023121834 3.2527704
  vertex -7.3222737 -0.002096653 3.3012085
 endloop
endfacet
facet normal 0.44801652 -0.6527052 0.61094767
 outer loop
  vertex -7.3884892 -0.002207756 3.3496466
  vertex -7.3222737 -0.002096653 3.3012085
  vertex -7.388272 -0.002058506 3.3496466
 endloop
endfacet
facet normal 0.49835852 -0.53850406 0.67945
 outer loop
  vertex -7.388272 -0.002058506 3.3496466
  vertex -7.3222737 -0.002096653 3.3012085
  vertex -7.3220882 -0.0019249916 3.3012085
 endloop
endfacet
facet normal 0.4814625 -0.5809765 0.65624696
 outer loop
  vertex -7.388272 -0.002058506 3.3496466
  vertex -7.3220882 -0.0019249916 3.3012085
  vertex -7.3880825 -0.0019016266 3.3496466
 endloop
endfacet
facet normal 0.50716037 -0.51477545 0.6912269
 outer loop
  vertex -7.3880825 -0.0019016266 3.3496466
  vertex -7.3220882 -0.0019249916 3.3012085
  vertex -7.3879213 -0.0017428398 3.3496466
 endloop
endfacet
facet normal 0.5072451 -0.51486135 0.6911007
 outer loop
  vertex -7.3880825 -0.0019016266 3.3496466
  vertex -7.3879213 -0.0017428398 3.3496466
  vertex -7.4539056 -0.0017323494 3.3980846
 endloop
endfacet
facet normal 0.5299828 -0.44468877 0.72205967
 outer loop
  vertex -7.4539056 -0.0017323494 3.3980846
  vertex -7.3879213 -0.0017428398 3.3496466
  vertex -7.387783 -0.0015788078 3.349646
 endloop
endfacet
facet normal 0.5109586 -0.50462276 0.69590026
 outer loop
  vertex -7.4539056 -0.0017323494 3.3980846
  vertex -7.387783 -0.0015788078 3.349646
  vertex -7.453754 -0.0015788078 3.3980846
 endloop
endfacet
facet normal 0.59088403 0.052946597 0.8050172
 outer loop
  vertex -3.672511 -0.0032076836 0.62250245
  vertex -4.484347 -0.0029320717 1.2183732
  vertex -4.484311 -0.0033311844 1.2183732
 endloop
endfacet
facet normal 0.59087 0.052945346 0.80502754
 outer loop
  vertex -4.484311 -0.0033311844 1.2183732
  vertex -4.484347 -0.0029320717 1.2183732
  vertex -5.012286 -0.0030856133 1.6058775
 endloop
endfacet
facet normal 0.58936185 -0.0880006 0.80306196
 outer loop
  vertex -4.484311 -0.0033311844 1.2183732
  vertex -5.012286 -0.0030856133 1.6058775
  vertex -5.012338 -0.0034337044 1.6058775
 endloop
endfacet
facet normal 0.58934796 -0.08799853 0.8030724
 outer loop
  vertex -5.012338 -0.0034337044 1.6058775
  vertex -5.012286 -0.0030856133 1.6058775
  vertex -5.5403233 -0.0031280518 1.9933816
 endloop
endfacet
facet normal 0.5746829 -0.23732638 0.7832086
 outer loop
  vertex -5.012338 -0.0034337044 1.6058775
  vertex -5.5403233 -0.0031280518 1.9933816
  vertex -5.5404387 -0.0034074783 1.9933816
 endloop
endfacet
facet normal 0.57468325 -0.23732653 0.7832084
 outer loop
  vertex -5.5404387 -0.0034074783 1.9933816
  vertex -5.5403233 -0.0031280518 1.9933816
  vertex -6.0683084 -0.0028223991 2.380886
 endloop
endfacet
facet normal 0.56626004 -0.28923196 0.77181244
 outer loop
  vertex -5.5404387 -0.0034074783 1.9933816
  vertex -6.0683084 -0.0028223991 2.380886
  vertex -6.0684214 -0.0030436516 2.380886
 endloop
endfacet
facet normal 0.5662595 -0.2892317 0.771813
 outer loop
  vertex -6.0684214 -0.0030436516 2.380886
  vertex -6.0683084 -0.0028223991 2.380886
  vertex -6.3324127 -0.0028619766 2.574638
 endloop
endfacet
facet normal 0.53887653 -0.41224754 0.7346183
 outer loop
  vertex -6.0684214 -0.0030436516 2.380886
  vertex -6.3324127 -0.0028619766 2.574638
  vertex -6.3325524 -0.0030446053 2.574638
 endloop
endfacet
facet normal 0.53886175 -0.4122363 0.73463535
 outer loop
  vertex -6.3325524 -0.0030446053 2.574638
  vertex -6.3324127 -0.0028619766 2.574638
  vertex -6.5965366 -0.0028352737 2.7683902
 endloop
endfacet
facet normal 0.49977106 -0.534581 0.68150723
 outer loop
  vertex -6.3325524 -0.0030446053 2.574638
  vertex -6.5965366 -0.0028352737 2.7683902
  vertex -6.596844 -0.0031228065 2.7683902
 endloop
endfacet
facet normal 0.49977106 -0.534581 0.68150723
 outer loop
  vertex -6.596844 -0.0031228065 2.7683902
  vertex -6.5965366 -0.0028352737 2.7683902
  vertex -6.860521 -0.0026259422 2.9621425
 endloop
endfacet
facet normal 0.4841085 -0.5741527 0.6602936
 outer loop
  vertex -6.596844 -0.0031228065 2.7683902
  vertex -6.860521 -0.0026259422 2.9621425
  vertex -6.8608036 -0.0028643608 2.9621425
 endloop
endfacet
facet normal 0.48413604 -0.5741854 0.66024494
 outer loop
  vertex -6.8608036 -0.0028643608 2.9621425
  vertex -6.860521 -0.0026259422 2.9621425
  vertex -6.9925127 -0.002521515 3.0590186
 endloop
endfacet
facet normal 0.4732731 -0.5993815 0.6455652
 outer loop
  vertex -6.8608036 -0.0028643608 2.9621425
  vertex -6.9925127 -0.002521515 3.0590186
  vertex -7.1247635 -0.002606392 3.1558948
 endloop
endfacet
facet normal 0.4600766 -0.6281259 0.62752473
 outer loop
  vertex -7.1247635 -0.002606392 3.1558948
  vertex -6.9925127 -0.002521515 3.0590186
  vertex -7.124505 -0.0024170876 3.1558948
 endloop
endfacet
facet normal 0.46007717 -0.6281155 0.6275348
 outer loop
  vertex -7.1247635 -0.002606392 3.1558948
  vertex -7.124505 -0.0024170876 3.1558948
  vertex -7.190501 -0.0023646355 3.2043324
 endloop
endfacet
facet normal 0.48600954 -0.569636 0.6628043
 outer loop
  vertex -7.190501 -0.0023646355 3.2043324
  vertex -7.124505 -0.0024170876 3.1558948
  vertex -7.190277 -0.0021734238 3.2043324
 endloop
endfacet
facet normal 0.48601288 -0.569641 0.6627975
 outer loop
  vertex -7.190501 -0.0023646355 3.2043324
  vertex -7.190277 -0.0021734238 3.2043324
  vertex -7.256497 -0.0023121834 3.2527704
 endloop
endfacet
facet normal 0.4759221 -0.5936188 0.6489337
 outer loop
  vertex -7.256497 -0.0023121834 3.2527704
  vertex -7.190277 -0.0021734238 3.2043324
  vertex -7.2562757 -0.0021348 3.2527704
 endloop
endfacet
facet normal 0.47592407 -0.5936257 0.6489259
 outer loop
  vertex -7.256497 -0.0023121834 3.2527704
  vertex -7.2562757 -0.0021348 3.2527704
  vertex -7.3222737 -0.002096653 3.3012085
 endloop
endfacet
facet normal 0.51245403 -0.4993142 0.69862455
 outer loop
  vertex -7.3222737 -0.002096653 3.3012085
  vertex -7.2562757 -0.0021348 3.2527704
  vertex -7.2560945 -0.0019488335 3.2527704
 endloop
endfacet
facet normal 0.4984283 -0.5385759 0.67934185
 outer loop
  vertex -7.3222737 -0.002096653 3.3012085
  vertex -7.2560945 -0.0019488335 3.2527704
  vertex -7.3220882 -0.0019249916 3.3012085
 endloop
endfacet
facet normal 0.5246613 -0.4619968 0.71504503
 outer loop
  vertex -7.3220882 -0.0019249916 3.3012085
  vertex -7.2560945 -0.0019488335 3.2527704
  vertex -7.321937 -0.0017533302 3.3012085
 endloop
endfacet
facet normal 0.52474874 -0.4620704 0.71493345
 outer loop
  vertex -7.3220882 -0.0019249916 3.3012085
  vertex -7.321937 -0.0017533302 3.3012085
  vertex -7.3879213 -0.0017428398 3.3496466
 endloop
endfacet
facet normal 0.54485154 -0.39003032 0.74230266
 outer loop
  vertex -7.3879213 -0.0017428398 3.3496466
  vertex -7.321937 -0.0017533302 3.3012085
  vertex -7.321812 -0.0015788078 3.3012085
 endloop
endfacet
facet normal 0.53007245 -0.4447655 0.72194654
 outer loop
  vertex -7.3879213 -0.0017428398 3.3496466
  vertex -7.321812 -0.0015788078 3.3012085
  vertex -7.387783 -0.0015788078 3.349646
 endloop
endfacet
facet normal 0.57007974 0.26836407 0.7765242
 outer loop
  vertex -3.678998 -0.0023207664 0.62697184
  vertex -4.484619 -0.0022058487 1.2183732
  vertex -4.484454 -0.002556324 1.2183732
 endloop
endfacet
facet normal 0.57006556 0.2683574 0.7765369
 outer loop
  vertex -4.484454 -0.002556324 1.2183732
  vertex -4.484619 -0.0022058487 1.2183732
  vertex -5.012371 -0.0024228096 1.6058775
 endloop
endfacet
facet normal 0.5866305 0.13123141 0.79915136
 outer loop
  vertex -4.484454 -0.002556324 1.2183732
  vertex -5.012371 -0.0024228096 1.6058775
  vertex -5.012299 -0.0027446747 1.6058775
 endloop
endfacet
facet normal 0.58661413 0.13122775 0.799164
 outer loop
  vertex -5.012299 -0.0027446747 1.6058775
  vertex -5.012371 -0.0024228096 1.6058775
  vertex -5.540251 -0.0025572777 1.9933816
 endloop
endfacet
facet normal 0.591566 -0.02094922 0.8059843
 outer loop
  vertex -5.012299 -0.0027446747 1.6058775
  vertex -5.540251 -0.0025572777 1.9933816
  vertex -5.540261 -0.002840042 1.9933816
 endloop
endfacet
facet normal 0.5915664 -0.02094923 0.8059841
 outer loop
  vertex -5.540261 -0.002840042 1.9933816
  vertex -5.540251 -0.0025572777 1.9933816
  vertex -6.0682025 -0.0023703575 2.380886
 endloop
endfacet
facet normal 0.5893736 -0.08777905 0.8030776
 outer loop
  vertex -5.540261 -0.002840042 1.9933816
  vertex -6.0682025 -0.0023703575 2.380886
  vertex -6.068236 -0.002594471 2.380886
 endloop
endfacet
facet normal 0.5893729 -0.08777894 0.8030782
 outer loop
  vertex -6.068236 -0.002594471 2.380886
  vertex -6.0682025 -0.0023703575 2.380886
  vertex -6.3322234 -0.0024719238 2.574638
 endloop
endfacet
facet normal 0.57626003 -0.22633827 0.78529954
 outer loop
  vertex -6.068236 -0.002594471 2.380886
  vertex -6.3322234 -0.0024719238 2.574638
  vertex -6.332301 -0.0026698112 2.574638
 endloop
endfacet
facet normal 0.576238 -0.22632962 0.78531826
 outer loop
  vertex -6.332301 -0.0026698112 2.574638
  vertex -6.3322234 -0.0024719238 2.574638
  vertex -6.596294 -0.0025172234 2.7683902
 endloop
endfacet
facet normal 0.5496331 -0.3696363 0.7491812
 outer loop
  vertex -6.332301 -0.0026698112 2.574638
  vertex -6.596294 -0.0025172234 2.7683902
  vertex -6.5964036 -0.0026803017 2.7683902
 endloop
endfacet
facet normal 0.5496329 -0.36963615 0.7491814
 outer loop
  vertex -6.5964036 -0.0026803017 2.7683902
  vertex -6.596294 -0.0025172234 2.7683902
  vertex -6.72829 -0.0024404526 2.8652663
 endloop
endfacet
facet normal 0.54256105 -0.39822468 0.7396247
 outer loop
  vertex -6.5964036 -0.0026803017 2.7683902
  vertex -6.72829 -0.0024404526 2.8652663
  vertex -6.860395 -0.0024981499 2.9621425
 endloop
endfacet
facet normal 0.53369313 -0.43115842 0.7275123
 outer loop
  vertex -6.860395 -0.0024981499 2.9621425
  vertex -6.72829 -0.0024404526 2.8652663
  vertex -6.8602867 -0.0023641586 2.9621425
 endloop
endfacet
facet normal 0.5337 -0.43113843 0.72751904
 outer loop
  vertex -6.860395 -0.0024981499 2.9621425
  vertex -6.8602867 -0.0023641586 2.9621425
  vertex -6.992283 -0.0022878647 3.0590186
 endloop
endfacet
facet normal 0.54229605 -0.3993606 0.7392064
 outer loop
  vertex -6.992283 -0.0022878647 3.0590186
  vertex -6.8602867 -0.0023641586 2.9621425
  vertex -6.9921923 -0.0021648407 3.0590186
 endloop
endfacet
facet normal 0.5423248 -0.39938647 0.7391713
 outer loop
  vertex -6.992283 -0.0022878647 3.0590186
  vertex -6.9921923 -0.0021648407 3.0590186
  vertex -7.124186 -0.0021033287 3.1558948
 endloop
endfacet
facet normal 0.5420227 -0.4005552 0.7387604
 outer loop
  vertex -7.124186 -0.0021033287 3.1558948
  vertex -6.9921923 -0.0021648407 3.0590186
  vertex -7.1241064 -0.0019955635 3.1558948
 endloop
endfacet
facet normal 0.54206395 -0.4005517 0.73873204
 outer loop
  vertex -7.124186 -0.0021033287 3.1558948
  vertex -7.1241064 -0.0019955635 3.1558948
  vertex -7.1901 -0.0019717216 3.2043324
 endloop
endfacet
facet normal 0.5599027 -0.32302082 0.76299834
 outer loop
  vertex -7.1901 -0.0019717216 3.2043324
  vertex -7.1241064 -0.0019955635 3.1558948
  vertex -7.123985 -0.0017848015 3.1558948
 endloop
endfacet
facet normal 0.55070287 -0.3658043 0.75027573
 outer loop
  vertex -7.1901 -0.0019717216 3.2043324
  vertex -7.123985 -0.0017848015 3.1558948
  vertex -7.189969 -0.0017743111 3.2043324
 endloop
endfacet
facet normal 0.5748883 -0.23687525 0.7831944
 outer loop
  vertex -7.189969 -0.0017743111 3.2043324
  vertex -7.123985 -0.0017848015 3.1558948
  vertex -7.1239 -0.0015788078 3.1558948
 endloop
endfacet
facet normal 0.5673631 -0.28456262 0.77273756
 outer loop
  vertex -7.189969 -0.0017743111 3.2043324
  vertex -7.1239 -0.0015788078 3.1558948
  vertex -7.1898704 -0.0015788078 3.2043319
 endloop
endfacet
facet normal 0.02859791 -0.9983182 0.05042741
 outer loop
  vertex -4.978228 -0.12809753 0.5551138
  vertex -4.7268844 -0.11980915 0.5766604
  vertex -5.21439 -0.101359844 1.2183732
 endloop
endfacet
facet normal 0.040907975 -0.99737465 0.05975217
 outer loop
  vertex -5.21439 -0.101359844 1.2183732
  vertex -4.7268844 -0.11980915 0.5766604
  vertex -4.485786 -0.108715534 0.5967709
 endloop
endfacet
facet normal 0.063602656 -0.9942355 0.08631634
 outer loop
  vertex -5.21439 -0.101359844 1.2183732
  vertex -4.485786 -0.108715534 0.5967709
  vertex -5.0498447 -0.090833664 1.2183732
 endloop
endfacet
facet normal 0.103247434 -0.9871346 0.122086786
 outer loop
  vertex -5.0498447 -0.090833664 1.2183732
  vertex -4.485786 -0.108715534 0.5967709
  vertex -4.8793983 -0.07300615 1.2183732
 endloop
endfacet
facet normal 0.10299813 -0.98475105 0.14020269
 outer loop
  vertex -5.0498447 -0.090833664 1.2183732
  vertex -4.8793983 -0.07300615 1.2183732
  vertex -5.8451467 -0.06367588 1.9933816
 endloop
endfacet
facet normal 0.16361314 -0.96270615 0.21547045
 outer loop
  vertex -5.8451467 -0.06367588 1.9933816
  vertex -4.8793983 -0.07300615 1.2183732
  vertex -5.6967545 -0.03845644 1.9933816
 endloop
endfacet
facet normal 0.13619965 -0.9728701 0.18701217
 outer loop
  vertex -5.6967545 -0.03845644 1.9933816
  vertex -4.8793983 -0.07300615 1.2183732
  vertex -4.6903124 -0.04653454 1.2183732
 endloop
endfacet
facet normal 0.1722327 -0.95694745 0.23363946
 outer loop
  vertex -5.6967545 -0.03845644 1.9933816
  vertex -4.6903124 -0.04653454 1.2183732
  vertex -5.6175013 -0.024192333 1.9933816
 endloop
endfacet
facet normal 0.15091854 -0.96632737 0.20841049
 outer loop
  vertex -5.6175013 -0.024192333 1.9933816
  vertex -4.6903124 -0.04653454 1.2183732
  vertex -4.5864067 -0.030306816 1.2183732
 endloop
endfacet
facet normal 0.19546899 -0.9435225 0.26750183
 outer loop
  vertex -5.6175013 -0.024192333 1.9933816
  vertex -4.5864067 -0.030306816 1.2183732
  vertex -5.577169 -0.015836716 1.9933816
 endloop
endfacet
facet normal 0.1786682 -0.9526104 0.24619353
 outer loop
  vertex -5.577169 -0.015836716 1.9933816
  vertex -4.5864067 -0.030306816 1.2183732
  vertex -4.53305 -0.020299435 1.2183732
 endloop
endfacet
facet normal 0.23226433 -0.91912854 0.31820735
 outer loop
  vertex -5.577169 -0.015836716 1.9933816
  vertex -4.53305 -0.020299435 1.2183732
  vertex -5.557084 -0.010761261 1.9933816
 endloop
endfacet
facet normal 0.22061515 -0.92713124 0.30291355
 outer loop
  vertex -5.557084 -0.010761261 1.9933816
  vertex -4.53305 -0.020299435 1.2183732
  vertex -4.506408 -0.013959885 1.2183732
 endloop
endfacet
facet normal 0.2869294 -0.87380797 0.39259544
 outer loop
  vertex -5.557084 -0.010761261 1.9933816
  vertex -4.506408 -0.013959885 1.2183732
  vertex -5.5472283 -0.007524967 1.9933816
 endloop
endfacet
facet normal 0.28213105 -0.8782146 0.3861879
 outer loop
  vertex -5.5472283 -0.007524967 1.9933816
  vertex -4.506408 -0.013959885 1.2183732
  vertex -4.4933405 -0.00976181 1.2183732
 endloop
endfacet
facet normal 0.342715 -0.81434584 0.46838805
 outer loop
  vertex -5.5472283 -0.007524967 1.9933816
  vertex -4.4933405 -0.00976181 1.2183732
  vertex -5.5448365 -0.006518364 1.9933816
 endloop
endfacet
facet normal 0.34453335 -0.8121581 0.47084606
 outer loop
  vertex -5.5448365 -0.006518364 1.9933816
  vertex -4.4933405 -0.00976181 1.2183732
  vertex -4.4901786 -0.008420467 1.2183732
 endloop
endfacet
facet normal 0.39159477 -0.74880826 0.53473336
 outer loop
  vertex -5.5448365 -0.006518364 1.9933816
  vertex -4.4901786 -0.008420467 1.2183732
  vertex -5.5425415 -0.005318165 1.9933816
 endloop
endfacet
facet normal 0.39782557 -0.7394025 0.5431563
 outer loop
  vertex -5.5425415 -0.005318165 1.9933816
  vertex -4.4901786 -0.008420467 1.2183732
  vertex -4.4871573 -0.0067949295 1.2183732
 endloop
endfacet
facet normal 0.45031843 -0.6478008 0.61446506
 outer loop
  vertex -5.5425415 -0.005318165 1.9933816
  vertex -4.4871573 -0.0067949295 1.2183732
  vertex -5.5414824 -0.0045819283 1.9933816
 endloop
endfacet
facet normal 0.46052158 -0.6270379 0.6282861
 outer loop
  vertex -5.5414824 -0.0045819283 1.9933816
  vertex -4.4871573 -0.0067949295 1.2183732
  vertex -4.4857783 -0.0057821274 1.2183732
 endloop
endfacet
facet normal 0.49351308 -0.5507899 0.6731087
 outer loop
  vertex -5.5414824 -0.0045819283 1.9933816
  vertex -4.4857783 -0.0057821274 1.2183732
  vertex -5.5410056 -0.004154682 1.9933816
 endloop
endfacet
facet normal 0.5054001 -0.51916903 0.6892273
 outer loop
  vertex -5.5410056 -0.004154682 1.9933816
  vertex -4.4857783 -0.0057821274 1.2183732
  vertex -4.485167 -0.0051870346 1.2183732
 endloop
endfacet
facet normal 0.51993835 -0.4764623 0.70897657
 outer loop
  vertex -5.5410056 -0.004154682 1.9933816
  vertex -4.485167 -0.0051870346 1.2183732
  vertex -5.5407915 -0.003921032 1.9933816
 endloop
endfacet
facet normal 0.532028 -0.4367741 0.72537893
 outer loop
  vertex -5.5407915 -0.003921032 1.9933816
  vertex -4.485167 -0.0051870346 1.2183732
  vertex -4.484898 -0.0048594475 1.2183732
 endloop
endfacet
facet normal 0.5380319 -0.4152728 0.7335326
 outer loop
  vertex -5.5407915 -0.003921032 1.9933816
  vertex -4.484898 -0.0048594475 1.2183732
  vertex -5.5405993 -0.003672123 1.9933816
 endloop
endfacet
facet normal 0.54964375 -0.3694204 0.74927986
 outer loop
  vertex -5.5405993 -0.003672123 1.9933816
  vertex -4.484898 -0.0048594475 1.2183732
  vertex -4.4846625 -0.004508972 1.2183732
 endloop
endfacet
facet normal 0.5627729 -0.30796337 0.76710176
 outer loop
  vertex -5.5405993 -0.003672123 1.9933816
  vertex -4.4846625 -0.004508972 1.2183732
  vertex -5.0124564 -0.003771305 1.6058775
 endloop
endfacet
facet normal 0.56684476 -0.2859497 0.77260584
 outer loop
  vertex -5.0124564 -0.003771305 1.6058775
  vertex -4.4846625 -0.004508972 1.2183732
  vertex -4.4844737 -0.004134655 1.2183732
 endloop
endfacet
facet normal 0.5821342 -0.17814709 0.7933369
 outer loop
  vertex -5.0124564 -0.003771305 1.6058775
  vertex -4.4844737 -0.004134655 1.2183732
  vertex -4.4843526 -0.0037388802 1.2183732
 endloop
endfacet
facet normal 0.58213735 -0.17814806 0.7933343
 outer loop
  vertex -4.4843526 -0.0037388802 1.2183732
  vertex -4.4844737 -0.004134655 1.2183732
  vertex -3.6741323 -0.004781723 0.623611
 endloop
endfacet
facet normal 0.582565 -0.17414129 0.7939099
 outer loop
  vertex -4.4843526 -0.0037388802 1.2183732
  vertex -3.6741323 -0.004781723 0.623611
  vertex -3.6722698 -0.0043025017 0.6223494
 endloop
endfacet
facet normal -0.23513801 -0.9650611 -0.11561659
 outer loop
  vertex -8.744138 -0.0015788078 3.5433984
  vertex -7.981999 -0.0015788078 1.9933802
  vertex -8.653824 -0.023583889 3.5433984
 endloop
endfacet
facet normal -0.1486764 -0.9857704 -0.0784355
 outer loop
  vertex -8.653824 -0.023583889 3.5433984
  vertex -7.981999 -0.0015788078 1.9933802
  vertex -7.6412954 -0.052964687 1.9933816
 endloop
endfacet
facet normal -0.117835045 -0.9913272 -0.058183465
 outer loop
  vertex -8.653824 -0.023583889 3.5433984
  vertex -7.6412954 -0.052964687 1.9933816
  vertex -7.914019 -0.06603432 2.7683902
 endloop
endfacet
facet normal -0.091820925 -0.9945651 -0.049083762
 outer loop
  vertex -7.914019 -0.06603432 2.7683902
  vertex -7.6412954 -0.052964687 1.9933816
  vertex -7.292014 -0.08521128 1.9933816
 endloop
endfacet
facet normal -0.050834555 -0.99857754 -0.016089713
 outer loop
  vertex -7.914019 -0.06603432 2.7683902
  vertex -7.292014 -0.08521128 1.9933816
  vertex -6.9668913 -0.101762295 1.9933816
 endloop
endfacet
facet normal -0.050834443 -0.9985753 -0.016217552
 outer loop
  vertex -6.9668913 -0.101762295 1.9933816
  vertex -7.292014 -0.08521128 1.9933816
  vertex -6.0219774 -0.12499809 0.46223354
 endloop
endfacet
facet normal -0.03477313 -0.99937546 -0.006293533
 outer loop
  vertex -6.9668913 -0.101762295 1.9933816
  vertex -6.0219774 -0.12499809 0.46223354
  vertex -5.7942243 -0.13295364 0.467142
 endloop
endfacet
facet normal -0.0132644875 -0.9998902 0.0066080163
 outer loop
  vertex -8.332688 -0.07782459 3.5433984
  vertex -7.4765725 -0.09430361 2.7683902
  vertex -8.062566 -0.081408024 3.5433984
 endloop
endfacet
facet normal 0.0067838635 -0.99974006 0.021764329
 outer loop
  vertex -8.062566 -0.081408024 3.5433984
  vertex -7.4765725 -0.09430361 2.7683902
  vertex -6.396709 -0.10384798 1.9933816
 endloop
endfacet
facet normal 0.048277378 -0.9966302 0.06631383
 outer loop
  vertex -8.062566 -0.081408024 3.5433984
  vertex -6.396709 -0.10384798 1.9933816
  vertex -7.031611 -0.08303547 2.7683902
 endloop
endfacet
facet normal 0.042446386 -0.99720085 0.06155229
 outer loop
  vertex -7.031611 -0.08303547 2.7683902
  vertex -6.396709 -0.10384798 1.9933816
  vertex -6.123 -0.09219742 1.9933816
 endloop
endfacet
facet normal 0.091401964 -0.98869663 0.118846714
 outer loop
  vertex -7.031611 -0.08303547 2.7683902
  vertex -6.123 -0.09219742 1.9933816
  vertex -6.9201837 -0.072734356 2.7683902
 endloop
endfacet
facet normal 0.07486316 -0.991972 0.101916924
 outer loop
  vertex -6.9201837 -0.072734356 2.7683902
  vertex -6.123 -0.09219742 1.9933816
  vertex -5.9850144 -0.08178377 1.9933816
 endloop
endfacet
facet normal 0.13389339 -0.97578603 0.17295712
 outer loop
  vertex -6.9201837 -0.072734356 2.7683902
  vertex -5.9850144 -0.08178377 1.9933816
  vertex -6.8651314 -0.0651803 2.7683902
 endloop
endfacet
facet normal 0.105385475 -0.98441774 0.14076786
 outer loop
  vertex -6.8651314 -0.0651803 2.7683902
  vertex -5.9850144 -0.08178377 1.9933816
  vertex -5.9153643 -0.07432747 1.9933816
 endloop
endfacet
facet normal 0.16614653 -0.9623841 0.21496998
 outer loop
  vertex -6.8651314 -0.0651803 2.7683902
  vertex -5.9153643 -0.07432747 1.9933816
  vertex -6.328021 -0.059010983 2.380886
 endloop
endfacet
facet normal 0.48828557 -0.56478363 0.6652793
 outer loop
  vertex -7.51989 -0.001721859 3.4465222
  vertex -7.5197244 -0.0015788078 3.4465222
  vertex -7.5858736 -0.0017113686 3.4949603
 endloop
endfacet
facet normal 0.4611793 -0.6264725 0.6283677
 outer loop
  vertex -7.51989 -0.001721859 3.4465222
  vertex -7.5858736 -0.0017113686 3.4949603
  vertex -7.5200706 -0.0018548965 3.4465222
 endloop
endfacet
facet normal 0.43121696 -0.68447137 0.5878358
 outer loop
  vertex -7.5200706 -0.0018548965 3.4465222
  vertex -7.5858736 -0.0017113686 3.4949603
  vertex -7.5860643 -0.0018315315 3.4949603
 endloop
endfacet
facet normal 0.435918 -0.6759131 0.59423655
 outer loop
  vertex -7.5200706 -0.0018548965 3.4465222
  vertex -7.5860643 -0.0018315315 3.4949603
  vertex -7.520268 -0.001982212 3.4465222
 endloop
endfacet
facet normal 0.40971556 -0.72103614 0.5587845
 outer loop
  vertex -7.520268 -0.001982212 3.4465222
  vertex -7.5860643 -0.0018315315 3.4949603
  vertex -7.520481 -0.0021033287 3.4465222
 endloop
endfacet
facet normal 0.40966344 -0.72094315 0.5589426
 outer loop
  vertex -7.520268 -0.001982212 3.4465222
  vertex -7.520481 -0.0021033287 3.4465222
  vertex -7.4544854 -0.0021557808 3.3980846
 endloop
endfacet
facet normal 0.37818363 -0.7685145 0.51610327
 outer loop
  vertex -7.4544854 -0.0021557808 3.3980846
  vertex -7.520481 -0.0021033287 3.4465222
  vertex -7.521386 -0.0025486946 3.4465222
 endloop
endfacet
facet normal 0.38895267 -0.75275713 0.53110504
 outer loop
  vertex -7.4544854 -0.0021557808 3.3980846
  vertex -7.521386 -0.0025486946 3.4465222
  vertex -7.389463 -0.0027337074 3.3496466
 endloop
endfacet
facet normal 0.34421954 -0.8126058 0.4703027
 outer loop
  vertex -7.389463 -0.0027337074 3.3496466
  vertex -7.521386 -0.0025486946 3.4465222
  vertex -7.391532 -0.0036101341 3.3496466
 endloop
endfacet
facet normal 0.34419963 -0.8125583 0.47039923
 outer loop
  vertex -7.389463 -0.0027337074 3.3496466
  vertex -7.391532 -0.0036101341 3.3496466
  vertex -7.259796 -0.0038895607 3.2527704
 endloop
endfacet
facet normal 0.30793437 -0.853092 0.42120126
 outer loop
  vertex -7.259796 -0.0038895607 3.2527704
  vertex -7.391532 -0.0036101341 3.3496466
  vertex -7.264433 -0.005563259 3.2527704
 endloop
endfacet
facet normal 0.30796212 -0.8531691 0.42102477
 outer loop
  vertex -7.259796 -0.0038895607 3.2527704
  vertex -7.264433 -0.005563259 3.2527704
  vertex -7.133098 -0.0059628487 3.1558948
 endloop
endfacet
facet normal 0.274622 -0.88500804 0.37595674
 outer loop
  vertex -7.133098 -0.0059628487 3.1558948
  vertex -7.264433 -0.005563259 3.2527704
  vertex -7.1433477 -0.0091433525 3.1558948
 endloop
endfacet
facet normal 0.2747131 -0.88530105 0.37519974
 outer loop
  vertex -7.133098 -0.0059628487 3.1558948
  vertex -7.1433477 -0.0091433525 3.1558948
  vertex -6.8823175 -0.010258675 2.9621425
 endloop
endfacet
facet normal 0.23910056 -0.9141381 0.3273872
 outer loop
  vertex -6.8823175 -0.010258675 2.9621425
  vertex -7.1433477 -0.0091433525 3.1558948
  vertex -6.906369 -0.016549587 2.9621425
 endloop
endfacet
facet normal 0.23926218 -0.91475666 0.32553637
 outer loop
  vertex -6.8823175 -0.010258675 2.9621425
  vertex -6.906369 -0.016549587 2.9621425
  vertex -6.648596 -0.01807785 2.7683902
 endloop
endfacet
facet normal 0.21050479 -0.9343826 0.2874315
 outer loop
  vertex -6.648596 -0.01807785 2.7683902
  vertex -6.906369 -0.016549587 2.9621425
  vertex -6.703197 -0.030378819 2.7683902
 endloop
endfacet
facet normal 0.21076508 -0.9355381 0.28345475
 outer loop
  vertex -6.648596 -0.01807785 2.7683902
  vertex -6.703197 -0.030378819 2.7683902
  vertex -6.199976 -0.03441763 2.380886
 endloop
endfacet
facet normal 0.18276358 -0.95155704 0.2472584
 outer loop
  vertex -6.199976 -0.03441763 2.380886
  vertex -6.703197 -0.030378819 2.7683902
  vertex -6.328021 -0.059010983 2.380886
 endloop
endfacet
facet normal 0.18312289 -0.9534278 0.2396695
 outer loop
  vertex -6.199976 -0.03441763 2.380886
  vertex -6.328021 -0.059010983 2.380886
  vertex -5.8451467 -0.06367588 1.9933816
 endloop
endfacet
facet normal 0.1470998 -0.9697143 0.1949767
 outer loop
  vertex -5.8451467 -0.06367588 1.9933816
  vertex -6.328021 -0.059010983 2.380886
  vertex -5.9153643 -0.07432747 1.9933816
 endloop
endfacet
facet normal 0.14738128 -0.9715697 0.18528609
 outer loop
  vertex -5.8451467 -0.06367588 1.9933816
  vertex -5.9153643 -0.07432747 1.9933816
  vertex -5.0498447 -0.090833664 1.2183732
 endloop
endfacet
facet normal 0.10541654 -0.9847079 0.13870023
 outer loop
  vertex -5.0498447 -0.090833664 1.2183732
  vertex -5.9153643 -0.07432747 1.9933816
  vertex -5.9850144 -0.08178377 1.9933816
 endloop
endfacet
facet normal 0.06359134 -0.9940584 0.088340744
 outer loop
  vertex -5.0498447 -0.090833664 1.2183732
  vertex -5.9850144 -0.08178377 1.9933816
  vertex -5.21439 -0.101359844 1.2183732
 endloop
endfacet
facet normal 0.07488142 -0.99221396 0.09952036
 outer loop
  vertex -5.21439 -0.101359844 1.2183732
  vertex -5.9850144 -0.08178377 1.9933816
  vertex -6.123 -0.09219742 1.9933816
 endloop
endfacet
facet normal 0.029836329 -0.9984594 0.046783887
 outer loop
  vertex -5.21439 -0.101359844 1.2183732
  vertex -6.123 -0.09219742 1.9933816
  vertex -5.8668933 -0.12085819 1.2183732
 endloop
endfacet
facet normal 0.042471826 -0.9977985 0.050934937
 outer loop
  vertex -5.8668933 -0.12085819 1.2183732
  vertex -6.123 -0.09219742 1.9933816
  vertex -6.396709 -0.10384798 1.9933816
 endloop
endfacet
facet normal 0.013566077 -0.99942076 0.031209826
 outer loop
  vertex -5.8668933 -0.12085819 1.2183732
  vertex -6.396709 -0.10384798 1.9933816
  vertex -6.671733 -0.10758114 1.9933816
 endloop
endfacet
facet normal 0.013566076 -0.99942076 0.031210436
 outer loop
  vertex -6.671733 -0.10758114 1.9933816
  vertex -6.396709 -0.10384798 1.9933816
  vertex -7.4765725 -0.09430361 2.7683902
 endloop
endfacet
facet normal -0.01971037 -0.9998002 -0.0033403619
 outer loop
  vertex -6.671733 -0.10758114 1.9933816
  vertex -7.4765725 -0.09430361 2.7683902
  vertex -6.9668913 -0.101762295 1.9933816
 endloop
endfacet
facet normal -0.030176243 -0.9994923 -0.010226163
 outer loop
  vertex -6.9668913 -0.101762295 1.9933816
  vertex -7.4765725 -0.09430361 2.7683902
  vertex -7.58547 -0.091015816 2.7683902
 endloop
endfacet
facet normal -0.06513732 -0.99714625 -0.038163144
 outer loop
  vertex -6.9668913 -0.101762295 1.9933816
  vertex -7.58547 -0.091015816 2.7683902
  vertex -7.695424 -0.08383322 2.7683902
 endloop
endfacet
facet normal -0.06511635 -0.9968254 -0.045814708
 outer loop
  vertex -7.695424 -0.08383322 2.7683902
  vertex -7.58547 -0.091015816 2.7683902
  vertex -8.332688 -0.07782459 3.5433984
 endloop
endfacet
facet normal -0.11097147 -0.9903037 -0.08357046
 outer loop
  vertex -7.695424 -0.08383322 2.7683902
  vertex -8.332688 -0.07782459 3.5433984
  vertex -8.386794 -0.07176161 3.5433984
 endloop
endfacet
facet normal 0 -0 1
 outer loop
  vertex -8.386794 0.06860399 3.5433984
  vertex -8.544291 0.042195797 3.5433984
  vertex -8.536024 -0.04685688 3.5433984
 endloop
endfacet
facet normal -0 0 1
 outer loop
  vertex -8.536024 -0.04685688 3.5433984
  vertex -8.544291 0.042195797 3.5433984
  vertex -8.638322 0.02375698 3.5433984
 endloop
endfacet
facet normal -0 0 1
 outer loop
  vertex -8.536024 -0.04685688 3.5433984
  vertex -8.638322 0.02375698 3.5433984
  vertex -8.653824 -0.023583889 3.5433984
 endloop
endfacet
facet normal -0 0 1
 outer loop
  vertex -8.653824 -0.023583889 3.5433984
  vertex -8.638322 0.02375698 3.5433984
  vertex -8.713488 0.0064988136 3.5433984
 endloop
endfacet
facet normal -0 0 1
 outer loop
  vertex -8.653824 -0.023583889 3.5433984
  vertex -8.713488 0.0064988136 3.5433984
  vertex -8.744138 -0.0015788078 3.5433984
 endloop
endfacet
facet normal -0 0 1
 outer loop
  vertex -7.7852454 -0.047911644 3.5433984
  vertex -7.7382073 0.02887106 3.5433984
  vertex -7.795398 -0.051074505 3.5433984
 endloop
endfacet
facet normal 0 0 1
 outer loop
  vertex -7.795398 -0.051074505 3.5433984
  vertex -7.7382073 0.02887106 3.5433984
  vertex -7.7852454 0.04475403 3.5433984
 endloop
endfacet
facet normal -0 0 1
 outer loop
  vertex -7.795398 -0.051074505 3.5433984
  vertex -7.7852454 0.04475403 3.5433984
  vertex -7.8174977 -0.056611538 3.5433984
 endloop
endfacet
facet normal 0 0 1
 outer loop
  vertex -7.8174977 -0.056611538 3.5433984
  vertex -7.7852454 0.04475403 3.5433984
  vertex -7.795398 0.04791689 3.5433984
 endloop
endfacet
facet normal -0 0 1
 outer loop
  vertex -7.8174977 -0.056611538 3.5433984
  vertex -7.795398 0.04791689 3.5433984
  vertex -7.8553534 -0.06368446 3.5433984
 endloop
endfacet
facet normal 0 0 1
 outer loop
  vertex -8.536024 -0.04685688 3.5433984
  vertex -8.483356 -0.056091785 3.5433984
  vertex -8.386794 0.06860399 3.5433984
 endloop
endfacet
facet normal 0 -0 1
 outer loop
  vertex -8.386794 0.06860399 3.5433984
  vertex -8.483356 -0.056091785 3.5433984
  vertex -8.386794 -0.07176161 3.5433984
 endloop
endfacet
facet normal 0 -0 1
 outer loop
  vertex -8.386794 0.06860399 3.5433984
  vertex -8.386794 -0.07176161 3.5433984
  vertex -8.34189 0.07388401 3.5433984
 endloop
endfacet
facet normal 0 -0 1
 outer loop
  vertex -8.34189 0.07388401 3.5433984
  vertex -8.386794 -0.07176161 3.5433984
  vertex -8.332688 -0.07782459 3.5433984
 endloop
endfacet
facet normal 0 0 1
 outer loop
  vertex -8.34189 0.07388401 3.5433984
  vertex -8.332688 -0.07782459 3.5433984
  vertex -8.281412 0.07786846 3.5433984
 endloop
endfacet
facet normal 0 -0 1
 outer loop
  vertex -8.281412 0.07786846 3.5433984
  vertex -8.332688 -0.07782459 3.5433984
  vertex -8.062566 -0.081408024 3.5433984
 endloop
endfacet
facet normal -0 0 1
 outer loop
  vertex -7.795398 0.04791689 3.5433984
  vertex -7.814898 0.052875042 3.5433984
  vertex -7.8553534 -0.06368446 3.5433984
 endloop
endfacet
facet normal 0 0 1
 outer loop
  vertex -7.8553534 -0.06368446 3.5433984
  vertex -7.814898 0.052875042 3.5433984
  vertex -7.836816 0.05734873 3.5433984
 endloop
endfacet
facet normal -0 0 1
 outer loop
  vertex -7.8553534 -0.06368446 3.5433984
  vertex -7.836816 0.05734873 3.5433984
  vertex -7.96994 -0.07631445 3.5433984
 endloop
endfacet
facet normal 0 0 1
 outer loop
  vertex -7.96994 -0.07631445 3.5433984
  vertex -7.836816 0.05734873 3.5433984
  vertex -7.9402213 0.07071543 3.5433984
 endloop
endfacet
facet normal -0 0 1
 outer loop
  vertex -7.96994 -0.07631445 3.5433984
  vertex -7.9402213 0.07071543 3.5433984
  vertex -8.062566 -0.081408024 3.5433984
 endloop
endfacet
facet normal 0 0 1
 outer loop
  vertex -8.062566 -0.081408024 3.5433984
  vertex -7.9402213 0.07071543 3.5433984
  vertex -8.040549 0.07734537 3.5433984
 endloop
endfacet
facet normal 0 0 1
 outer loop
  vertex -8.062566 -0.081408024 3.5433984
  vertex -8.040549 0.07734537 3.5433984
  vertex -8.281412 0.07786846 3.5433984
 endloop
endfacet
facet normal 0 0 1
 outer loop
  vertex -7.7852454 -0.047911644 3.5433984
  vertex -7.7382073 -0.032028675 3.5433984
  vertex -7.7382073 0.02887106 3.5433984
 endloop
endfacet
facet normal 0 -0 1
 outer loop
  vertex -7.7382073 0.02887106 3.5433984
  vertex -7.7382073 -0.032028675 3.5433984
  vertex -7.673272 -0.009710789 3.5433984
 endloop
endfacet
facet normal 0 0 1
 outer loop
  vertex -7.7382073 0.02887106 3.5433984
  vertex -7.673272 -0.009710789 3.5433984
  vertex -7.673272 0.006553173 3.5433984
 endloop
endfacet
facet normal 0 -0 1
 outer loop
  vertex -7.673272 0.006553173 3.5433984
  vertex -7.673272 -0.009710789 3.5433984
  vertex -7.665407 -0.0069117546 3.5433984
 endloop
endfacet
facet normal 0 0 1
 outer loop
  vertex -7.673272 0.006553173 3.5433984
  vertex -7.665407 -0.0069117546 3.5433984
  vertex -7.665407 0.003754139 3.5433984
 endloop
endfacet
facet normal 0 -0 1
 outer loop
  vertex -7.665407 0.003754139 3.5433984
  vertex -7.665407 -0.0069117546 3.5433984
  vertex -7.6584363 -0.004363537 3.5433984
 endloop
endfacet
facet normal 0 0 1
 outer loop
  vertex -7.665407 0.003754139 3.5433984
  vertex -7.6584363 -0.004363537 3.5433984
  vertex -7.6584363 0.0012059212 3.5433984
 endloop
endfacet
facet normal 0 -0 1
 outer loop
  vertex -7.6584363 0.0012059212 3.5433984
  vertex -7.6584363 -0.004363537 3.5433984
  vertex -7.655004 -0.0030508041 3.5433984
 endloop
endfacet
facet normal 0 0 1
 outer loop
  vertex -7.6584363 0.0012059212 3.5433984
  vertex -7.655004 -0.0030508041 3.5433984
  vertex -7.655004 -0.00010681152 3.5433984
 endloop
endfacet
facet normal 0 -0 1
 outer loop
  vertex -7.655004 -0.00010681152 3.5433984
  vertex -7.655004 -0.0030508041 3.5433984
  vertex -7.6540513 -0.002673626 3.5433984
 endloop
endfacet
facet normal 0 0 1
 outer loop
  vertex -7.655004 -0.00010681152 3.5433984
  vertex -7.6540513 -0.002673626 3.5433984
  vertex -7.6540513 -0.00048398972 3.5433984
 endloop
endfacet
facet normal 0 -0 1
 outer loop
  vertex -7.6540513 -0.00048398972 3.5433984
  vertex -7.6540513 -0.002673626 3.5433984
  vertex -7.6524734 -0.0019984245 3.5433984
 endloop
endfacet
facet normal 0 0 1
 outer loop
  vertex -7.6540513 -0.00048398972 3.5433984
  vertex -7.6524734 -0.0019984245 3.5433984
  vertex -7.6524734 -0.0011591911 3.5433984
 endloop
endfacet
facet normal 0 -0 1
 outer loop
  vertex -7.6524734 -0.0011591911 3.5433984
  vertex -7.6524734 -0.0019984245 3.5433984
  vertex -7.6520967 -0.0018267632 3.5433984
 endloop
endfacet
facet normal 0 0 1
 outer loop
  vertex -7.6524734 -0.0011591911 3.5433984
  vertex -7.6520967 -0.0018267632 3.5433984
  vertex -7.6520967 -0.0013308525 3.5433984
 endloop
endfacet
facet normal 0 -0 1
 outer loop
  vertex -7.6520967 -0.0013308525 3.5433984
  vertex -7.6520967 -0.0018267632 3.5433984
  vertex -7.651858 -0.0017004013 3.5433984
 endloop
endfacet
facet normal 0 0 1
 outer loop
  vertex -7.6520967 -0.0013308525 3.5433984
  vertex -7.651858 -0.0017004013 3.5433984
  vertex -7.651858 -0.0014572144 3.5433984
 endloop
endfacet
facet normal 0 -0 1
 outer loop
  vertex -7.651858 -0.0014572144 3.5433984
  vertex -7.651858 -0.0017004013 3.5433984
  vertex -7.651666 -0.0015788078 3.5433984
 endloop
endfacet
facet normal 0.06360244 0.9942351 0.086320914
 outer loop
  vertex -5.049842 0.08767605 1.218371
  vertex -5.2143874 0.09820223 1.218371
  vertex -6.1229987 0.0890398 1.9933802
 endloop
endfacet
facet normal 0.2085037 0.93692464 0.28053242
 outer loop
  vertex -6.954807 0.025201797 2.9621415
  vertex -6.703196 0.027221203 2.7683892
  vertex -6.8108945 0.05118847 2.7683892
 endloop
endfacet
facet normal 0.37830165 0.76834935 0.5162626
 outer loop
  vertex -7.5864773 -0.001106739 3.4949603
  vertex -7.520481 -0.001054287 3.4465222
  vertex -7.5213857 -0.00060892105 3.4465222
 endloop
endfacet
facet normal 0.4096634 0.7209443 0.55894107
 outer loop
  vertex -7.520481 -0.001054287 3.4465222
  vertex -7.5864773 -0.001106739 3.4949603
  vertex -7.520268 -0.0011754036 3.4465222
 endloop
endfacet
facet normal 0.14710075 0.96971387 0.19497791
 outer loop
  vertex -6.3280196 0.055853367 2.3808846
  vertex -5.845145 0.060518265 1.9933802
  vertex -5.9153624 0.07116985 1.9933802
 endloop
endfacet
facet normal 0.54961157 0.3696218 0.74920416
 outer loop
  vertex -6.3324113 -0.00029563904 2.574637
  vertex -6.5964026 -0.00047779083 2.7683892
  vertex -6.596293 -0.00064086914 2.7683892
 endloop
endfacet
facet normal 0.5573089 -0.3366168 0.7590098
 outer loop
  vertex -3.678814 -0.0006117821 0.62682116
  vertex -3.6763177 -0.0003361702 0.6251105
  vertex -4.484451 -0.00060129166 1.218371
 endloop
endfacet
facet normal 0.5573207 -0.33630663 0.75913864
 outer loop
  vertex -3.6746063 -0.00014686584 0.62393796
  vertex -3.6726456 7.009506e-05 0.6225946
  vertex -4.484344 -0.00022554398 1.218371
 endloop
endfacet
facet normal -0.16440737 0.980513 -0.10753867
 outer loop
  vertex -8.386794 0.06860399 3.5433984
  vertex -7.9140186 0.0628767 2.7683892
  vertex -8.544291 0.042195797 3.5433984
 endloop
endfacet
facet normal -0.09386015 0.99433917 -0.04979758
 outer loop
  vertex -8.544291 0.042195797 3.5433984
  vertex -7.9140186 0.0628767 2.7683892
  vertex -7.6412945 0.04980707 1.9933802
 endloop
endfacet
facet normal -0.19132958 0.97571206 -0.10667194
 outer loop
  vertex -8.544291 0.042195797 3.5433984
  vertex -7.6412945 0.04980707 1.9933802
  vertex -8.638322 0.02375698 3.5433984
 endloop
endfacet
facet normal -0.2219801 0.9668057 -0.12653711
 outer loop
  vertex -8.638322 0.02375698 3.5433984
  vertex -7.6412945 0.04980707 1.9933802
  vertex -8.713488 0.0064988136 3.5433984
 endloop
endfacet
facet normal -0.10628581 0.9929919 -0.05167627
 outer loop
  vertex -6.689748 0.07460022 0.51269054
  vertex -6.7548437 0.06804514 0.52061737
  vertex -7.6412945 0.04980707 1.9933802
 endloop
endfacet
facet normal -0.12019319 0.9909313 -0.06007259
 outer loop
  vertex -7.6412945 0.04980707 1.9933802
  vertex -6.7548437 0.06804514 0.52061737
  vertex -6.970012 0.043317318 0.54322696
 endloop
endfacet
facet normal -0.14049841 0.9876416 -0.06945724
 outer loop
  vertex -7.6412945 0.04980707 1.9933802
  vertex -6.970012 0.043317318 0.54322696
  vertex -7.141313 0.019380093 0.5493617
 endloop
endfacet
facet normal -0.2528639 0.9594797 -0.12433235
 outer loop
  vertex -8.744138 -0.0015788078 3.5433984
  vertex -8.713488 0.0064988136 3.5433984
  vertex -7.981999 -0.0015788078 1.9933802
 endloop
endfacet
facet normal -0.14871216 0.98600805 -0.07531902
 outer loop
  vertex -7.981999 -0.0015788078 1.9933802
  vertex -8.713488 0.0064988136 3.5433984
  vertex -7.6412945 0.04980707 1.9933802
 endloop
endfacet
facet normal -0.14874564 0.98623013 -0.07228305
 outer loop
  vertex -7.981999 -0.0015788078 1.9933802
  vertex -7.6412945 0.04980707 1.9933802
  vertex -7.141313 0.019380093 0.5493617
 endloop
endfacet
facet normal -0.15789734 0.9843987 -0.077637605
 outer loop
  vertex -7.981999 -0.0015788078 1.9933802
  vertex -7.141313 0.019380093 0.5493617
  vertex -7.269281 -0.0015788078 0.54387295
 endloop
endfacet
facet normal -0.081321456 0.9960162 -0.03658512
 outer loop
  vertex -6.3844156 0.10067177 0.48284304
  vertex -6.5212507 0.08995056 0.49511945
  vertex -7.2920127 0.08205366 1.9933802
 endloop
endfacet
facet normal -0.05083329 0.9985525 -0.017575227
 outer loop
  vertex -6.96689 0.09860468 1.9933802
  vertex -5.8648047 0.12778902 0.46392596
  vertex -7.2920127 0.08205366 1.9933802
 endloop
endfacet
facet normal -0.040695198 0.9991388 -0.008097354
 outer loop
  vertex -7.2920127 0.08205366 1.9933802
  vertex -5.8648047 0.12778902 0.46392596
  vertex -6.0935316 0.11847305 0.46394324
 endloop
endfacet
facet normal -0.062705986 0.9977093 -0.025379257
 outer loop
  vertex -7.2920127 0.08205366 1.9933802
  vertex -6.0935316 0.11847305 0.46394324
  vertex -6.3844156 0.10067177 0.48284304
 endloop
endfacet
facet normal 0.016839843 0.99926317 0.03448997
 outer loop
  vertex -5.1075864 0.1282239 0.54275024
  vertex -5.2309 0.13081026 0.5280248
  vertex -5.8668914 0.11770058 1.218371
 endloop
endfacet
facet normal 0.007193657 0.9996461 0.025610555
 outer loop
  vertex -5.8668914 0.11770058 1.218371
  vertex -5.2309 0.13081026 0.5280248
  vertex -5.4929385 0.13356018 0.49429142
 endloop
endfacet
facet normal -0.019710211 0.99979234 0.005179997
 outer loop
  vertex -6.6717315 0.10442352 1.9933802
  vertex -5.6282883 0.13283587 0.4798752
  vertex -6.96689 0.09860468 1.9933802
 endloop
endfacet
facet normal -0.0170222 0.99982655 0.007558155
 outer loop
  vertex -6.96689 0.09860468 1.9933802
  vertex -5.6282883 0.13283587 0.4798752
  vertex -5.7498236 0.13084221 0.4698876
 endloop
endfacet
facet normal -0.026541833 0.9996477 -5.0542134e-05
 outer loop
  vertex -6.96689 0.09860468 1.9933802
  vertex -5.7498236 0.13084221 0.4698876
  vertex -5.8648047 0.12778902 0.46392596
 endloop
endfacet
facet normal 0.020792453 0.9986471 0.0476624
 outer loop
  vertex -4.978414 0.124945164 0.5550972
  vertex -5.1075864 0.1282239 0.54275024
  vertex -5.2143874 0.09820223 1.218371
 endloop
endfacet
facet normal 0.026244547 0.9984246 0.049593113
 outer loop
  vertex -4.978414 0.124945164 0.5550972
  vertex -5.2143874 0.09820223 1.218371
  vertex -4.835239 0.120563984 0.56753266
 endloop
endfacet
facet normal 0.03811794 0.99767554 0.056484275
 outer loop
  vertex -4.835239 0.120563984 0.56753266
  vertex -5.2143874 0.09820223 1.218371
  vertex -4.4857144 0.105554104 0.59677684
 endloop
endfacet
facet normal 0.063602455 0.9942353 0.08631819
 outer loop
  vertex -4.4857144 0.105554104 0.59677684
  vertex -5.2143874 0.09820223 1.218371
  vertex -5.049842 0.08767605 1.218371
 endloop
endfacet
facet normal 0.053466532 0.9955842 0.07715814
 outer loop
  vertex -4.4857144 0.105554104 0.59677684
  vertex -5.049842 0.08767605 1.218371
  vertex -4.3756104 0.09892988 0.60595393
 endloop
endfacet
facet normal 0.103120245 0.98591864 0.13164604
 outer loop
  vertex -4.3756104 0.09892988 0.60595393
  vertex -5.049842 0.08767605 1.218371
  vertex -4.8793955 0.06984854 1.218371
 endloop
endfacet
facet normal 0.07215567 0.99169666 0.10644841
 outer loop
  vertex -4.3756104 0.09892988 0.60595393
  vertex -4.8793955 0.06984854 1.218371
  vertex -4.2091594 0.08540583 0.6191188
 endloop
endfacet
facet normal 0.1787003 0.9527815 0.2455068
 outer loop
  vertex -4.533047 0.017141819 1.218371
  vertex -3.8338566 0.030671597 0.6569345
  vertex -4.586404 0.0271492 1.218371
 endloop
endfacet
facet normal 0.15442836 0.96476036 0.21304795
 outer loop
  vertex -4.586404 0.0271492 1.218371
  vertex -3.8338566 0.030671597 0.6569345
  vertex -3.848806 0.033295155 0.6558901
 endloop
endfacet
facet normal 0.15091693 0.9663169 0.20846033
 outer loop
  vertex -4.586404 0.0271492 1.218371
  vertex -3.848806 0.033295155 0.6558901
  vertex -4.6903095 0.043376923 1.218371
 endloop
endfacet
facet normal 0.12892741 0.97602075 0.17538883
 outer loop
  vertex -4.6903095 0.043376923 1.218371
  vertex -3.848806 0.033295155 0.6558901
  vertex -4.117772 0.07395506 0.6273376
 endloop
endfacet
facet normal 0.13631903 0.9737229 0.18243022
 outer loop
  vertex -4.6903095 0.043376923 1.218371
  vertex -4.117772 0.07395506 0.6273376
  vertex -4.8793955 0.06984854 1.218371
 endloop
endfacet
facet normal 0.117072634 0.9805265 0.15767603
 outer loop
  vertex -4.8793955 0.06984854 1.218371
  vertex -4.117772 0.07395506 0.6273376
  vertex -4.159485 0.07979822 0.62197244
 endloop
endfacet
facet normal 0.103064075 0.98465383 0.14083518
 outer loop
  vertex -4.8793955 0.06984854 1.218371
  vertex -4.159485 0.07979822 0.62197244
  vertex -4.2091594 0.08540583 0.6191188
 endloop
endfacet
facet normal 0.24563521 0.9090049 0.33670962
 outer loop
  vertex -4.506405 0.010802269 1.218371
  vertex -3.7390666 0.0121769905 0.65487385
  vertex -3.7494564 0.014297485 0.65672874
 endloop
endfacet
facet normal 0.22036412 0.92723966 0.30276424
 outer loop
  vertex -3.7494564 0.014297485 0.65672874
  vertex -3.7657661 0.017652512 0.6583246
  vertex -4.506405 0.010802269 1.218371
 endloop
endfacet
facet normal 0.2019496 0.93894804 0.27855498
 outer loop
  vertex -4.506405 0.010802269 1.218371
  vertex -3.7657661 0.017652512 0.6583246
  vertex -3.7756395 0.019656658 0.65872717
 endloop
endfacet
facet normal 0.22062318 0.927182 0.30275214
 outer loop
  vertex -4.506405 0.010802269 1.218371
  vertex -3.7756395 0.019656658 0.65872717
  vertex -4.533047 0.017141819 1.218371
 endloop
endfacet
facet normal 0.19488509 0.94350404 0.26799226
 outer loop
  vertex -4.533047 0.017141819 1.218371
  vertex -3.7756395 0.019656658 0.65872717
  vertex -3.7781134 0.020153046 0.65877855
 endloop
endfacet
facet normal 0.17249879 0.9558598 0.2378579
 outer loop
  vertex -4.533047 0.017141819 1.218371
  vertex -3.7781134 0.020153046 0.65877855
  vertex -3.8338566 0.030671597 0.6569345
 endloop
endfacet
facet normal 0.28212768 0.8782037 0.3862153
 outer loop
  vertex -4.493337 0.0066041946 1.218371
  vertex -3.7190323 0.008368492 0.6487347
  vertex -4.506405 0.010802269 1.218371
 endloop
endfacet
facet normal 0.3081278 0.85249686 0.42226344
 outer loop
  vertex -4.506405 0.010802269 1.218371
  vertex -3.7190323 0.008368492 0.6487347
  vertex -3.7268047 0.009781837 0.6515529
 endloop
endfacet
facet normal 0.27474982 0.8848236 0.37629724
 outer loop
  vertex -4.506405 0.010802269 1.218371
  vertex -3.7268047 0.009781837 0.6515529
  vertex -3.7390666 0.0121769905 0.65487385
 endloop
endfacet
facet normal 0.34457076 0.8121238 0.47087786
 outer loop
  vertex -3.7080588 0.00654459 0.6438366
  vertex -4.493337 0.0066041946 1.218371
  vertex -4.4901757 0.0052628517 1.218371
 endloop
endfacet
facet normal 0.35036355 0.80498415 0.47879624
 outer loop
  vertex -3.7080588 0.00654459 0.6438366
  vertex -3.7169561 0.008010864 0.6478821
  vertex -4.493337 0.0066041946 1.218371
 endloop
endfacet
facet normal 0.32889307 0.83045375 0.44963977
 outer loop
  vertex -4.493337 0.0066041946 1.218371
  vertex -3.7169561 0.008010864 0.6478821
  vertex -3.7180095 0.008190632 0.64832056
 endloop
endfacet
facet normal 0.32513487 0.8346685 0.44453993
 outer loop
  vertex -4.493337 0.0066041946 1.218371
  vertex -3.7180095 0.008190632 0.64832056
  vertex -3.7190323 0.008368492 0.6487347
 endloop
endfacet
facet normal 0.3978036 0.7393631 0.543226
 outer loop
  vertex -4.4871545 0.0036373138 1.218371
  vertex -3.7001204 0.005394459 0.63963556
  vertex -4.4901757 0.0052628517 1.218371
 endloop
endfacet
facet normal 0.39749646 0.73983604 0.5428068
 outer loop
  vertex -4.4901757 0.0052628517 1.218371
  vertex -3.7001204 0.005394459 0.63963556
  vertex -3.7058105 0.0062122345 0.6426878
 endloop
endfacet
facet normal 0.3768541 0.7700861 0.5147315
 outer loop
  vertex -4.4901757 0.0052628517 1.218371
  vertex -3.7058105 0.0062122345 0.6426878
  vertex -3.7080588 0.00654459 0.6438366
 endloop
endfacet
facet normal 0.4585177 0.63115245 0.625626
 outer loop
  vertex -3.6913118 0.0041823387 0.6345527
  vertex -3.6930962 0.0044112206 0.63562953
  vertex -4.4871545 0.0036373138 1.218371
 endloop
endfacet
facet normal 0.44900727 0.65038496 0.61269236
 outer loop
  vertex -4.4871545 0.0036373138 1.218371
  vertex -3.6930962 0.0044112206 0.63562953
  vertex -3.694097 0.004539013 0.63622737
 endloop
endfacet
facet normal 0.42895412 0.6879446 0.58543205
 outer loop
  vertex -4.4871545 0.0036373138 1.218371
  vertex -3.694097 0.004539013 0.63622737
  vertex -3.7001204 0.005394459 0.63963556
 endloop
endfacet
facet normal 0.47694492 0.59084916 0.6507079
 outer loop
  vertex -3.6913118 0.0041823387 0.6345527
  vertex -4.4871545 0.0036373138 1.218371
  vertex -3.686967 0.0035886765 0.6319071
 endloop
endfacet
facet normal 0.4605186 0.62703377 0.62829226
 outer loop
  vertex -3.686967 0.0035886765 0.6319071
  vertex -4.4871545 0.0036373138 1.218371
  vertex -4.4857755 0.0026245117 1.218371
 endloop
endfacet
facet normal 0.49325126 0.55145943 0.67275244
 outer loop
  vertex -3.686967 0.0035886765 0.6319071
  vertex -4.4857755 0.0026245117 1.218371
  vertex -3.6860409 0.0034651756 0.6313294
 endloop
endfacet
facet normal 0.5052834 0.519454 0.6890982
 outer loop
  vertex -3.6860409 0.0034651756 0.6313294
  vertex -4.4857755 0.0026245117 1.218371
  vertex -4.4851637 0.002029419 1.218371
 endloop
endfacet
facet normal 0.5102236 0.50551915 0.69578904
 outer loop
  vertex -3.6860409 0.0034651756 0.6313294
  vertex -4.4851637 0.002029419 1.218371
  vertex -3.6817346 0.0028948784 0.62858593
 endloop
endfacet
facet normal 0.52729064 0.45283422 0.71896154
 outer loop
  vertex -3.6817346 0.0028948784 0.62858593
  vertex -4.4851637 0.002029419 1.218371
  vertex -3.6809826 0.0027899742 0.6281005
 endloop
endfacet
facet normal 0.53220224 0.4361424 0.7256312
 outer loop
  vertex -3.6809826 0.0027899742 0.6281005
  vertex -4.4851637 0.002029419 1.218371
  vertex -4.484895 0.0017018318 1.218371
 endloop
endfacet
facet normal 0.53778195 0.41619426 0.7331937
 outer loop
  vertex -3.6809826 0.0027899742 0.6281005
  vertex -4.484895 0.0017018318 1.218371
  vertex -3.6784973 0.002418995 0.6264882
 endloop
endfacet
facet normal 0.54963636 0.36941543 0.7492877
 outer loop
  vertex -3.6784973 0.002418995 0.6264882
  vertex -4.484895 0.0017018318 1.218371
  vertex -4.4846597 0.0013513565 1.218371
 endloop
endfacet
facet normal 0.5495198 0.369909 0.74912983
 outer loop
  vertex -3.6784973 0.002418995 0.6264882
  vertex -4.4846597 0.0013513565 1.218371
  vertex -3.677538 0.0022587776 0.62586355
 endloop
endfacet
facet normal 0.5670396 0.28479427 0.7728896
 outer loop
  vertex -4.484471 0.0009770393 1.218371
  vertex -3.6748028 0.0017590523 0.6240603
  vertex -3.6760492 0.0019936562 0.6248883
 endloop
endfacet
facet normal 0.5904606 0.063422136 0.8045707
 outer loop
  vertex -3.6717334 0.0008788109 0.62198246
  vertex -3.6719356 0.0010023117 0.6221211
  vertex -4.4843497 0.0005812645 1.218371
 endloop
endfacet
facet normal 0.5886207 0.10088005 0.8020903
 outer loop
  vertex -4.4843497 0.0005812645 1.218371
  vertex -3.6719356 0.0010023117 0.6221211
  vertex -3.6724029 0.0011916161 0.6224402
 endloop
endfacet
facet normal 0.58279485 0.1719193 0.7942254
 outer loop
  vertex -4.4843497 0.0005812645 1.218371
  vertex -3.6724029 0.0011916161 0.6224402
  vertex -3.6738214 0.0015573502 0.623402
 endloop
endfacet
facet normal 0.5914525 -0.026711013 0.80589736
 outer loop
  vertex -3.671544 0.0005373955 0.62184703
  vertex -3.6715403 0.00056791306 0.62184525
  vertex -4.4843497 0.0005812645 1.218371
 endloop
endfacet
facet normal 0.5915713 -0.017676732 0.80605894
 outer loop
  vertex -4.4843497 0.0005812645 1.218371
  vertex -3.6715403 0.00056791306 0.62184525
  vertex -3.6715403 0.0005950928 0.62184584
 endloop
endfacet
facet normal 0.59155345 -0.019306362 0.8060346
 outer loop
  vertex -3.6715403 0.0005950928 0.62184584
  vertex -3.671544 0.0006275177 0.6218494
  vertex -4.4843497 0.0005812645 1.218371
 endloop
endfacet
facet normal 0.59163815 -0.009226458 0.80615085
 outer loop
  vertex -4.4843497 0.0005812645 1.218371
  vertex -3.671544 0.0006275177 0.6218494
  vertex -3.6715527 0.00066041946 0.6218561
 endloop
endfacet
facet normal 0.5916536 0.005458022 0.80617386
 outer loop
  vertex -4.4843497 0.0005812645 1.218371
  vertex -3.6715527 0.00066041946 0.6218561
  vertex -3.6715674 0.0006957054 0.6218667
 endloop
endfacet
facet normal 0.5916481 0.006918666 0.80616665
 outer loop
  vertex -3.6715674 0.0006957054 0.6218667
  vertex -3.6715946 0.0007419586 0.62188625
  vertex -4.4843497 0.0005812645 1.218371
 endloop
endfacet
facet normal 0.5914522 0.026487034 0.8059049
 outer loop
  vertex -4.4843497 0.0005812645 1.218371
  vertex -3.6715946 0.0007419586 0.62188625
  vertex -3.6716442 0.0008010864 0.6219207
 endloop
endfacet
facet normal 0.59122485 0.038244836 0.80559945
 outer loop
  vertex -4.4843497 0.0005812645 1.218371
  vertex -3.6716442 0.0008010864 0.6219207
  vertex -3.6717334 0.0008788109 0.62198246
 endloop
endfacet
facet normal 0.5896509 -0.09423994 0.80214125
 outer loop
  vertex -3.6719227 0.00023126602 0.6220993
  vertex -3.671749 0.00031375885 0.6219814
  vertex -3.6720815 0.00029706955 0.62222373
 endloop
endfacet
facet normal 0.5899434 -0.078268476 0.8036423
 outer loop
  vertex -3.6720815 0.00029706955 0.62222373
  vertex -3.671749 0.00031375885 0.6219814
  vertex -3.67165 0.00037956238 0.621915
 endloop
endfacet
facet normal 0.58899885 -0.06689662 0.8053604
 outer loop
  vertex -3.67165 0.00037956238 0.621915
  vertex -3.671609 0.00041627884 0.62188804
  vertex -3.6720815 0.00029706955 0.62222373
 endloop
endfacet
facet normal 0.5848569 -0.03653014 0.81031346
 outer loop
  vertex -3.6720815 0.00029706955 0.62222373
  vertex -3.671609 0.00041627884 0.62188804
  vertex -3.6715832 0.0004477501 0.6218709
 endloop
endfacet
facet normal 0.5866225 -0.046567064 0.8085207
 outer loop
  vertex -3.6720815 0.00029706955 0.62222373
  vertex -3.6715832 0.0004477501 0.6218709
  vertex -3.671565 0.000477314 0.62185943
 endloop
endfacet
facet normal 0.5855191 -0.04120205 0.80961096
 outer loop
  vertex -3.671565 0.000477314 0.62185943
  vertex -3.6715527 0.0005059242 0.6218519
  vertex -3.6720815 0.00029706955 0.62222373
 endloop
endfacet
facet normal 0.583581 -0.033148974 0.81137806
 outer loop
  vertex -3.6720815 0.00029706955 0.62222373
  vertex -3.6715527 0.0005059242 0.6218519
  vertex -3.671544 0.0005373955 0.62184703
 endloop
endfacet
facet normal 0.59065735 -0.05938657 0.8047342
 outer loop
  vertex -3.6720815 0.00029706955 0.62222373
  vertex -3.671544 0.0005373955 0.62184703
  vertex -4.484308 0.00017356873 1.218371
 endloop
endfacet
facet normal 0.55718565 -0.337298 0.7587979
 outer loop
  vertex -3.6800356 -0.000746727 0.62765825
  vertex -4.4846163 -0.00095176697 1.218371
  vertex -3.6837883 -0.0011615753 0.6302295
 endloop
endfacet
facet normal 0.55302984 -0.35627103 0.7531461
 outer loop
  vertex -3.6837883 -0.0011615753 0.6302295
  vertex -4.4846163 -0.00095176697 1.218371
  vertex -4.484826 -0.0012774467 1.218371
 endloop
endfacet
facet normal 0.5576622 -0.3350133 0.7594596
 outer loop
  vertex -3.6837883 -0.0011615753 0.6302295
  vertex -4.484826 -0.0012774467 1.218371
  vertex -3.6844234 -0.0012316704 0.63066494
 endloop
endfacet
facet normal 0.5572882 -0.3367856 0.75895005
 outer loop
  vertex -3.6844234 -0.0012316704 0.63066494
  vertex -4.484826 -0.0012774467 1.218371
  vertex -3.687563 -0.0015788078 0.6328162
 endloop
endfacet
facet normal 0.55972797 -0.32489997 0.7623284
 outer loop
  vertex -5.804483 -0.0015788078 2.1871324
  vertex -5.5406017 -0.0015788078 1.9933816
  vertex -5.540471 -0.0013570786 1.9933802
 endloop
endfacet
facet normal 0.58576465 -0.14186402 0.79796886
 outer loop
  vertex -5.5402865 -0.00086832047 1.9933802
  vertex -6.068204 -0.001001358 2.3808846
  vertex -5.8043003 -0.001162529 2.1871324
 endloop
endfacet
facet normal 0.58898985 -0.09678237 0.80232424
 outer loop
  vertex -5.8043003 -0.001162529 2.1871324
  vertex -6.068204 -0.001001358 2.3808846
  vertex -6.0682373 -0.0012044907 2.3808846
 endloop
endfacet
facet normal 0.5771975 -0.2206358 0.7862334
 outer loop
  vertex -5.8043003 -0.001162529 2.1871324
  vertex -6.0682373 -0.0012044907 2.3808846
  vertex -5.8043823 -0.0013771057 2.1871324
 endloop
endfacet
facet normal 0.5831139 -0.17073807 0.794246
 outer loop
  vertex -5.8043823 -0.0013771057 2.1871324
  vertex -6.0682373 -0.0012044907 2.3808846
  vertex -6.0682936 -0.001396656 2.3808846
 endloop
endfacet
facet normal 0.5566863 0.33802393 0.75884134
 outer loop
  vertex -5.5404367 0.00024986267 1.9933802
  vertex -5.5405974 0.0005145073 1.9933802
  vertex -6.0685663 9.6321106e-05 2.3808846
 endloop
endfacet
facet normal 0.53801817 0.4153665 0.73348975
 outer loop
  vertex -6.0685663 9.6321106e-05 2.3808846
  vertex -5.5405974 0.0005145073 1.9933802
  vertex -5.5407896 0.0007634163 1.9933802
 endloop
endfacet
facet normal 0.56763643 -0.283032 0.7730988
 outer loop
  vertex -5.804485 -0.0015788078 2.1871338
  vertex -5.8043823 -0.0013771057 2.1871324
  vertex -6.068368 -0.0015788078 2.380886
 endloop
endfacet
facet normal 0.5760636 -0.2291192 0.78463686
 outer loop
  vertex -6.068368 -0.0015788078 2.380886
  vertex -5.8043823 -0.0013771057 2.1871324
  vertex -6.0682936 -0.001396656 2.3808846
 endloop
endfacet
facet normal 0.5760941 -0.22910163 0.78461975
 outer loop
  vertex -6.068368 -0.0015788078 2.380886
  vertex -6.0682936 -0.001396656 2.3808846
  vertex -6.332251 -0.0015788078 2.574638
 endloop
endfacet
facet normal 0.5840245 -0.1619398 0.79541874
 outer loop
  vertex -6.596134 -0.0015788078 2.7683902
  vertex -6.332251 -0.0015788078 2.574638
  vertex -6.332205 -0.0014166832 2.574637
 endloop
endfacet
facet normal 0.5388768 0.4122478 0.73461795
 outer loop
  vertex -6.5964026 -0.00047779083 2.7683892
  vertex -6.3324113 -0.00029563904 2.574637
  vertex -6.332551 -0.00011301041 2.574637
 endloop
endfacet
facet normal 0.5388613 0.41223592 0.73463607
 outer loop
  vertex -6.332551 -0.00011301041 2.574637
  vertex -6.3324113 -0.00029563904 2.574637
  vertex -6.0685663 9.6321106e-05 2.3808846
 endloop
endfacet
facet normal 0.51859987 0.48068488 0.70710415
 outer loop
  vertex -6.332551 -0.00011301041 2.574637
  vertex -6.0685663 9.6321106e-05 2.3808846
  vertex -6.068923 0.0004811287 2.3808846
 endloop
endfacet
facet normal 0.51858133 0.4806677 0.7071294
 outer loop
  vertex -6.068923 0.0004811287 2.3808846
  vertex -6.0685663 9.6321106e-05 2.3808846
  vertex -5.5407896 0.0007634163 1.9933802
 endloop
endfacet
facet normal 0.52020884 0.4756195 0.7093439
 outer loop
  vertex -6.068923 0.0004811287 2.3808846
  vertex -5.5407896 0.0007634163 1.9933802
  vertex -5.541003 0.0009970665 1.9933802
 endloop
endfacet
facet normal 0.16361266 0.96270657 0.21546924
 outer loop
  vertex -5.845145 0.060518265 1.9933802
  vertex -6.3280196 0.055853367 2.3808846
  vertex -5.6967525 0.035298824 1.9933802
 endloop
endfacet
facet normal 0.18276297 0.95155734 0.24725759
 outer loop
  vertex -5.6967525 0.035298824 1.9933802
  vertex -6.3280196 0.055853367 2.3808846
  vertex -6.199974 0.031260014 2.3808846
 endloop
endfacet
facet normal 0.17223284 0.95694757 0.23363912
 outer loop
  vertex -5.6967525 0.035298824 1.9933802
  vertex -6.199974 0.031260014 2.3808846
  vertex -5.6174994 0.021034718 1.9933802
 endloop
endfacet
facet normal 0.18808764 0.9477375 0.25771418
 outer loop
  vertex -5.6174994 0.021034718 1.9933802
  vertex -6.199974 0.031260014 2.3808846
  vertex -6.133047 0.017977715 2.3808846
 endloop
endfacet
facet normal 0.19546895 0.9435225 0.26750124
 outer loop
  vertex -5.6174994 0.021034718 1.9933802
  vertex -6.133047 0.017977715 2.3808846
  vertex -5.577167 0.0126791 1.9933802
 endloop
endfacet
facet normal 0.20824578 0.9353454 0.2859416
 outer loop
  vertex -5.577167 0.0126791 1.9933802
  vertex -6.133047 0.017977715 2.3808846
  vertex -6.099227 0.010447979 2.3808846
 endloop
endfacet
facet normal 0.23228297 0.9191154 0.3182319
 outer loop
  vertex -5.577167 0.0126791 1.9933802
  vertex -6.099227 0.010447979 2.3808846
  vertex -5.557082 0.0076031685 1.9933802
 endloop
endfacet
facet normal 0.2412521 0.9123316 0.33083013
 outer loop
  vertex -5.557082 0.0076031685 1.9933802
  vertex -6.099227 0.010447979 2.3808846
  vertex -6.082421 0.0060038567 2.3808846
 endloop
endfacet
facet normal 0.28688604 0.87384844 0.39253712
 outer loop
  vertex -5.557082 0.0076031685 1.9933802
  vertex -6.082421 0.0060038567 2.3808846
  vertex -5.547226 0.0043673515 1.9933802
 endloop
endfacet
facet normal 0.29062456 0.8702641 0.39771566
 outer loop
  vertex -5.547226 0.0043673515 1.9933802
  vertex -6.082421 0.0060038567 2.3808846
  vertex -6.0741706 0.0032486916 2.3808846
 endloop
endfacet
facet normal 0.3427626 0.81428814 0.46845344
 outer loop
  vertex -5.547226 0.0043673515 1.9933802
  vertex -6.0741706 0.0032486916 2.3808846
  vertex -5.5448346 0.0033607483 1.9933802
 endloop
endfacet
facet normal 0.34117916 0.8161921 0.46629107
 outer loop
  vertex -5.5448346 0.0033607483 1.9933802
  vertex -6.0741706 0.0032486916 2.3808846
  vertex -6.072164 0.002409935 2.3808846
 endloop
endfacet
facet normal 0.39155078 0.7488742 0.53467333
 outer loop
  vertex -5.5448346 0.0033607483 1.9933802
  vertex -6.072164 0.002409935 2.3808846
  vertex -5.542539 0.0021605492 1.9933802
 endloop
endfacet
facet normal 0.38665256 0.75613713 0.52797395
 outer loop
  vertex -5.542539 0.0021605492 1.9933802
  vertex -6.072164 0.002409935 2.3808846
  vertex -6.070232 0.0014219284 2.3808846
 endloop
endfacet
facet normal 0.4504146 0.64760935 0.6145965
 outer loop
  vertex -5.542539 0.0021605492 1.9933802
  vertex -6.070232 0.0014219284 2.3808846
  vertex -5.5414805 0.0014243126 1.9933802
 endloop
endfacet
facet normal 0.44172245 0.66452265 0.6027361
 outer loop
  vertex -5.5414805 0.0014243126 1.9933802
  vertex -6.070232 0.0014219284 2.3808846
  vertex -6.069333 0.00082445145 2.3808846
 endloop
endfacet
facet normal 0.49336812 0.5511606 0.6729116
 outer loop
  vertex -5.5414805 0.0014243126 1.9933802
  vertex -6.069333 0.00082445145 2.3808846
  vertex -5.541003 0.0009970665 1.9933802
 endloop
endfacet
facet normal 0.5876924 0.11579696 0.8007551
 outer loop
  vertex -6.5961533 -0.000975132 2.7683892
  vertex -6.728142 -0.001021862 2.8652654
  vertex -6.596122 -0.0011348724 2.7683892
 endloop
endfacet
facet normal 0.58391505 0.16167028 0.7955539
 outer loop
  vertex -6.596122 -0.0011348724 2.7683892
  vertex -6.728142 -0.001021862 2.8652654
  vertex -6.7281013 -0.001168251 2.8652654
 endloop
endfacet
facet normal 0.5911942 0.042104304 0.80542946
 outer loop
  vertex -6.596122 -0.0011348724 2.7683892
  vertex -6.7281013 -0.001168251 2.8652654
  vertex -6.596111 -0.0012888908 2.7683892
 endloop
endfacet
facet normal 0.5892786 0.09126873 0.8027582
 outer loop
  vertex -6.596111 -0.0012888908 2.7683892
  vertex -6.7281013 -0.001168251 2.8652654
  vertex -6.7280793 -0.0013098717 2.8652654
 endloop
endfacet
facet normal 0.5916294 -0.021008443 0.8059363
 outer loop
  vertex -6.596111 -0.0012888908 2.7683892
  vertex -6.7280793 -0.0013098717 2.8652654
  vertex -6.596116 -0.0014367104 2.7683892
 endloop
endfacet
facet normal 0.5902841 -0.0698464 0.80416787
 outer loop
  vertex -6.596116 -0.0014367104 2.7683892
  vertex -6.7280793 -0.0013098717 2.8652654
  vertex -6.596134 -0.0015788078 2.7683902
 endloop
endfacet
facet normal 0.59179956 0.011252499 0.8060066
 outer loop
  vertex -6.860017 -0.0015788078 2.9621425
  vertex -6.7280755 -0.0015788078 2.8652663
  vertex -6.7280793 -0.0013098717 2.8652654
 endloop
endfacet
facet normal 0.59179956 0.011252499 0.8060066
 outer loop
  vertex -6.7280793 -0.0013098717 2.8652654
  vertex -6.7280755 -0.0015788078 2.8652663
  vertex -6.596134 -0.0015788078 2.7683902
 endloop
endfacet
facet normal 0.5496337 0.36963665 0.7491806
 outer loop
  vertex -6.596293 -0.00064086914 2.7683892
  vertex -6.5964026 -0.00047779083 2.7683892
  vertex -6.728289 -0.0007171631 2.8652654
 endloop
endfacet
facet normal 0.54223603 0.39948478 0.7391833
 outer loop
  vertex -6.728289 -0.0007171631 2.8652654
  vertex -6.5964026 -0.00047779083 2.7683892
  vertex -6.8603945 -0.0006594658 2.9621415
 endloop
endfacet
facet normal 0.53326094 0.43268147 0.7269247
 outer loop
  vertex -6.728289 -0.0007171631 2.8652654
  vertex -6.8603945 -0.0006594658 2.9621415
  vertex -6.8602858 -0.00079345703 2.9621415
 endloop
endfacet
facet normal 0.54694116 0.38075042 0.7455766
 outer loop
  vertex -5.5404367 0.00024986267 1.9933802
  vertex -6.0685663 9.6321106e-05 2.3808846
  vertex -6.06842 -0.00011396408 2.3808846
 endloop
endfacet
facet normal 0.54694176 0.38075083 0.745576
 outer loop
  vertex -6.06842 -0.00011396408 2.3808846
  vertex -6.0685663 9.6321106e-05 2.3808846
  vertex -6.3324113 -0.00029563904 2.574637
 endloop
endfacet
facet normal 0.55944604 0.32483965 0.762561
 outer loop
  vertex -6.06842 -0.00011396408 2.3808846
  vertex -6.3324113 -0.00029563904 2.574637
  vertex -6.3322997 -0.0004878044 2.574637
 endloop
endfacet
facet normal 0.5594642 0.3248502 0.76254326
 outer loop
  vertex -6.3322997 -0.0004878044 2.574637
  vertex -6.3324113 -0.00029563904 2.574637
  vertex -6.596293 -0.00064086914 2.7683892
 endloop
endfacet
facet normal 0.56778765 0.28066775 0.7738493
 outer loop
  vertex -6.3322997 -0.0004878044 2.574637
  vertex -6.596293 -0.00064086914 2.7683892
  vertex -6.59621 -0.0008087158 2.7683892
 endloop
endfacet
facet normal 0.5677892 0.28066853 0.7738479
 outer loop
  vertex -6.59621 -0.0008087158 2.7683892
  vertex -6.596293 -0.00064086914 2.7683892
  vertex -6.728289 -0.0007171631 2.8652654
 endloop
endfacet
facet normal 0.56180435 0.31328028 0.7656575
 outer loop
  vertex -6.59621 -0.0008087158 2.7683892
  vertex -6.728289 -0.0007171631 2.8652654
  vertex -6.728204 -0.0008702278 2.8652654
 endloop
endfacet
facet normal 0.56177664 0.31326485 0.7656841
 outer loop
  vertex -6.728204 -0.0008702278 2.8652654
  vertex -6.728289 -0.0007171631 2.8652654
  vertex -6.8602858 -0.00079345703 2.9621415
 endloop
endfacet
facet normal 0.5532312 0.3541445 0.75400066
 outer loop
  vertex -6.728204 -0.0008702278 2.8652654
  vertex -6.8602858 -0.00079345703 2.9621415
  vertex -6.8601975 -0.00093126297 2.9621415
 endloop
endfacet
facet normal 0.58388084 0.16165891 0.7955813
 outer loop
  vertex -6.728142 -0.001021862 2.8652654
  vertex -6.86013 -0.0010685921 2.9621415
  vertex -6.7281013 -0.001168251 2.8652654
 endloop
endfacet
facet normal 0.57805955 0.2134055 0.7875945
 outer loop
  vertex -6.7281013 -0.001168251 2.8652654
  vertex -6.86013 -0.0010685921 2.9621415
  vertex -6.8600807 -0.0012016296 2.9621415
 endloop
endfacet
facet normal 0.5892429 0.091238126 0.80278796
 outer loop
  vertex -6.7281013 -0.001168251 2.8652654
  vertex -6.8600807 -0.0012016296 2.9621415
  vertex -6.7280793 -0.0013098717 2.8652654
 endloop
endfacet
facet normal 0.58494985 0.15109405 0.7968716
 outer loop
  vertex -6.7280793 -0.0013098717 2.8652654
  vertex -6.8600807 -0.0012016296 2.9621415
  vertex -6.8600473 -0.0013308525 2.9621415
 endloop
endfacet
facet normal 0.59005284 0.07571345 0.80380666
 outer loop
  vertex -6.7280793 -0.0013098717 2.8652654
  vertex -6.8600473 -0.0013308525 2.9621415
  vertex -6.860017 -0.0015788078 2.9621425
 endloop
endfacet
facet normal 0.48297048 0.5768814 0.6587467
 outer loop
  vertex -5.541003 0.0009970665 1.9933802
  vertex -6.069333 0.00082445145 2.3808846
  vertex -6.068923 0.0004811287 2.3808846
 endloop
endfacet
facet normal 0.48297057 0.5768815 0.65874666
 outer loop
  vertex -6.068923 0.0004811287 2.3808846
  vertex -6.069333 0.00082445145 2.3808846
  vertex -6.332883 0.00022315979 2.574637
 endloop
endfacet
facet normal 0.510694 0.50417453 0.6964191
 outer loop
  vertex -6.068923 0.0004811287 2.3808846
  vertex -6.332883 0.00022315979 2.574637
  vertex -6.332551 -0.00011301041 2.574637
 endloop
endfacet
facet normal 0.51071584 0.50419605 0.69638765
 outer loop
  vertex -6.332551 -0.00011301041 2.574637
  vertex -6.332883 0.00022315979 2.574637
  vertex -6.5965357 -0.00032234192 2.7683892
 endloop
endfacet
facet normal 0.5276821 0.4516053 0.7194472
 outer loop
  vertex -6.332551 -0.00011301041 2.574637
  vertex -6.5965357 -0.00032234192 2.7683892
  vertex -6.5964026 -0.00047779083 2.7683892
 endloop
endfacet
facet normal 0.5276826 0.45160568 0.71944654
 outer loop
  vertex -6.5964026 -0.00047779083 2.7683892
  vertex -6.5965357 -0.00032234192 2.7683892
  vertex -6.86052 -0.00053167343 2.9621415
 endloop
endfacet
facet normal 0.51150995 0.5019669 0.6974144
 outer loop
  vertex -6.5964026 -0.00047779083 2.7683892
  vertex -6.86052 -0.00053167343 2.9621415
  vertex -6.8603945 -0.0006594658 2.9621415
 endloop
endfacet
facet normal 0.52157 0.47149932 0.7110929
 outer loop
  vertex -6.9922824 -0.000869751 3.0590177
  vertex -6.99239 -0.0007505417 3.0590177
  vertex -7.124386 -0.0008416176 3.1558938
 endloop
endfacet
facet normal 0.46007988 0.6281191 0.6275292
 outer loop
  vertex -7.124763 -0.00055122375 3.1558938
  vertex -7.1245046 -0.0007405281 3.1558938
  vertex -6.992512 -0.00063610077 3.0590177
 endloop
endfacet
facet normal 0.4732731 0.5993815 0.6455652
 outer loop
  vertex -7.124763 -0.00055122375 3.1558938
  vertex -6.992512 -0.00063610077 3.0590177
  vertex -6.860803 -0.00029325485 2.9621415
 endloop
endfacet
facet normal 0.40435752 0.7292876 0.551937
 outer loop
  vertex -7.1256166 -5.4836273e-05 3.1558938
  vertex -7.1250386 -0.00037527084 3.1558938
  vertex -6.861112 -7.581711e-05 2.9621415
 endloop
endfacet
facet normal 0.21076347 0.9355391 0.28345257
 outer loop
  vertex -6.703196 0.027221203 2.7683892
  vertex -6.954807 0.025201797 2.9621415
  vertex -6.6485944 0.014920235 2.7683892
 endloop
endfacet
facet normal 0.22541822 0.9245633 0.30719587
 outer loop
  vertex -6.6485944 0.014920235 2.7683892
  vertex -6.954807 0.025201797 2.9621415
  vertex -6.9063683 0.013391972 2.9621415
 endloop
endfacet
facet normal 0.22673722 0.923658 0.30894354
 outer loop
  vertex -6.6485944 0.014920235 2.7683892
  vertex -6.9063683 0.013391972 2.9621415
  vertex -6.621287 0.008216858 2.7683892
 endloop
endfacet
facet normal 0.2391042 0.91413456 0.32739437
 outer loop
  vertex -6.621287 0.008216858 2.7683892
  vertex -6.9063683 0.013391972 2.9621415
  vertex -6.882317 0.007101059 2.9621415
 endloop
endfacet
facet normal 0.25431076 0.90241444 0.3478137
 outer loop
  vertex -6.621287 0.008216858 2.7683892
  vertex -6.882317 0.007101059 2.9621415
  vertex -6.607759 0.004404545 2.7683892
 endloop
endfacet
facet normal 0.2631658 0.8948785 0.36046663
 outer loop
  vertex -6.607759 0.004404545 2.7683892
  vertex -6.882317 0.007101059 2.9621415
  vertex -6.8704286 0.003604889 2.9621415
 endloop
endfacet
facet normal 0.29613858 0.8650091 0.40504456
 outer loop
  vertex -6.607759 0.004404545 2.7683892
  vertex -6.8704286 0.003604889 2.9621415
  vertex -6.601115 0.0021300316 2.7683892
 endloop
endfacet
facet normal 0.29986137 0.86126655 0.41024762
 outer loop
  vertex -6.601115 0.0021300316 2.7683892
  vertex -6.8704286 0.003604889 2.9621415
  vertex -6.8645873 0.0015711784 2.9621415
 endloop
endfacet
facet normal 0.3389809 0.81879485 0.46332148
 outer loop
  vertex -6.601115 0.0021300316 2.7683892
  vertex -6.8645873 0.0015711784 2.9621415
  vertex -6.5994935 0.0014586449 2.7683892
 endloop
endfacet
facet normal 0.33755612 0.82048315 0.46137112
 outer loop
  vertex -6.5994935 0.0014586449 2.7683892
  vertex -6.8645873 0.0015711784 2.9621415
  vertex -6.863158 0.0009832382 2.9621415
 endloop
endfacet
facet normal 0.37899593 0.76708436 0.5176327
 outer loop
  vertex -6.5994935 0.0014586449 2.7683892
  vertex -6.863158 0.0009832382 2.9621415
  vertex -6.597924 0.00068330765 2.7683892
 endloop
endfacet
facet normal 0.3734528 0.7748547 0.51003253
 outer loop
  vertex -6.597924 0.00068330765 2.7683892
  vertex -6.863158 0.0009832382 2.9621415
  vertex -6.86177 0.0003142357 2.9621415
 endloop
endfacet
facet normal 0.42826846 0.68914986 0.58451563
 outer loop
  vertex -6.597924 0.00068330765 2.7683892
  vertex -6.86177 0.0003142357 2.9621415
  vertex -6.597186 0.0002245903 2.7683892
 endloop
endfacet
facet normal 0.56719047 0.28497863 0.772711
 outer loop
  vertex -7.1239843 -0.0013728142 3.1558938
  vertex -7.1899686 -0.0013833046 3.2043319
  vertex -7.1898704 -0.0015788078 3.2043319
 endloop
endfacet
facet normal 0.574668 0.2390778 0.78268677
 outer loop
  vertex -7.1898704 -0.0015788078 3.2043319
  vertex -7.1239 -0.0015788078 3.1558948
  vertex -7.1239843 -0.0013728142 3.1558938
 endloop
endfacet
facet normal 0.57457775 0.23904118 0.7827642
 outer loop
  vertex -7.1239843 -0.0013728142 3.1558938
  vertex -7.1239 -0.0015788078 3.1558948
  vertex -6.992016 -0.0013518333 3.0590177
 endloop
endfacet
facet normal 0.5850654 0.15083912 0.79683506
 outer loop
  vertex -6.992016 -0.0013518333 3.0590177
  vertex -7.1239 -0.0015788078 3.1558948
  vertex -6.9919586 -0.0015788078 3.0590186
 endloop
endfacet
facet normal 0.5420669 0.40055385 0.7387287
 outer loop
  vertex -7.1900997 -0.001185894 3.2043319
  vertex -7.124106 -0.0011620522 3.1558938
  vertex -7.1241856 -0.001054287 3.1558938
 endloop
endfacet
facet normal 0.54206735 0.40055418 0.7387281
 outer loop
  vertex -7.1241856 -0.001054287 3.1558938
  vertex -7.124106 -0.0011620522 3.1558938
  vertex -6.992118 -0.0011153221 3.0590177
 endloop
endfacet
facet normal 0.5575792 0.33411363 0.7599168
 outer loop
  vertex -7.1241856 -0.001054287 3.1558938
  vertex -6.992118 -0.0011153221 3.0590177
  vertex -6.9921913 -0.000992775 3.0590177
 endloop
endfacet
facet normal 0.5418385 0.40112853 0.7385844
 outer loop
  vertex -6.9921913 -0.000992775 3.0590177
  vertex -6.9922824 -0.000869751 3.0590177
  vertex -7.1242785 -0.0009460449 3.1558938
 endloop
endfacet
facet normal 0.5054503 0.5192922 0.6890976
 outer loop
  vertex -7.1242785 -0.0009460449 3.1558938
  vertex -6.9922824 -0.000869751 3.0590177
  vertex -7.124386 -0.0008416176 3.1558938
 endloop
endfacet
facet normal 0.50544524 0.51929307 0.68910074
 outer loop
  vertex -7.1242785 -0.0009460449 3.1558938
  vertex -7.124386 -0.0008416176 3.1558938
  vertex -7.190277 -0.0009846687 3.2043319
 endloop
endfacet
facet normal 0.57334125 0.24736899 0.7810815
 outer loop
  vertex -6.992016 -0.0013518333 3.0590177
  vertex -6.992118 -0.0011153221 3.0590177
  vertex -7.1239843 -0.0013728142 3.1558938
 endloop
endfacet
facet normal 0.5599022 0.32304224 0.76298964
 outer loop
  vertex -7.1239843 -0.0013728142 3.1558938
  vertex -6.992118 -0.0011153221 3.0590177
  vertex -7.124106 -0.0011620522 3.1558938
 endloop
endfacet
facet normal 0.5599911 0.32307178 0.7629119
 outer loop
  vertex -7.1239843 -0.0013728142 3.1558938
  vertex -7.124106 -0.0011620522 3.1558938
  vertex -7.1899686 -0.0013833046 3.2043319
 endloop
endfacet
facet normal 0.55062014 0.36574578 0.7503649
 outer loop
  vertex -7.1899686 -0.0013833046 3.2043319
  vertex -7.124106 -0.0011620522 3.1558938
  vertex -7.1900997 -0.001185894 3.2043319
 endloop
endfacet
facet normal 0.55070573 0.36580697 0.7502723
 outer loop
  vertex -7.1899686 -0.0013833046 3.2043319
  vertex -7.1900997 -0.001185894 3.2043319
  vertex -7.255953 -0.001393795 3.25277
 endloop
endfacet
facet normal 0.45265168 0.6432418 0.6175325
 outer loop
  vertex -6.596843 -3.4809113e-05 2.7683892
  vertex -6.861112 -7.581711e-05 2.9621415
  vertex -6.860803 -0.00029325485 2.9621415
 endloop
endfacet
facet normal 0.4526357 0.6432192 0.61756784
 outer loop
  vertex -6.860803 -0.00029325485 2.9621415
  vertex -6.861112 -7.581711e-05 2.9621415
  vertex -7.1250386 -0.00037527084 3.1558938
 endloop
endfacet
facet normal 0.43374664 0.6794188 0.59182256
 outer loop
  vertex -6.860803 -0.00029325485 2.9621415
  vertex -7.1250386 -0.00037527084 3.1558938
  vertex -7.124763 -0.00055122375 3.1558938
 endloop
endfacet
facet normal 0.43368822 0.6793273 0.59197044
 outer loop
  vertex -7.124763 -0.00055122375 3.1558938
  vertex -7.1250386 -0.00037527084 3.1558938
  vertex -7.1905007 -0.0007929802 3.2043319
 endloop
endfacet
facet normal 0.46007904 0.6281176 0.6275313
 outer loop
  vertex -7.124763 -0.00055122375 3.1558938
  vertex -7.1905007 -0.0007929802 3.2043319
  vertex -7.1245046 -0.0007405281 3.1558938
 endloop
endfacet
facet normal 0.51252127 0.4993797 0.6985284
 outer loop
  vertex -7.3220882 -0.001232624 3.301208
  vertex -7.256094 -0.0012087822 3.25277
  vertex -7.256275 -0.0010228157 3.25277
 endloop
endfacet
facet normal 0.51245403 0.4993142 0.69862455
 outer loop
  vertex -7.256275 -0.0010228157 3.25277
  vertex -7.256094 -0.0012087822 3.25277
  vertex -7.190277 -0.0009846687 3.2043319
 endloop
endfacet
facet normal 0.4867872 0.5679184 0.66370696
 outer loop
  vertex -7.256275 -0.0010228157 3.25277
  vertex -7.190277 -0.0009846687 3.2043319
  vertex -7.1905007 -0.0007929802 3.2043319
 endloop
endfacet
facet normal 0.48673663 0.5678594 0.66379446
 outer loop
  vertex -7.1905007 -0.0007929802 3.2043319
  vertex -7.190277 -0.0009846687 3.2043319
  vertex -7.124386 -0.0008416176 3.1558938
 endloop
endfacet
facet normal 0.48568013 0.57044506 0.6623499
 outer loop
  vertex -7.1905007 -0.0007929802 3.2043319
  vertex -7.124386 -0.0008416176 3.1558938
  vertex -7.1245046 -0.0007405281 3.1558938
 endloop
endfacet
facet normal 0.4857009 0.5704695 0.6623135
 outer loop
  vertex -7.1245046 -0.0007405281 3.1558938
  vertex -7.124386 -0.0008416176 3.1558938
  vertex -6.99239 -0.0007505417 3.0590177
 endloop
endfacet
facet normal 0.5001702 0.53351486 0.6820497
 outer loop
  vertex -7.1245046 -0.0007405281 3.1558938
  vertex -6.99239 -0.0007505417 3.0590177
  vertex -6.992512 -0.00063610077 3.0590177
 endloop
endfacet
facet normal 0.54441977 0.3917478 0.74171484
 outer loop
  vertex -7.255953 -0.001393795 3.25277
  vertex -7.321937 -0.0014042854 3.301208
  vertex -7.321812 -0.0015788078 3.3012085
 endloop
endfacet
facet normal 0.55729854 0.33662263 0.7590149
 outer loop
  vertex -7.321812 -0.0015788078 3.3012085
  vertex -7.2558417 -0.0015788078 3.2527704
  vertex -7.255953 -0.001393795 3.25277
 endloop
endfacet
facet normal 0.55720025 0.3365639 0.759113
 outer loop
  vertex -7.255953 -0.001393795 3.25277
  vertex -7.2558417 -0.0015788078 3.2527704
  vertex -7.1899686 -0.0013833046 3.2043319
 endloop
endfacet
facet normal 0.56728613 0.28503168 0.7726211
 outer loop
  vertex -7.1899686 -0.0013833046 3.2043319
  vertex -7.2558417 -0.0015788078 3.2527704
  vertex -7.1898704 -0.0015788078 3.2043319
 endloop
endfacet
facet normal 0.4988009 0.5375965 0.6798437
 outer loop
  vertex -7.388082 -0.0012559891 3.349646
  vertex -7.3220882 -0.001232624 3.301208
  vertex -7.3222733 -0.0010609627 3.301208
 endloop
endfacet
facet normal 0.4987303 0.53752047 0.6799558
 outer loop
  vertex -7.3222733 -0.0010609627 3.301208
  vertex -7.3220882 -0.001232624 3.301208
  vertex -7.256275 -0.0010228157 3.25277
 endloop
endfacet
facet normal 0.4755623 0.5944529 0.6484336
 outer loop
  vertex -7.3222733 -0.0010609627 3.301208
  vertex -7.256275 -0.0010228157 3.25277
  vertex -7.256497 -0.0008454323 3.25277
 endloop
endfacet
facet normal 0.47551396 0.5943925 0.6485245
 outer loop
  vertex -7.256497 -0.0008454323 3.25277
  vertex -7.256275 -0.0010228157 3.25277
  vertex -7.1905007 -0.0007929802 3.2043319
 endloop
endfacet
facet normal 0.43226212 0.6822138 0.5896896
 outer loop
  vertex -7.256497 -0.0008454323 3.25277
  vertex -7.1905007 -0.0007929802 3.2043319
  vertex -7.257002 -0.00052547455 3.25277
 endloop
endfacet
facet normal 0.44017088 0.6674535 0.6006291
 outer loop
  vertex -7.257002 -0.00052547455 3.25277
  vertex -7.1905007 -0.0007929802 3.2043319
  vertex -7.1250386 -0.00037527084 3.1558938
 endloop
endfacet
facet normal 0.3949827 0.74381435 0.53919286
 outer loop
  vertex -7.257002 -0.00052547455 3.25277
  vertex -7.1250386 -0.00037527084 3.1558938
  vertex -7.2575397 -0.00023984909 3.25277
 endloop
endfacet
facet normal 0.40433556 0.72924805 0.55200547
 outer loop
  vertex -7.2575397 -0.00023984909 3.25277
  vertex -7.1250386 -0.00037527084 3.1558938
  vertex -7.1256166 -5.4836273e-05 3.1558938
 endloop
endfacet
facet normal 0.34804213 0.80794144 0.47549692
 outer loop
  vertex -7.2575397 -0.00023984909 3.25277
  vertex -7.1256166 -5.4836273e-05 3.1558938
  vertex -7.2597957 0.00073194504 3.25277
 endloop
endfacet
facet normal 0.35110715 0.80407774 0.4797736
 outer loop
  vertex -7.2597957 0.00073194504 3.25277
  vertex -7.1256166 -5.4836273e-05 3.1558938
  vertex -7.1280594 0.0010118484 3.1558938
 endloop
endfacet
facet normal 0.30793312 0.8530904 0.42120534
 outer loop
  vertex -7.2597957 0.00073194504 3.25277
  vertex -7.1280594 0.0010118484 3.1558938
  vertex -7.2644324 0.0024056435 3.25277
 endloop
endfacet
facet normal 0.30482745 0.85636985 0.41678625
 outer loop
  vertex -7.2644324 0.0024056435 3.25277
  vertex -7.1280594 0.0010118484 3.1558938
  vertex -7.1330976 0.002805233 3.1558938
 endloop
endfacet
facet normal 0.28163093 0.8787076 0.38543093
 outer loop
  vertex -7.2644324 0.0024056435 3.25277
  vertex -7.1330976 0.002805233 3.1558938
  vertex -7.273862 0.0054278374 3.25277
 endloop
endfacet
facet normal 0.2747229 0.88529146 0.37521508
 outer loop
  vertex -7.273862 0.0054278374 3.25277
  vertex -7.1330976 0.002805233 3.1558938
  vertex -7.143347 0.005985737 3.1558938
 endloop
endfacet
facet normal 0.26452145 0.8940528 0.36152178
 outer loop
  vertex -7.273862 0.0054278374 3.25277
  vertex -7.143347 0.005985737 3.1558938
  vertex -7.2930293 0.011098862 3.25277
 endloop
endfacet
facet normal 0.25512627 0.90267015 0.34655052
 outer loop
  vertex -7.2930293 0.011098862 3.25277
  vertex -7.143347 0.005985737 3.1558938
  vertex -7.164142 0.011863232 3.1558938
 endloop
endfacet
facet normal 0.2439861 0.91125274 0.33179697
 outer loop
  vertex -7.2930293 0.011098862 3.25277
  vertex -7.164142 0.011863232 3.1558938
  vertex -7.2064176 0.023182392 3.1558938
 endloop
endfacet
facet normal 0.5107219 0.5049524 0.6958349
 outer loop
  vertex -7.387921 -0.0014147758 3.349646
  vertex -7.453905 -0.0014252663 3.3980842
  vertex -7.453754 -0.0015788078 3.3980846
 endloop
endfacet
facet normal 0.52994657 0.44521675 0.72176087
 outer loop
  vertex -7.453754 -0.0015788078 3.3980846
  vertex -7.387783 -0.0015788078 3.349646
  vertex -7.387921 -0.0014147758 3.349646
 endloop
endfacet
facet normal 0.52985305 0.4451382 0.72187793
 outer loop
  vertex -7.387921 -0.0014147758 3.349646
  vertex -7.387783 -0.0015788078 3.349646
  vertex -7.321937 -0.0014042854 3.301208
 endloop
endfacet
facet normal 0.5445136 0.39180627 0.741615
 outer loop
  vertex -7.321937 -0.0014042854 3.301208
  vertex -7.387783 -0.0015788078 3.349646
  vertex -7.321812 -0.0015788078 3.3012085
 endloop
endfacet
facet normal 0.43034706 0.6858181 0.5869029
 outer loop
  vertex -7.454485 -0.0010023117 3.3980842
  vertex -7.45427 -0.0011372566 3.3980842
  vertex -7.3882713 -0.0010991096 3.349646
 endloop
endfacet
facet normal 0.52735096 0.45301077 0.7188061
 outer loop
  vertex -6.9921913 -0.000992775 3.0590177
  vertex -7.1242785 -0.0009460449 3.1558938
  vertex -7.1241856 -0.001054287 3.1558938
 endloop
endfacet
facet normal 0.52731717 0.4529817 0.7188492
 outer loop
  vertex -7.1241856 -0.001054287 3.1558938
  vertex -7.1242785 -0.0009460449 3.1558938
  vertex -7.190277 -0.0009846687 3.2043319
 endloop
endfacet
facet normal 0.5244774 0.46233556 0.714961
 outer loop
  vertex -7.1241856 -0.001054287 3.1558938
  vertex -7.190277 -0.0009846687 3.2043319
  vertex -7.1900997 -0.001185894 3.2043319
 endloop
endfacet
facet normal 0.5245413 0.46239185 0.7148777
 outer loop
  vertex -7.1900997 -0.001185894 3.2043319
  vertex -7.190277 -0.0009846687 3.2043319
  vertex -7.256094 -0.0012087822 3.25277
 endloop
endfacet
facet normal 0.5392236 0.41136646 0.7348575
 outer loop
  vertex -7.1900997 -0.001185894 3.2043319
  vertex -7.256094 -0.0012087822 3.25277
  vertex -7.255953 -0.001393795 3.25277
 endloop
endfacet
facet normal 0.5392204 0.41136402 0.73486125
 outer loop
  vertex -7.255953 -0.001393795 3.25277
  vertex -7.256094 -0.0012087822 3.25277
  vertex -7.3220882 -0.001232624 3.301208
 endloop
endfacet
facet normal 0.52474874 0.4620704 0.71493345
 outer loop
  vertex -7.255953 -0.001393795 3.25277
  vertex -7.3220882 -0.001232624 3.301208
  vertex -7.321937 -0.0014042854 3.301208
 endloop
endfacet
facet normal 0.52466387 0.46199566 0.7150439
 outer loop
  vertex -7.321937 -0.0014042854 3.301208
  vertex -7.3220882 -0.001232624 3.301208
  vertex -7.388082 -0.0012559891 3.349646
 endloop
endfacet
facet normal 0.50724685 0.51486313 0.6910981
 outer loop
  vertex -7.321937 -0.0014042854 3.301208
  vertex -7.388082 -0.0012559891 3.349646
  vertex -7.387921 -0.0014147758 3.349646
 endloop
endfacet
facet normal 0.50716037 0.5147754 0.6912269
 outer loop
  vertex -7.387921 -0.0014147758 3.349646
  vertex -7.388082 -0.0012559891 3.349646
  vertex -7.4540763 -0.0012793541 3.3980842
 endloop
endfacet
facet normal 0.4860562 0.5702424 0.66224843
 outer loop
  vertex -7.387921 -0.0014147758 3.349646
  vertex -7.4540763 -0.0012793541 3.3980842
  vertex -7.453905 -0.0014252663 3.3980842
 endloop
endfacet
facet normal 0.4859766 0.570149 0.6623872
 outer loop
  vertex -7.453905 -0.0014252663 3.3980842
  vertex -7.4540763 -0.0012793541 3.3980842
  vertex -7.52007 -0.0013027191 3.4465222
 endloop
endfacet
facet normal 0.46117678 0.62647307 0.6283688
 outer loop
  vertex -7.453905 -0.0014252663 3.3980842
  vertex -7.52007 -0.0013027191 3.4465222
  vertex -7.5198894 -0.0014357567 3.4465222
 endloop
endfacet
facet normal 0.4479697 0.6526332 0.61105895
 outer loop
  vertex -7.3882713 -0.0010991096 3.349646
  vertex -7.388489 -0.0009498596 3.349646
  vertex -7.454485 -0.0010023117 3.3980842
 endloop
endfacet
facet normal 0.4123921 0.71648645 0.56265414
 outer loop
  vertex -7.454485 -0.0010023117 3.3980842
  vertex -7.388489 -0.0009498596 3.349646
  vertex -7.388965 -0.00067567825 3.349646
 endloop
endfacet
facet normal 0.3841746 0.7596179 0.52477646
 outer loop
  vertex -7.454485 -0.0010023117 3.3980842
  vertex -7.388965 -0.00067567825 3.349646
  vertex -7.389463 -0.00042390823 3.349646
 endloop
endfacet
facet normal 0.48881653 0.5637684 0.6657504
 outer loop
  vertex -7.5856953 -0.0015788078 3.4949603
  vertex -7.5197244 -0.0015788078 3.4465222
  vertex -7.5198894 -0.0014357567 3.4465222
 endloop
endfacet
facet normal 0.48873296 0.563672 0.6658934
 outer loop
  vertex -7.5198894 -0.0014357567 3.4465222
  vertex -7.5197244 -0.0015788078 3.4465222
  vertex -7.453905 -0.0014252663 3.3980842
 endloop
endfacet
facet normal 0.51081276 0.50503236 0.69571024
 outer loop
  vertex -7.453905 -0.0014252663 3.3980842
  vertex -7.5197244 -0.0015788078 3.4465222
  vertex -7.453754 -0.0015788078 3.3980846
 endloop
endfacet
facet normal 0.4623523 0.62425905 0.6297071
 outer loop
  vertex -7.651666 -0.0015788078 3.5433984
  vertex -7.5856953 -0.0015788078 3.4949603
  vertex -7.5858736 -0.0014467239 3.4949603
 endloop
endfacet
facet normal 0.395121 0.7438583 0.53903085
 outer loop
  vertex -7.520268 -0.0011754036 3.4465222
  vertex -7.5864773 -0.001106739 3.4949603
  vertex -7.5860643 -0.0013260841 3.4949603
 endloop
endfacet
facet normal 0.39518818 0.7439847 0.53880703
 outer loop
  vertex -7.5860643 -0.0013260841 3.4949603
  vertex -7.5864773 -0.001106739 3.4949603
  vertex -7.6520967 -0.0013308525 3.5433984
 endloop
endfacet
facet normal 0.4319928 0.68300176 0.58897436
 outer loop
  vertex -7.5860643 -0.0013260841 3.4949603
  vertex -7.6520967 -0.0013308525 3.5433984
  vertex -7.5858736 -0.0014467239 3.4949603
 endloop
endfacet
facet normal 0.39432925 0.7455055 0.5373323
 outer loop
  vertex -7.5858736 -0.0014467239 3.4949603
  vertex -7.6520967 -0.0013308525 3.5433984
  vertex -7.651858 -0.0014572144 3.5433984
 endloop
endfacet
facet normal 0.43266594 0.6820851 0.58954227
 outer loop
  vertex -7.5858736 -0.0014467239 3.4949603
  vertex -7.651858 -0.0014572144 3.5433984
  vertex -7.651666 -0.0015788078 3.5433984
 endloop
endfacet
facet normal 0.40970847 0.7210236 0.5588058
 outer loop
  vertex -7.520268 -0.0011754036 3.4465222
  vertex -7.45427 -0.0011372566 3.3980842
  vertex -7.520481 -0.001054287 3.4465222
 endloop
endfacet
facet normal 0.43030295 0.6857478 0.5870173
 outer loop
  vertex -7.520481 -0.001054287 3.4465222
  vertex -7.45427 -0.0011372566 3.3980842
  vertex -7.454485 -0.0010023117 3.3980842
 endloop
endfacet
facet normal 0.37830275 0.76835304 0.51625645
 outer loop
  vertex -7.520481 -0.001054287 3.4465222
  vertex -7.454485 -0.0010023117 3.3980842
  vertex -7.5213857 -0.00060892105 3.4465222
 endloop
endfacet
facet normal 0.38919023 0.75240964 0.5314233
 outer loop
  vertex -7.5213857 -0.00060892105 3.4465222
  vertex -7.454485 -0.0010023117 3.3980842
  vertex -7.389463 -0.00042390823 3.349646
 endloop
endfacet
facet normal 0.33982918 0.81787145 0.46433008
 outer loop
  vertex -7.5213857 -0.00060892105 3.4465222
  vertex -7.389463 -0.00042390823 3.349646
  vertex -7.5232677 0.00017309189 3.4465222
 endloop
endfacet
facet normal 0.34425187 0.81249434 0.47047177
 outer loop
  vertex -7.5232677 0.00017309189 3.4465222
  vertex -7.389463 -0.00042390823 3.349646
  vertex -7.3915315 0.00045251846 3.349646
 endloop
endfacet
facet normal 0.31569907 0.8449476 0.43173808
 outer loop
  vertex -7.5232677 0.00017309189 3.4465222
  vertex -7.3915315 0.00045251846 3.349646
  vertex -7.5271015 0.0016055107 3.4465222
 endloop
endfacet
facet normal 0.31150717 0.8494955 0.42581773
 outer loop
  vertex -7.5271015 0.0016055107 3.4465222
  vertex -7.3915315 0.00045251846 3.349646
  vertex -7.3957667 0.002005577 3.349646
 endloop
endfacet
facet normal 0.29940024 0.8618039 0.40945524
 outer loop
  vertex -7.5271015 0.0016055107 3.4465222
  vertex -7.3957667 0.002005577 3.349646
  vertex -7.534892 0.0043120384 3.4465222
 endloop
endfacet
facet normal 0.28991008 0.8714676 0.39559618
 outer loop
  vertex -7.534892 0.0043120384 3.4465222
  vertex -7.3957667 0.002005577 3.349646
  vertex -7.404377 0.004869938 3.349646
 endloop
endfacet
facet normal 0.28844503 0.87284285 0.39363033
 outer loop
  vertex -7.534892 0.0043120384 3.4465222
  vertex -7.404377 0.004869938 3.349646
  vertex -7.550803 0.009570122 3.4465222
 endloop
endfacet
facet normal 0.27587283 0.885441 0.37401646
 outer loop
  vertex -7.550803 0.009570122 3.4465222
  vertex -7.404377 0.004869938 3.349646
  vertex -7.421916 0.010334492 3.349646
 endloop
endfacet
facet normal 0.2676101 0.8925012 0.36307916
 outer loop
  vertex -7.550803 0.009570122 3.4465222
  vertex -7.421916 0.010334492 3.349646
  vertex -7.4580283 0.02116251 3.349646
 endloop
endfacet
facet normal 0.46227404 0.6241534 0.6298692
 outer loop
  vertex -7.5858736 -0.0014467239 3.4949603
  vertex -7.5856953 -0.0015788078 3.4949603
  vertex -7.5198894 -0.0014357567 3.4465222
 endloop
endfacet
facet normal 0.43208495 0.68313015 0.5887578
 outer loop
  vertex -7.5858736 -0.0014467239 3.4949603
  vertex -7.5198894 -0.0014357567 3.4465222
  vertex -7.5860643 -0.0013260841 3.4949603
 endloop
endfacet
facet normal 0.4611009 0.62637 0.6285272
 outer loop
  vertex -7.5860643 -0.0013260841 3.4949603
  vertex -7.5198894 -0.0014357567 3.4465222
  vertex -7.52007 -0.0013027191 3.4465222
 endloop
endfacet
facet normal 0.43543446 0.6767988 0.59358245
 outer loop
  vertex -7.5860643 -0.0013260841 3.4949603
  vertex -7.52007 -0.0013027191 3.4465222
  vertex -7.520268 -0.0011754036 3.4465222
 endloop
endfacet
facet normal 0.4354356 0.6768006 0.5935797
 outer loop
  vertex -7.520268 -0.0011754036 3.4465222
  vertex -7.52007 -0.0013027191 3.4465222
  vertex -7.4540763 -0.0012793541 3.3980842
 endloop
endfacet
facet normal 0.46050316 0.6273969 0.6279411
 outer loop
  vertex -7.520268 -0.0011754036 3.4465222
  vertex -7.4540763 -0.0012793541 3.3980842
  vertex -7.45427 -0.0011372566 3.3980842
 endloop
endfacet
facet normal 0.460569 0.6274866 0.62780315
 outer loop
  vertex -7.45427 -0.0011372566 3.3980842
  vertex -7.4540763 -0.0012793541 3.3980842
  vertex -7.388082 -0.0012559891 3.349646
 endloop
endfacet
facet normal 0.48139355 0.5808913 0.65637296
 outer loop
  vertex -7.45427 -0.0011372566 3.3980842
  vertex -7.388082 -0.0012559891 3.349646
  vertex -7.3882713 -0.0010991096 3.349646
 endloop
endfacet
facet normal 0.4813951 0.5808932 0.6563703
 outer loop
  vertex -7.3882713 -0.0010991096 3.349646
  vertex -7.388082 -0.0012559891 3.349646
  vertex -7.3222733 -0.0010609627 3.301208
 endloop
endfacet
facet normal 0.44801652 0.6527052 0.61094767
 outer loop
  vertex -7.3882713 -0.0010991096 3.349646
  vertex -7.3222733 -0.0010609627 3.301208
  vertex -7.388489 -0.0009498596 3.349646
 endloop
endfacet
facet normal 0.46283987 0.6223049 0.63128114
 outer loop
  vertex -7.388489 -0.0009498596 3.349646
  vertex -7.3222733 -0.0010609627 3.301208
  vertex -7.256497 -0.0008454323 3.25277
 endloop
endfacet
facet normal 0.41239336 0.7164889 0.5626503
 outer loop
  vertex -7.388489 -0.0009498596 3.349646
  vertex -7.256497 -0.0008454323 3.25277
  vertex -7.388965 -0.00067567825 3.349646
 endloop
endfacet
facet normal 0.4322138 0.6821377 0.5898129
 outer loop
  vertex -7.388965 -0.00067567825 3.349646
  vertex -7.256497 -0.0008454323 3.25277
  vertex -7.257002 -0.00052547455 3.25277
 endloop
endfacet
facet normal 0.38423148 0.7597302 0.5245724
 outer loop
  vertex -7.388965 -0.00067567825 3.349646
  vertex -7.257002 -0.00052547455 3.25277
  vertex -7.389463 -0.00042390823 3.349646
 endloop
endfacet
facet normal 0.3949642 0.7437723 0.53926426
 outer loop
  vertex -7.389463 -0.00042390823 3.349646
  vertex -7.257002 -0.00052547455 3.25277
  vertex -7.2575397 -0.00023984909 3.25277
 endloop
endfacet
facet normal 0.34427416 0.8125457 0.47036663
 outer loop
  vertex -7.389463 -0.00042390823 3.349646
  vertex -7.2575397 -0.00023984909 3.25277
  vertex -7.3915315 0.00045251846 3.349646
 endloop
endfacet
facet normal 0.34802285 0.80789804 0.47558478
 outer loop
  vertex -7.3915315 0.00045251846 3.349646
  vertex -7.2575397 -0.00023984909 3.25277
  vertex -7.2597957 0.00073194504 3.25277
 endloop
endfacet
facet normal 0.31147665 0.8494114 0.42600763
 outer loop
  vertex -7.3915315 0.00045251846 3.349646
  vertex -7.2597957 0.00073194504 3.25277
  vertex -7.3957667 0.002005577 3.349646
 endloop
endfacet
facet normal 0.30796203 0.85316885 0.42102525
 outer loop
  vertex -7.3957667 0.002005577 3.349646
  vertex -7.2597957 0.00073194504 3.25277
  vertex -7.2644324 0.0024056435 3.25277
 endloop
endfacet
facet normal 0.2897916 0.87111175 0.39646584
 outer loop
  vertex -7.3957667 0.002005577 3.349646
  vertex -7.2644324 0.0024056435 3.25277
  vertex -7.404377 0.004869938 3.349646
 endloop
endfacet
facet normal 0.2817335 0.87902814 0.38462397
 outer loop
  vertex -7.404377 0.004869938 3.349646
  vertex -7.2644324 0.0024056435 3.25277
  vertex -7.273862 0.0054278374 3.25277
 endloop
endfacet
facet normal 0.2755886 0.8845289 0.37637696
 outer loop
  vertex -7.404377 0.004869938 3.349646
  vertex -7.273862 0.0054278374 3.25277
  vertex -7.421916 0.010334492 3.349646
 endloop
endfacet
facet normal 0.26476395 0.8948723 0.35931
 outer loop
  vertex -7.421916 0.010334492 3.349646
  vertex -7.273862 0.0054278374 3.25277
  vertex -7.2930293 0.011098862 3.25277
 endloop
endfacet
facet normal 0.2676102 0.89250165 0.363078
 outer loop
  vertex -7.421916 0.010334492 3.349646
  vertex -7.2930293 0.011098862 3.25277
  vertex -7.4580283 0.02116251 3.349646
 endloop
endfacet
facet normal 0.2555647 0.9045403 0.34131148
 outer loop
  vertex -7.4580283 0.02116251 3.349646
  vertex -7.2930293 0.011098862 3.25277
  vertex -7.2064176 0.023182392 3.1558938
 endloop
endfacet
facet normal 0.24401313 0.91319233 0.32640064
 outer loop
  vertex -7.4580283 0.02116251 3.349646
  vertex -7.2064176 0.023182392 3.1558938
  vertex -7.2937694 0.04652357 3.1558938
 endloop
endfacet
facet normal 0.46560165 0.6162375 0.63519
 outer loop
  vertex -6.596843 -3.4809113e-05 2.7683892
  vertex -6.597186 0.0002245903 2.7683892
  vertex -6.861112 -7.581711e-05 2.9621415
 endloop
endfacet
facet normal 0.418534 0.7060759 0.57121456
 outer loop
  vertex -6.861112 -7.581711e-05 2.9621415
  vertex -6.597186 0.0002245903 2.7683892
  vertex -6.86177 0.0003142357 2.9621415
 endloop
endfacet
facet normal 0.41851285 0.7060486 0.5712639
 outer loop
  vertex -6.861112 -7.581711e-05 2.9621415
  vertex -6.86177 0.0003142357 2.9621415
  vertex -7.1256166 -5.4836273e-05 3.1558938
 endloop
endfacet
facet normal 0.37345263 0.7748543 0.5100332
 outer loop
  vertex -7.1256166 -5.4836273e-05 3.1558938
  vertex -6.86177 0.0003142357 2.9621415
  vertex -6.863158 0.0009832382 2.9621415
 endloop
endfacet
facet normal 0.35108224 0.8040213 0.47988638
 outer loop
  vertex -7.1256166 -5.4836273e-05 3.1558938
  vertex -6.863158 0.0009832382 2.9621415
  vertex -7.1280594 0.0010118484 3.1558938
 endloop
endfacet
facet normal 0.33755305 0.82047564 0.46138665
 outer loop
  vertex -7.1280594 0.0010118484 3.1558938
  vertex -6.863158 0.0009832382 2.9621415
  vertex -6.8645873 0.0015711784 2.9621415
 endloop
endfacet
facet normal 0.30480167 0.85629773 0.41695344
 outer loop
  vertex -7.1280594 0.0010118484 3.1558938
  vertex -6.8645873 0.0015711784 2.9621415
  vertex -7.1330976 0.002805233 3.1558938
 endloop
endfacet
facet normal 0.29988256 0.86132747 0.4101043
 outer loop
  vertex -7.1330976 0.002805233 3.1558938
  vertex -6.8645873 0.0015711784 2.9621415
  vertex -6.8704286 0.003604889 2.9621415
 endloop
endfacet
facet normal 0.2746324 0.884999 0.37597042
 outer loop
  vertex -7.1330976 0.002805233 3.1558938
  vertex -6.8704286 0.003604889 2.9621415
  vertex -7.143347 0.005985737 3.1558938
 endloop
endfacet
facet normal 0.26323876 0.8951266 0.359797
 outer loop
  vertex -7.143347 0.005985737 3.1558938
  vertex -6.8704286 0.003604889 2.9621415
  vertex -6.882317 0.007101059 2.9621415
 endloop
endfacet
facet normal 0.2549172 0.90193 0.34862512
 outer loop
  vertex -7.143347 0.005985737 3.1558938
  vertex -6.882317 0.007101059 2.9621415
  vertex -7.164142 0.011863232 3.1558938
 endloop
endfacet
facet normal 0.23926592 0.91475284 0.32554415
 outer loop
  vertex -7.164142 0.011863232 3.1558938
  vertex -6.882317 0.007101059 2.9621415
  vertex -6.9063683 0.013391972 2.9621415
 endloop
endfacet
facet normal 0.24398609 0.911253 0.33179635
 outer loop
  vertex -7.164142 0.011863232 3.1558938
  vertex -6.9063683 0.013391972 2.9621415
  vertex -7.2064176 0.023182392 3.1558938
 endloop
endfacet
facet normal 0.22575057 0.92592645 0.302815
 outer loop
  vertex -7.2064176 0.023182392 3.1558938
  vertex -6.9063683 0.013391972 2.9621415
  vertex -6.954807 0.025201797 2.9621415
 endloop
endfacet
facet normal 0.24401326 0.91319305 0.32639855
 outer loop
  vertex -7.2064176 0.023182392 3.1558938
  vertex -6.954807 0.025201797 2.9621415
  vertex -7.2937694 0.04652357 3.1558938
 endloop
endfacet
facet normal 0.22543082 0.92943954 0.29210135
 outer loop
  vertex -7.2937694 0.04652357 3.1558938
  vertex -6.954807 0.025201797 2.9621415
  vertex -6.8108945 0.05118847 2.7683892
 endloop
endfacet
facet normal 0.24162737 0.91878986 0.3121559
 outer loop
  vertex -7.2937694 0.04652357 3.1558938
  vertex -6.8108945 0.05118847 2.7683892
  vertex -7.31663 0.052535534 3.1558938
 endloop
endfacet
facet normal 0.18994087 0.9508413 0.24458802
 outer loop
  vertex -7.31663 0.052535534 3.1558938
  vertex -6.8108945 0.05118847 2.7683892
  vertex -6.8651304 0.062022686 2.7683892
 endloop
endfacet
facet normal 0.19883525 0.94631964 0.25484058
 outer loop
  vertex -7.31663 0.052535534 3.1558938
  vertex -6.8651304 0.062022686 2.7683892
  vertex -7.340014 0.057448864 3.1558938
 endloop
endfacet
facet normal 0.13383177 0.9753364 0.17552185
 outer loop
  vertex -7.340014 0.057448864 3.1558938
  vertex -6.8651304 0.062022686 2.7683892
  vertex -6.9201827 0.06957674 2.7683892
 endloop
endfacet
facet normal 0.048705507 0.996586 0.066663384
 outer loop
  vertex -6.396707 0.100690365 1.9933802
  vertex -8.040549 0.07734537 3.5433984
  vertex -7.03161 0.07987785 2.7683892
 endloop
endfacet
facet normal 0.065678686 0.9938861 0.08875096
 outer loop
  vertex -7.03161 0.07987785 2.7683892
  vertex -8.040549 0.07734537 3.5433984
  vertex -7.9402213 0.07071543 3.5433984
 endloop
endfacet
facet normal 0.09140199 0.98869663 0.11884728
 outer loop
  vertex -7.03161 0.07987785 2.7683892
  vertex -7.9402213 0.07071543 3.5433984
  vertex -6.9201827 0.06957674 2.7683892
 endloop
endfacet
facet normal 0.12644157 0.9781584 0.16498058
 outer loop
  vertex -6.9201827 0.06957674 2.7683892
  vertex -7.9402213 0.07071543 3.5433984
  vertex -7.836816 0.05734873 3.5433984
 endloop
endfacet
facet normal 0.15144485 0.9691588 0.19441094
 outer loop
  vertex -6.9201827 0.06957674 2.7683892
  vertex -7.836816 0.05734873 3.5433984
  vertex -7.340014 0.057448864 3.1558938
 endloop
endfacet
facet normal 0.1937104 0.94904065 0.24859248
 outer loop
  vertex -7.340014 0.057448864 3.1558938
  vertex -7.836816 0.05734873 3.5433984
  vertex -7.814898 0.052875042 3.5433984
 endloop
endfacet
facet normal 0.19883494 0.94631976 0.2548404
 outer loop
  vertex -7.340014 0.057448864 3.1558938
  vertex -7.814898 0.052875042 3.5433984
  vertex -7.31663 0.052535534 3.1558938
 endloop
endfacet
facet normal 0.23497228 0.92411584 0.30132666
 outer loop
  vertex -7.31663 0.052535534 3.1558938
  vertex -7.814898 0.052875042 3.5433984
  vertex -7.795398 0.04791689 3.5433984
 endloop
endfacet
facet normal 0.24182816 0.9195534 0.3097428
 outer loop
  vertex -7.31663 0.052535534 3.1558938
  vertex -7.795398 0.04791689 3.5433984
  vertex -7.2937694 0.04652357 3.1558938
 endloop
endfacet
facet normal 0.2778831 0.8920077 0.3565154
 outer loop
  vertex -7.2937694 0.04652357 3.1558938
  vertex -7.795398 0.04791689 3.5433984
  vertex -7.7852454 0.04475403 3.5433984
 endloop
endfacet
facet normal 0.26988652 0.89842457 0.3464025
 outer loop
  vertex -7.2937694 0.04652357 3.1558938
  vertex -7.7852454 0.04475403 3.5433984
  vertex -7.4580283 0.02116251 3.349646
 endloop
endfacet
facet normal 0.29443672 0.87198675 0.3910831
 outer loop
  vertex -7.4580283 0.02116251 3.349646
  vertex -7.7852454 0.04475403 3.5433984
  vertex -7.7382073 0.02887106 3.5433984
 endloop
endfacet
facet normal 0.28705218 0.8792689 0.3801148
 outer loop
  vertex -7.4580283 0.02116251 3.349646
  vertex -7.7382073 0.02887106 3.5433984
  vertex -7.550803 0.009570122 3.4465222
 endloop
endfacet
facet normal 0.297469 0.8655036 0.40300834
 outer loop
  vertex -7.550803 0.009570122 3.4465222
  vertex -7.7382073 0.02887106 3.5433984
  vertex -7.673272 0.006553173 3.5433984
 endloop
endfacet
facet normal 0.28864944 0.8734609 0.39210668
 outer loop
  vertex -7.550803 0.009570122 3.4465222
  vertex -7.673272 0.006553173 3.5433984
  vertex -7.534892 0.0043120384 3.4465222
 endloop
endfacet
facet normal 0.3049356 0.8568326 0.41575482
 outer loop
  vertex -7.534892 0.0043120384 3.4465222
  vertex -7.673272 0.006553173 3.5433984
  vertex -7.665407 0.003754139 3.5433984
 endloop
endfacet
facet normal 0.2995383 0.86220235 0.40851432
 outer loop
  vertex -7.534892 0.0043120384 3.4465222
  vertex -7.665407 0.003754139 3.5433984
  vertex -7.5271015 0.0016055107 3.4465222
 endloop
endfacet
facet normal 0.31080344 0.8502312 0.42486256
 outer loop
  vertex -7.5271015 0.0016055107 3.4465222
  vertex -7.665407 0.003754139 3.5433984
  vertex -7.6584363 0.0012059212 3.5433984
 endloop
endfacet
facet normal 0.3157351 0.8450419 0.43152702
 outer loop
  vertex -7.5271015 0.0016055107 3.4465222
  vertex -7.6584363 0.0012059212 3.5433984
  vertex -7.5232677 0.00017309189 3.4465222
 endloop
endfacet
facet normal 0.3209827 0.83924216 0.4389107
 outer loop
  vertex -7.5232677 0.00017309189 3.4465222
  vertex -7.6584363 0.0012059212 3.5433984
  vertex -7.655004 -0.00010681152 3.5433984
 endloop
endfacet
facet normal 0.339806 0.8178156 0.46444547
 outer loop
  vertex -7.5232677 0.00017309189 3.4465222
  vertex -7.655004 -0.00010681152 3.5433984
  vertex -7.5213857 -0.00060892105 3.4465222
 endloop
endfacet
facet normal 0.32885668 0.8306646 0.44927683
 outer loop
  vertex -7.5213857 -0.00060892105 3.4465222
  vertex -7.655004 -0.00010681152 3.5433984
  vertex -7.6540513 -0.00048398972 3.5433984
 endloop
endfacet
facet normal 0.35862827 0.7944771 0.49009374
 outer loop
  vertex -7.5213857 -0.00060892105 3.4465222
  vertex -7.6540513 -0.00048398972 3.5433984
  vertex -7.5864773 -0.001106739 3.4949603
 endloop
endfacet
facet normal 0.34660006 0.8099574 0.4731146
 outer loop
  vertex -7.5864773 -0.001106739 3.4949603
  vertex -7.6540513 -0.00048398972 3.5433984
  vertex -7.6524734 -0.0011591911 3.5433984
 endloop
endfacet
facet normal 0.36088073 0.7919327 0.4925523
 outer loop
  vertex -7.5864773 -0.001106739 3.4949603
  vertex -7.6524734 -0.0011591911 3.5433984
  vertex -7.6520967 -0.0013308525 3.5433984
 endloop
endfacet
facet normal -0.03017476 0.99944353 -0.01421367
 outer loop
  vertex -7.4765716 0.09114599 2.7683892
  vertex -6.6717315 0.10442352 1.9933802
  vertex -7.5854692 0.0878582 2.7683892
 endloop
endfacet
facet normal -0.019710446 0.99980396 -0.0018684964
 outer loop
  vertex -7.5854692 0.0878582 2.7683892
  vertex -6.6717315 0.10442352 1.9933802
  vertex -6.96689 0.09860468 1.9933802
 endloop
endfacet
facet normal -0.06513735 0.99714625 -0.038163174
 outer loop
  vertex -7.5854692 0.0878582 2.7683892
  vertex -6.96689 0.09860468 1.9933802
  vertex -7.695423 0.0806756 2.7683892
 endloop
endfacet
facet normal -0.050825648 0.99840254 -0.024680668
 outer loop
  vertex -7.695423 0.0806756 2.7683892
  vertex -6.96689 0.09860468 1.9933802
  vertex -7.2920127 0.08205366 1.9933802
 endloop
endfacet
facet normal -0.06565395 0.9965328 -0.05110842
 outer loop
  vertex -8.281412 0.07786846 3.5433984
  vertex -7.4765716 0.09114599 2.7683892
  vertex -8.34189 0.07388401 3.5433984
 endloop
endfacet
facet normal -0.030175848 0.99947923 -0.011430492
 outer loop
  vertex -8.34189 0.07388401 3.5433984
  vertex -7.4765716 0.09114599 2.7683892
  vertex -7.5854692 0.0878582 2.7683892
 endloop
endfacet
facet normal -0.11624541 0.9886059 -0.095631815
 outer loop
  vertex -8.34189 0.07388401 3.5433984
  vertex -7.5854692 0.0878582 2.7683892
  vertex -8.386794 0.06860399 3.5433984
 endloop
endfacet
facet normal -0.06512572 0.9969687 -0.04256855
 outer loop
  vertex -8.386794 0.06860399 3.5433984
  vertex -7.5854692 0.0878582 2.7683892
  vertex -7.695423 0.0806756 2.7683892
 endloop
endfacet
facet normal -0.0810244 0.99509346 -0.056780666
 outer loop
  vertex -8.386794 0.06860399 3.5433984
  vertex -7.695423 0.0806756 2.7683892
  vertex -7.9140186 0.0628767 2.7683892
 endloop
endfacet
facet normal -0.08108895 0.99588627 -0.040437903
 outer loop
  vertex -7.9140186 0.0628767 2.7683892
  vertex -7.695423 0.0806756 2.7683892
  vertex -7.2920127 0.08205366 1.9933802
 endloop
endfacet
facet normal -0.0918208 0.9945651 -0.049083743
 outer loop
  vertex -7.9140186 0.0628767 2.7683892
  vertex -7.2920127 0.08205366 1.9933802
  vertex -7.6412945 0.04980707 1.9933802
 endloop
endfacet
facet normal -0.09185045 0.9948863 -0.042007584
 outer loop
  vertex -7.6412945 0.04980707 1.9933802
  vertex -7.2920127 0.08205366 1.9933802
  vertex -6.5212507 0.08995056 0.49511945
 endloop
endfacet
facet normal -0.09524275 0.99445647 -0.044555068
 outer loop
  vertex -7.6412945 0.04980707 1.9933802
  vertex -6.5212507 0.08995056 0.49511945
  vertex -6.689748 0.07460022 0.51269054
 endloop
endfacet
facet normal 0.5350505 -0.42742342 0.7287182
 outer loop
  vertex -5.012833 -0.0015788078 1.6058756
  vertex -4.4850698 -0.0015788078 1.2183732
  vertex -4.484826 -0.0012774467 1.218371
 endloop
endfacet
facet normal 0.49655414 -0.3959862 0.77241755
 outer loop
  vertex -4.484826 -0.0012774467 1.218371
  vertex -4.4850698 -0.0015788078 1.2183732
  vertex -4.4850664 -0.0015788078 1.218371
 endloop
endfacet
facet normal 0.535219 -0.42682022 0.728948
 outer loop
  vertex -4.484826 -0.0012774467 1.218371
  vertex -4.4850664 -0.0015788078 1.218371
  vertex -3.687563 -0.0015788078 0.6328162
 endloop
endfacet
facet normal 0.54594386 -0.386098 0.7435547
 outer loop
  vertex -5.5406 -0.0015788078 1.9933802
  vertex -5.012836 -0.0015788078 1.6058775
  vertex -5.0126486 -0.0013175011 1.6058756
 endloop
endfacet
facet normal 0.51648563 -0.3647444 0.7747284
 outer loop
  vertex -5.012836 -0.0015788078 1.6058775
  vertex -5.012833 -0.0015788078 1.6058756
  vertex -5.0126486 -0.0013175011 1.6058756
 endloop
endfacet
facet normal 0.54604393 -0.3856186 0.74373
 outer loop
  vertex -5.0126486 -0.0013175011 1.6058756
  vertex -5.012833 -0.0015788078 1.6058756
  vertex -4.484826 -0.0012774467 1.218371
 endloop
endfacet
facet normal 0.56131554 -0.31686792 0.7645388
 outer loop
  vertex -5.0126486 -0.0013175011 1.6058756
  vertex -4.484826 -0.0012774467 1.218371
  vertex -5.01249 -0.0010361671 1.6058756
 endloop
endfacet
facet normal 0.5529737 -0.3562349 0.75320435
 outer loop
  vertex -5.01249 -0.0010361671 1.6058756
  vertex -4.484826 -0.0012774467 1.218371
  vertex -4.4846163 -0.00095176697 1.218371
 endloop
endfacet
facet normal 0.5699603 -0.2690833 0.776363
 outer loop
  vertex -5.01249 -0.0010361671 1.6058756
  vertex -4.4846163 -0.00095176697 1.218371
  vertex -4.484451 -0.00060129166 1.218371
 endloop
endfacet
facet normal 0.57002294 -0.26911288 0.7763067
 outer loop
  vertex -4.484451 -0.00060129166 1.218371
  vertex -4.4846163 -0.00095176697 1.218371
  vertex -3.6800356 -0.000746727 0.62765825
 endloop
endfacet
facet normal 0.55722857 -0.33699647 0.75890034
 outer loop
  vertex -4.484451 -0.00060129166 1.218371
  vertex -3.6800356 -0.000746727 0.62765825
  vertex -3.678814 -0.0006117821 0.62682116
 endloop
endfacet
facet normal 0.56659937 -0.32899317 0.7554658
 outer loop
  vertex -5.5406017 -0.0015788078 1.9933816
  vertex -5.5406 -0.0015788078 1.9933802
  vertex -5.540471 -0.0013570786 1.9933802
 endloop
endfacet
facet normal 0.5596889 -0.32498065 0.76232266
 outer loop
  vertex -5.540471 -0.0013570786 1.9933802
  vertex -5.5406 -0.0015788078 1.9933802
  vertex -5.0126486 -0.0013175011 1.6058756
 endloop
endfacet
facet normal 0.5714688 -0.25991562 0.77837473
 outer loop
  vertex -5.540471 -0.0013570786 1.9933802
  vertex -5.0126486 -0.0013175011 1.6058756
  vertex -5.5403633 -0.0011200905 1.9933802
 endloop
endfacet
facet normal 0.56130946 -0.31680688 0.76456857
 outer loop
  vertex -5.5403633 -0.0011200905 1.9933802
  vertex -5.0126486 -0.0013175011 1.6058756
  vertex -5.01249 -0.0010361671 1.6058756
 endloop
endfacet
facet normal 0.57572347 -0.23138252 0.7842223
 outer loop
  vertex -5.5403633 -0.0011200905 1.9933802
  vertex -5.01249 -0.0010361671 1.6058756
  vertex -5.0123687 -0.00073480606 1.6058756
 endloop
endfacet
facet normal 0.5757071 -0.23137595 0.7842363
 outer loop
  vertex -5.0123687 -0.00073480606 1.6058756
  vertex -5.01249 -0.0010361671 1.6058756
  vertex -4.484451 -0.00060129166 1.218371
 endloop
endfacet
facet normal 0.583555 -0.16588365 0.7949504
 outer loop
  vertex -5.0123687 -0.00073480606 1.6058756
  vertex -4.484451 -0.00060129166 1.218371
  vertex -4.484344 -0.00022554398 1.218371
 endloop
endfacet
facet normal 0.5836071 -0.16589846 0.7949092
 outer loop
  vertex -4.484344 -0.00022554398 1.218371
  vertex -4.484451 -0.00060129166 1.218371
  vertex -3.6763177 -0.0003361702 0.6251105
 endloop
endfacet
facet normal 0.55732626 -0.33628047 0.75914615
 outer loop
  vertex -4.484344 -0.00022554398 1.218371
  vertex -3.6763177 -0.0003361702 0.6251105
  vertex -3.6746063 -0.00014686584 0.62393796
 endloop
endfacet
facet normal 0.5905726 0.06078408 0.80469203
 outer loop
  vertex -3.671544 0.0005373955 0.62184703
  vertex -4.4843497 0.0005812645 1.218371
  vertex -4.484308 0.00017356873 1.218371
 endloop
endfacet
facet normal 0.5905714 0.06078396 0.804693
 outer loop
  vertex -4.484308 0.00017356873 1.218371
  vertex -4.4843497 0.0005812645 1.218371
  vertex -5.0122833 -7.200241e-05 1.6058756
 endloop
endfacet
facet normal 0.59154296 -0.022337986 0.80596405
 outer loop
  vertex -4.484308 0.00017356873 1.218371
  vertex -5.0122833 -7.200241e-05 1.6058756
  vertex -5.012296 -0.00041294098 1.6058756
 endloop
endfacet
facet normal 0.59155804 -0.022338554 0.80595297
 outer loop
  vertex -5.012296 -0.00041294098 1.6058756
  vertex -5.0122833 -7.200241e-05 1.6058756
  vertex -5.540249 -0.000600338 1.9933802
 endloop
endfacet
facet normal 0.58968335 -0.08289143 0.8033695
 outer loop
  vertex -5.012296 -0.00041294098 1.6058756
  vertex -5.540249 -0.000600338 1.9933802
  vertex -5.5402865 -0.00086832047 1.9933802
 endloop
endfacet
facet normal 0.58968353 -0.08289145 0.80336934
 outer loop
  vertex -5.5402865 -0.00086832047 1.9933802
  vertex -5.540249 -0.000600338 1.9933802
  vertex -6.068201 -0.00078725815 2.3808846
 endloop
endfacet
facet normal 0.5917089 -0.007907023 0.80611295
 outer loop
  vertex -5.5402865 -0.00086832047 1.9933802
  vertex -6.068201 -0.00078725815 2.3808846
  vertex -6.068204 -0.001001358 2.3808846
 endloop
endfacet
facet normal 0.58399284 -0.16193064 0.7954438
 outer loop
  vertex -6.332205 -0.0014166832 2.574637
  vertex -6.332251 -0.0015788078 2.574638
  vertex -6.0682936 -0.001396656 2.3808846
 endloop
endfacet
facet normal 0.5883949 -0.107129455 0.80144536
 outer loop
  vertex -6.332205 -0.0014166832 2.574637
  vertex -6.0682936 -0.001396656 2.3808846
  vertex -6.332174 -0.0012464523 2.574637
 endloop
endfacet
facet normal 0.5830878 -0.17073043 0.79426676
 outer loop
  vertex -6.332174 -0.0012464523 2.574637
  vertex -6.0682936 -0.001396656 2.3808846
  vertex -6.0682373 -0.0012044907 2.3808846
 endloop
endfacet
facet normal 0.59137136 -0.036341824 0.80558
 outer loop
  vertex -6.332174 -0.0012464523 2.574637
  vertex -6.0682373 -0.0012044907 2.3808846
  vertex -6.332163 -0.0010681152 2.574637
 endloop
endfacet
facet normal 0.58896416 -0.096778154 0.8023435
 outer loop
  vertex -6.332163 -0.0010681152 2.574637
  vertex -6.0682373 -0.0012044907 2.3808846
  vertex -6.068204 -0.001001358 2.3808846
 endloop
endfacet
facet normal 0.5911126 0.045237675 0.80531937
 outer loop
  vertex -6.332163 -0.0010681152 2.574637
  vertex -6.068204 -0.001001358 2.3808846
  vertex -6.332177 -0.00088119507 2.574637
 endloop
endfacet
facet normal 0.5916842 -0.007906693 0.8061311
 outer loop
  vertex -6.332177 -0.00088119507 2.574637
  vertex -6.068204 -0.001001358 2.3808846
  vertex -6.068201 -0.00078725815 2.3808846
 endloop
endfacet
facet normal 0.58939636 0.08778244 0.8030605
 outer loop
  vertex -6.332177 -0.00088119507 2.574637
  vertex -6.068201 -0.00078725815 2.3808846
  vertex -6.0682344 -0.0005631447 2.3808846
 endloop
endfacet
facet normal 0.5893964 0.08778245 0.80306053
 outer loop
  vertex -6.0682344 -0.0005631447 2.3808846
  vertex -6.068201 -0.00078725815 2.3808846
  vertex -5.540249 -0.000600338 1.9933802
 endloop
endfacet
facet normal 0.59154755 0.020948563 0.8059979
 outer loop
  vertex -6.0682344 -0.0005631447 2.3808846
  vertex -5.540249 -0.000600338 1.9933802
  vertex -5.540259 -0.00031757355 1.9933802
 endloop
endfacet
facet normal 0.59154767 0.020948568 0.80599785
 outer loop
  vertex -5.540259 -0.00031757355 1.9933802
  vertex -5.540249 -0.000600338 1.9933802
  vertex -5.0122833 -7.200241e-05 1.6058756
 endloop
endfacet
facet normal 0.5893618 0.088000596 0.803062
 outer loop
  vertex -5.540259 -0.00031757355 1.9933802
  vertex -5.0122833 -7.200241e-05 1.6058756
  vertex -5.0123353 0.00027608871 1.6058756
 endloop
endfacet
facet normal 0.58934814 0.087998554 0.8030722
 outer loop
  vertex -5.0123353 0.00027608871 1.6058756
  vertex -5.0122833 -7.200241e-05 1.6058756
  vertex -4.4843497 0.0005812645 1.218371
 endloop
endfacet
facet normal 0.58214474 0.17815033 0.79332846
 outer loop
  vertex -5.0123353 0.00027608871 1.6058756
  vertex -4.4843497 0.0005812645 1.218371
  vertex -4.484471 0.0009770393 1.218371
 endloop
endfacet
facet normal 0.5821348 0.17814727 0.7933364
 outer loop
  vertex -4.484471 0.0009770393 1.218371
  vertex -4.4843497 0.0005812645 1.218371
  vertex -3.6738214 0.0015573502 0.623402
 endloop
endfacet
facet normal 0.5743302 0.23964037 0.7827626
 outer loop
  vertex -4.484471 0.0009770393 1.218371
  vertex -3.6738214 0.0015573502 0.623402
  vertex -3.6748028 0.0017590523 0.6240603
 endloop
endfacet
facet normal 0.5748078 -0.28672448 0.76641047
 outer loop
  vertex -5.804485 -0.0015788078 2.1871338
  vertex -5.804483 -0.0015788078 2.1871324
  vertex -5.8043823 -0.0013771057 2.1871324
 endloop
endfacet
facet normal 0.56759435 -0.28312626 0.7730952
 outer loop
  vertex -5.8043823 -0.0013771057 2.1871324
  vertex -5.804483 -0.0015788078 2.1871324
  vertex -5.540471 -0.0013570786 1.9933802
 endloop
endfacet
facet normal 0.5772273 -0.2205956 0.7862227
 outer loop
  vertex -5.8043823 -0.0013771057 2.1871324
  vertex -5.540471 -0.0013570786 1.9933802
  vertex -5.8043003 -0.001162529 2.1871324
 endloop
endfacet
facet normal 0.57145613 -0.2598573 0.7784035
 outer loop
  vertex -5.8043003 -0.001162529 2.1871324
  vertex -5.540471 -0.0013570786 1.9933802
  vertex -5.5403633 -0.0011200905 1.9933802
 endloop
endfacet
facet normal 0.5823711 -0.17757906 0.7932904
 outer loop
  vertex -5.8043003 -0.001162529 2.1871324
  vertex -5.5403633 -0.0011200905 1.9933802
  vertex -5.5402865 -0.00086832047 1.9933802
 endloop
endfacet
facet normal 0.58235115 -0.17757298 0.79330635
 outer loop
  vertex -5.5402865 -0.00086832047 1.9933802
  vertex -5.5403633 -0.0011200905 1.9933802
  vertex -5.0123687 -0.00073480606 1.6058756
 endloop
endfacet
facet normal 0.58656305 -0.13208532 0.7990602
 outer loop
  vertex -5.5402865 -0.00086832047 1.9933802
  vertex -5.0123687 -0.00073480606 1.6058756
  vertex -5.012296 -0.00041294098 1.6058756
 endloop
endfacet
facet normal 0.5865473 -0.13208178 0.7990724
 outer loop
  vertex -5.012296 -0.00041294098 1.6058756
  vertex -5.0123687 -0.00073480606 1.6058756
  vertex -4.484344 -0.00022554398 1.218371
 endloop
endfacet
facet normal 0.5908611 -0.05365047 0.80498755
 outer loop
  vertex -5.012296 -0.00041294098 1.6058756
  vertex -4.484344 -0.00022554398 1.218371
  vertex -4.484308 0.00017356873 1.218371
 endloop
endfacet
facet normal 0.590867 -0.053651005 0.8049831
 outer loop
  vertex -4.484308 0.00017356873 1.218371
  vertex -4.484344 -0.00022554398 1.218371
  vertex -3.6726456 7.009506e-05 0.6225946
 endloop
endfacet
facet normal 0.58487093 -0.15161088 0.79683125
 outer loop
  vertex -4.484308 0.00017356873 1.218371
  vertex -3.6726456 7.009506e-05 0.6225946
  vertex -3.6720815 0.00029706955 0.62222373
 endloop
endfacet
facet normal 0.5698452 -0.07991275 0.81785715
 outer loop
  vertex -3.6720815 0.00029706955 0.62222373
  vertex -3.6726456 7.009506e-05 0.6225946
  vertex -3.6722875 0.00010919571 0.6223489
 endloop
endfacet
facet normal 0.5855907 -0.10670705 0.8035528
 outer loop
  vertex -3.6720815 0.00029706955 0.62222373
  vertex -3.6722875 0.00010919571 0.6223489
  vertex -3.6719227 0.00023126602 0.6220993
 endloop
endfacet
facet normal 0.59035194 -0.06988303 0.804115
 outer loop
  vertex -6.596116 -0.0014367104 2.7683892
  vertex -6.596134 -0.0015788078 2.7683902
  vertex -6.332205 -0.0014166832 2.574637
 endloop
endfacet
facet normal 0.59166574 -0.021009734 0.8059095
 outer loop
  vertex -6.596116 -0.0014367104 2.7683892
  vertex -6.332205 -0.0014166832 2.574637
  vertex -6.596111 -0.0012888908 2.7683892
 endloop
endfacet
facet normal 0.5883638 -0.10712506 0.80146885
 outer loop
  vertex -6.596111 -0.0012888908 2.7683892
  vertex -6.332205 -0.0014166832 2.574637
  vertex -6.332174 -0.0012464523 2.574637
 endloop
endfacet
facet normal 0.59122956 0.042069916 0.8054054
 outer loop
  vertex -6.596111 -0.0012888908 2.7683892
  vertex -6.332174 -0.0012464523 2.574637
  vertex -6.596122 -0.0011348724 2.7683892
 endloop
endfacet
facet normal 0.5913405 -0.036365855 0.80560166
 outer loop
  vertex -6.596122 -0.0011348724 2.7683892
  vertex -6.332174 -0.0012464523 2.574637
  vertex -6.332163 -0.0010681152 2.574637
 endloop
endfacet
facet normal 0.58772576 0.11580353 0.80072963
 outer loop
  vertex -6.596122 -0.0011348724 2.7683892
  vertex -6.332163 -0.0010681152 2.574637
  vertex -6.5961533 -0.000975132 2.7683892
 endloop
endfacet
facet normal 0.59108466 0.04523607 0.80534
 outer loop
  vertex -6.5961533 -0.000975132 2.7683892
  vertex -6.332163 -0.0010681152 2.574637
  vertex -6.332177 -0.00088119507 2.574637
 endloop
endfacet
facet normal 0.5862998 0.13441995 0.7988641
 outer loop
  vertex -6.5961533 -0.000975132 2.7683892
  vertex -6.332177 -0.00088119507 2.574637
  vertex -6.332222 -0.00068569183 2.574637
 endloop
endfacet
facet normal 0.5862742 0.13441409 0.7988838
 outer loop
  vertex -6.332222 -0.00068569183 2.574637
  vertex -6.332177 -0.00088119507 2.574637
  vertex -6.0682344 -0.0005631447 2.3808846
 endloop
endfacet
facet normal 0.58142745 0.18488906 0.7923119
 outer loop
  vertex -6.332222 -0.00068569183 2.574637
  vertex -6.0682344 -0.0005631447 2.3808846
  vertex -6.068307 -0.00033521652 2.3808846
 endloop
endfacet
facet normal 0.58142686 0.18488887 0.7923124
 outer loop
  vertex -6.068307 -0.00033521652 2.3808846
  vertex -6.0682344 -0.0005631447 2.3808846
  vertex -5.540259 -0.00031757355 1.9933802
 endloop
endfacet
facet normal 0.58681685 0.12727319 0.7996546
 outer loop
  vertex -6.068307 -0.00033521652 2.3808846
  vertex -5.540259 -0.00031757355 1.9933802
  vertex -5.5403214 -2.9563904e-05 1.9933802
 endloop
endfacet
facet normal 0.5868166 0.12727314 0.7996548
 outer loop
  vertex -5.5403214 -2.9563904e-05 1.9933802
  vertex -5.540259 -0.00031757355 1.9933802
  vertex -5.0123353 0.00027608871 1.6058756
 endloop
endfacet
facet normal 0.57929075 0.20291542 0.78946024
 outer loop
  vertex -5.5403214 -2.9563904e-05 1.9933802
  vertex -5.0123353 0.00027608871 1.6058756
  vertex -5.0124536 0.0006136894 1.6058756
 endloop
endfacet
facet normal 0.57927924 0.20291138 0.7894698
 outer loop
  vertex -5.0124536 0.0006136894 1.6058756
  vertex -5.0123353 0.00027608871 1.6058756
  vertex -4.484471 0.0009770393 1.218371
 endloop
endfacet
facet normal 0.56684494 0.2859498 0.77260566
 outer loop
  vertex -5.0124536 0.0006136894 1.6058756
  vertex -4.484471 0.0009770393 1.218371
  vertex -4.4846597 0.0013513565 1.218371
 endloop
endfacet
facet normal 0.5668359 0.28594524 0.772614
 outer loop
  vertex -4.4846597 0.0013513565 1.218371
  vertex -4.484471 0.0009770393 1.218371
  vertex -3.6760492 0.0019936562 0.6248883
 endloop
endfacet
facet normal 0.55735546 0.33486512 0.75975
 outer loop
  vertex -4.4846597 0.0013513565 1.218371
  vertex -3.6760492 0.0019936562 0.6248883
  vertex -3.677538 0.0022587776 0.62586355
 endloop
endfacet
facet normal 0.074862905 0.99197197 0.10191728
 outer loop
  vertex -6.1229987 0.0890398 1.9933802
  vertex -5.9850125 0.078626156 1.9933802
  vertex -5.049842 0.08767605 1.218371
 endloop
endfacet
facet normal 0.10541654 0.9847079 0.13870023
 outer loop
  vertex -5.049842 0.08767605 1.218371
  vertex -5.9850125 0.078626156 1.9933802
  vertex -5.9153624 0.07116985 1.9933802
 endloop
endfacet
facet normal 0.10305799 0.9853231 0.13607933
 outer loop
  vertex -5.049842 0.08767605 1.218371
  vertex -5.9153624 0.07116985 1.9933802
  vertex -4.8793955 0.06984854 1.218371
 endloop
endfacet
facet normal 0.14710072 0.9697137 0.19497856
 outer loop
  vertex -4.8793955 0.06984854 1.218371
  vertex -5.9153624 0.07116985 1.9933802
  vertex -5.845145 0.060518265 1.9933802
 endloop
endfacet
facet normal 0.13633983 0.9738716 0.18161935
 outer loop
  vertex -4.8793955 0.06984854 1.218371
  vertex -5.845145 0.060518265 1.9933802
  vertex -4.6903095 0.043376923 1.218371
 endloop
endfacet
facet normal 0.16336115 0.96122664 0.22216327
 outer loop
  vertex -4.6903095 0.043376923 1.218371
  vertex -5.845145 0.060518265 1.9933802
  vertex -5.6967525 0.035298824 1.9933802
 endloop
endfacet
facet normal 0.15099208 0.9667989 0.20615861
 outer loop
  vertex -4.6903095 0.043376923 1.218371
  vertex -5.6967525 0.035298824 1.9933802
  vertex -4.586404 0.0271492 1.218371
 endloop
endfacet
facet normal 0.17210925 0.9562609 0.23652382
 outer loop
  vertex -4.586404 0.0271492 1.218371
  vertex -5.6967525 0.035298824 1.9933802
  vertex -5.6174994 0.021034718 1.9933802
 endloop
endfacet
facet normal 0.17871079 0.9528381 0.24527968
 outer loop
  vertex -4.586404 0.0271492 1.218371
  vertex -5.6174994 0.021034718 1.9933802
  vertex -4.533047 0.017141819 1.218371
 endloop
endfacet
facet normal 0.19540215 0.94320035 0.2686839
 outer loop
  vertex -4.533047 0.017141819 1.218371
  vertex -5.6174994 0.021034718 1.9933802
  vertex -5.577167 0.0126791 1.9933802
 endloop
endfacet
facet normal 0.22063522 0.9272331 0.30258688
 outer loop
  vertex -4.533047 0.017141819 1.218371
  vertex -5.577167 0.0126791 1.9933802
  vertex -4.506405 0.010802269 1.218371
 endloop
endfacet
facet normal 0.23224826 0.91897875 0.31865156
 outer loop
  vertex -4.506405 0.010802269 1.218371
  vertex -5.577167 0.0126791 1.9933802
  vertex -5.557082 0.0076031685 1.9933802
 endloop
endfacet
facet normal 0.28213963 0.8782413 0.38612098
 outer loop
  vertex -4.506405 0.010802269 1.218371
  vertex -5.557082 0.0076031685 1.9933802
  vertex -4.493337 0.0066041946 1.218371
 endloop
endfacet
facet normal 0.28687432 0.8738126 0.39262533
 outer loop
  vertex -4.493337 0.0066041946 1.218371
  vertex -5.557082 0.0076031685 1.9933802
  vertex -5.547226 0.0043673515 1.9933802
 endloop
endfacet
facet normal 0.344569 0.81211007 0.47090283
 outer loop
  vertex -4.493337 0.0066041946 1.218371
  vertex -5.547226 0.0043673515 1.9933802
  vertex -4.4901757 0.0052628517 1.218371
 endloop
endfacet
facet normal 0.34276554 0.8142914 0.46844557
 outer loop
  vertex -4.4901757 0.0052628517 1.218371
  vertex -5.547226 0.0043673515 1.9933802
  vertex -5.5448346 0.0033607483 1.9933802
 endloop
endfacet
facet normal 0.3978166 0.7393921 0.54317707
 outer loop
  vertex -4.4901757 0.0052628517 1.218371
  vertex -5.5448346 0.0033607483 1.9933802
  vertex -4.4871545 0.0036373138 1.218371
 endloop
endfacet
facet normal 0.39155892 0.7488934 0.53464043
 outer loop
  vertex -4.4871545 0.0036373138 1.218371
  vertex -5.5448346 0.0033607483 1.9933802
  vertex -5.542539 0.0021605492 1.9933802
 endloop
endfacet
facet normal 0.46051806 0.6270117 0.62831473
 outer loop
  vertex -4.4871545 0.0036373138 1.218371
  vertex -5.542539 0.0021605492 1.9933802
  vertex -4.4857755 0.0026245117 1.218371
 endloop
endfacet
facet normal 0.45042515 0.647632 0.6145649
 outer loop
  vertex -4.4857755 0.0026245117 1.218371
  vertex -5.542539 0.0021605492 1.9933802
  vertex -5.5414805 0.0014243126 1.9933802
 endloop
endfacet
facet normal 0.5052798 0.5194703 0.6890885
 outer loop
  vertex -4.4857755 0.0026245117 1.218371
  vertex -5.5414805 0.0014243126 1.9933802
  vertex -4.4851637 0.002029419 1.218371
 endloop
endfacet
facet normal 0.49337274 0.55118984 0.6728842
 outer loop
  vertex -4.4851637 0.002029419 1.218371
  vertex -5.5414805 0.0014243126 1.9933802
  vertex -5.541003 0.0009970665 1.9933802
 endloop
endfacet
facet normal 0.532192 0.43617886 0.7256167
 outer loop
  vertex -4.4851637 0.002029419 1.218371
  vertex -5.541003 0.0009970665 1.9933802
  vertex -4.484895 0.0017018318 1.218371
 endloop
endfacet
facet normal 0.5202165 0.4756265 0.70933354
 outer loop
  vertex -4.484895 0.0017018318 1.218371
  vertex -5.541003 0.0009970665 1.9933802
  vertex -5.5407896 0.0007634163 1.9933802
 endloop
endfacet
facet normal 0.54963243 0.3694326 0.74928206
 outer loop
  vertex -4.484895 0.0017018318 1.218371
  vertex -5.5407896 0.0007634163 1.9933802
  vertex -4.4846597 0.0013513565 1.218371
 endloop
endfacet
facet normal 0.5380181 0.41536644 0.7334897
 outer loop
  vertex -4.4846597 0.0013513565 1.218371
  vertex -5.5407896 0.0007634163 1.9933802
  vertex -5.5405974 0.0005145073 1.9933802
 endloop
endfacet
facet normal 0.5626905 0.30839235 0.76698995
 outer loop
  vertex -4.4846597 0.0013513565 1.218371
  vertex -5.5405974 0.0005145073 1.9933802
  vertex -5.0124536 0.0006136894 1.6058756
 endloop
endfacet
facet normal 0.5566977 0.3380309 0.7588298
 outer loop
  vertex -5.0124536 0.0006136894 1.6058756
  vertex -5.5405974 0.0005145073 1.9933802
  vertex -5.5404367 0.00024986267 1.9933802
 endloop
endfacet
facet normal 0.5746686 0.23732047 0.78322095
 outer loop
  vertex -5.0124536 0.0006136894 1.6058756
  vertex -5.5404367 0.00024986267 1.9933802
  vertex -5.5403214 -2.9563904e-05 1.9933802
 endloop
endfacet
facet normal 0.57466847 0.23732042 0.78322107
 outer loop
  vertex -5.5403214 -2.9563904e-05 1.9933802
  vertex -5.5404367 0.00024986267 1.9933802
  vertex -6.06842 -0.00011396408 2.3808846
 endloop
endfacet
facet normal 0.5662772 0.28924072 0.7717966
 outer loop
  vertex -5.5403214 -2.9563904e-05 1.9933802
  vertex -6.06842 -0.00011396408 2.3808846
  vertex -6.068307 -0.00033521652 2.3808846
 endloop
endfacet
facet normal 0.5662775 0.28924087 0.77179635
 outer loop
  vertex -6.068307 -0.00033521652 2.3808846
  vertex -6.06842 -0.00011396408 2.3808846
  vertex -6.3322997 -0.0004878044 2.574637
 endloop
endfacet
facet normal 0.576238 0.22632962 0.78531826
 outer loop
  vertex -6.068307 -0.00033521652 2.3808846
  vertex -6.3322997 -0.0004878044 2.574637
  vertex -6.332222 -0.00068569183 2.574637
 endloop
endfacet
facet normal 0.57626003 0.22633828 0.7852996
 outer loop
  vertex -6.332222 -0.00068569183 2.574637
  vertex -6.3322997 -0.0004878044 2.574637
  vertex -6.59621 -0.0008087158 2.7683892
 endloop
endfacet
facet normal 0.57993996 0.19774456 0.7902953
 outer loop
  vertex -6.332222 -0.00068569183 2.574637
  vertex -6.59621 -0.0008087158 2.7683892
  vertex -6.5961533 -0.000975132 2.7683892
 endloop
endfacet
facet normal 0.5799407 0.1977448 0.7902948
 outer loop
  vertex -6.5961533 -0.000975132 2.7683892
  vertex -6.59621 -0.0008087158 2.7683892
  vertex -6.728204 -0.0008702278 2.8652654
 endloop
endfacet
facet normal 0.5750624 0.2350884 0.7836049
 outer loop
  vertex -6.5961533 -0.000975132 2.7683892
  vertex -6.728204 -0.0008702278 2.8652654
  vertex -6.728142 -0.001021862 2.8652654
 endloop
endfacet
facet normal 0.5750327 0.23507628 0.7836303
 outer loop
  vertex -6.728142 -0.001021862 2.8652654
  vertex -6.728204 -0.0008702278 2.8652654
  vertex -6.8601975 -0.00093126297 2.9621415
 endloop
endfacet
facet normal 0.567962 0.2800368 0.7739499
 outer loop
  vertex -6.728142 -0.001021862 2.8652654
  vertex -6.8601975 -0.00093126297 2.9621415
  vertex -6.86013 -0.0010685921 2.9621415
 endloop
endfacet
facet normal 0.0021713222 0.99980974 0.019383736
 outer loop
  vertex -8.281412 0.07786846 3.5433984
  vertex -8.040549 0.07734537 3.5433984
  vertex -7.4765716 0.09114599 2.7683892
 endloop
endfacet
facet normal 0.0082477275 0.99968266 0.023803303
 outer loop
  vertex -7.4765716 0.09114599 2.7683892
  vertex -8.040549 0.07734537 3.5433984
  vertex -6.396707 0.100690365 1.9933802
 endloop
endfacet
facet normal 0.0135660535 0.99942076 0.031210402
 outer loop
  vertex -7.4765716 0.09114599 2.7683892
  vertex -6.396707 0.100690365 1.9933802
  vertex -6.6717315 0.10442352 1.9933802
 endloop
endfacet
facet normal 0.0135660535 0.99942076 0.031209784
 outer loop
  vertex -6.6717315 0.10442352 1.9933802
  vertex -6.396707 0.100690365 1.9933802
  vertex -5.8668914 0.11770058 1.218371
 endloop
endfacet
facet normal 0.004700071 0.9997467 0.022008125
 outer loop
  vertex -6.6717315 0.10442352 1.9933802
  vertex -5.8668914 0.11770058 1.218371
  vertex -5.6282883 0.13283587 0.4798752
 endloop
endfacet
facet normal -0.007282302 0.999809 0.018137973
 outer loop
  vertex -5.6282883 0.13283587 0.4798752
  vertex -5.8668914 0.11770058 1.218371
  vertex -5.4929385 0.13356018 0.49429142
 endloop
endfacet
facet normal 0.029833019 0.9983493 0.049078282
 outer loop
  vertex -5.1075864 0.1282239 0.54275024
  vertex -5.8668914 0.11770058 1.218371
  vertex -5.2143874 0.09820223 1.218371
 endloop
endfacet
facet normal 0.029842254 0.99865836 0.042319868
 outer loop
  vertex -5.2143874 0.09820223 1.218371
  vertex -5.8668914 0.11770058 1.218371
  vertex -6.396707 0.100690365 1.9933802
 endloop
endfacet
facet normal 0.042446457 0.9972008 0.06155296
 outer loop
  vertex -5.2143874 0.09820223 1.218371
  vertex -6.396707 0.100690365 1.9933802
  vertex -6.1229987 0.0890398 1.9933802
 endloop
endfacet
facet normal 0.04244646 0.99720085 0.061552368
 outer loop
  vertex -6.1229987 0.0890398 1.9933802
  vertex -6.396707 0.100690365 1.9933802
  vertex -7.03161 0.07987785 2.7683892
 endloop
endfacet
facet normal 0.07488118 0.99221396 0.0995195
 outer loop
  vertex -6.1229987 0.0890398 1.9933802
  vertex -7.03161 0.07987785 2.7683892
  vertex -5.9850125 0.078626156 1.9933802
 endloop
endfacet
facet normal 0.09136912 0.98834133 0.1217916
 outer loop
  vertex -5.9850125 0.078626156 1.9933802
  vertex -7.03161 0.07987785 2.7683892
  vertex -6.9201827 0.06957674 2.7683892
 endloop
endfacet
facet normal 0.105416544 0.98470795 0.13869959
 outer loop
  vertex -5.9850125 0.078626156 1.9933802
  vertex -6.9201827 0.06957674 2.7683892
  vertex -5.9153624 0.07116985 1.9933802
 endloop
endfacet
facet normal 0.13383178 0.9753365 0.17552146
 outer loop
  vertex -5.9153624 0.07116985 1.9933802
  vertex -6.9201827 0.06957674 2.7683892
  vertex -6.8651304 0.062022686 2.7683892
 endloop
endfacet
facet normal 0.16614725 0.96238387 0.21497095
 outer loop
  vertex -5.9153624 0.07116985 1.9933802
  vertex -6.8651304 0.062022686 2.7683892
  vertex -6.3280196 0.055853367 2.3808846
 endloop
endfacet
facet normal 0.18977515 0.9500117 0.24791801
 outer loop
  vertex -6.3280196 0.055853367 2.3808846
  vertex -6.8651304 0.062022686 2.7683892
  vertex -6.8108945 0.05118847 2.7683892
 endloop
endfacet
facet normal 0.18312225 0.9534281 0.23966886
 outer loop
  vertex -6.3280196 0.055853367 2.3808846
  vertex -6.8108945 0.05118847 2.7683892
  vertex -6.199974 0.031260014 2.3808846
 endloop
endfacet
facet normal 0.20850368 0.9369245 0.28053266
 outer loop
  vertex -6.199974 0.031260014 2.3808846
  vertex -6.8108945 0.05118847 2.7683892
  vertex -6.703196 0.027221203 2.7683892
 endloop
endfacet
facet normal 0.18826027 0.9486074 0.2543659
 outer loop
  vertex -6.199974 0.031260014 2.3808846
  vertex -6.703196 0.027221203 2.7683892
  vertex -6.133047 0.017977715 2.3808846
 endloop
endfacet
facet normal 0.210503 0.9343829 0.28743172
 outer loop
  vertex -6.133047 0.017977715 2.3808846
  vertex -6.703196 0.027221203 2.7683892
  vertex -6.6485944 0.014920235 2.7683892
 endloop
endfacet
facet normal 0.2083352 0.9357473 0.28455836
 outer loop
  vertex -6.133047 0.017977715 2.3808846
  vertex -6.6485944 0.014920235 2.7683892
  vertex -6.099227 0.010447979 2.3808846
 endloop
endfacet
facet normal 0.22660781 0.923131 0.31060916
 outer loop
  vertex -6.099227 0.010447979 2.3808846
  vertex -6.6485944 0.014920235 2.7683892
  vertex -6.621287 0.008216858 2.7683892
 endloop
endfacet
facet normal 0.24129634 0.91249853 0.33033687
 outer loop
  vertex -6.099227 0.010447979 2.3808846
  vertex -6.621287 0.008216858 2.7683892
  vertex -6.082421 0.0060038567 2.3808846
 endloop
endfacet
facet normal 0.25425088 0.90220106 0.3484103
 outer loop
  vertex -6.082421 0.0060038567 2.3808846
  vertex -6.621287 0.008216858 2.7683892
  vertex -6.607759 0.004404545 2.7683892
 endloop
endfacet
facet normal 0.2906394 0.8703072 0.39761043
 outer loop
  vertex -6.082421 0.0060038567 2.3808846
  vertex -6.607759 0.004404545 2.7683892
  vertex -6.0741706 0.0032486916 2.3808846
 endloop
endfacet
facet normal 0.29611984 0.8649555 0.4051729
 outer loop
  vertex -6.0741706 0.0032486916 2.3808846
  vertex -6.607759 0.004404545 2.7683892
  vertex -6.601115 0.0021300316 2.7683892
 endloop
endfacet
facet normal 0.34117603 0.81618744 0.46630132
 outer loop
  vertex -6.0741706 0.0032486916 2.3808846
  vertex -6.601115 0.0021300316 2.7683892
  vertex -6.072164 0.002409935 2.3808846
 endloop
endfacet
facet normal 0.3389811 0.818803 0.4633071
 outer loop
  vertex -6.072164 0.002409935 2.3808846
  vertex -6.601115 0.0021300316 2.7683892
  vertex -6.5994935 0.0014586449 2.7683892
 endloop
endfacet
facet normal 0.3866436 0.75611365 0.52801394
 outer loop
  vertex -6.072164 0.002409935 2.3808846
  vertex -6.5994935 0.0014586449 2.7683892
  vertex -6.070232 0.0014219284 2.3808846
 endloop
endfacet
facet normal 0.37900937 0.76710933 0.51758593
 outer loop
  vertex -6.070232 0.0014219284 2.3808846
  vertex -6.5994935 0.0014586449 2.7683892
  vertex -6.597924 0.00068330765 2.7683892
 endloop
endfacet
facet normal 0.44171005 0.6644961 0.60277444
 outer loop
  vertex -6.070232 0.0014219284 2.3808846
  vertex -6.597924 0.00068330765 2.7683892
  vertex -6.069333 0.00082445145 2.3808846
 endloop
endfacet
facet normal 0.42828628 0.6891758 0.5844721
 outer loop
  vertex -6.069333 0.00082445145 2.3808846
  vertex -6.597924 0.00068330765 2.7683892
  vertex -6.597186 0.0002245903 2.7683892
 endloop
endfacet
facet normal 0.47546616 0.59435606 0.648593
 outer loop
  vertex -6.069333 0.00082445145 2.3808846
  vertex -6.597186 0.0002245903 2.7683892
  vertex -6.332883 0.00022315979 2.574637
 endloop
endfacet
facet normal 0.46561754 0.6162585 0.63515806
 outer loop
  vertex -6.332883 0.00022315979 2.574637
  vertex -6.597186 0.0002245903 2.7683892
  vertex -6.596843 -3.4809113e-05 2.7683892
 endloop
endfacet
facet normal 0.49996847 0.533963 0.6818468
 outer loop
  vertex -6.332883 0.00022315979 2.574637
  vertex -6.596843 -3.4809113e-05 2.7683892
  vertex -6.5965357 -0.00032234192 2.7683892
 endloop
endfacet
facet normal 0.4999676 0.53396213 0.6818481
 outer loop
  vertex -6.5965357 -0.00032234192 2.7683892
  vertex -6.596843 -3.4809113e-05 2.7683892
  vertex -6.860803 -0.00029325485 2.9621415
 endloop
endfacet
facet normal 0.48386574 0.5748325 0.65988
 outer loop
  vertex -6.5965357 -0.00032234192 2.7683892
  vertex -6.860803 -0.00029325485 2.9621415
  vertex -6.86052 -0.00053167343 2.9621415
 endloop
endfacet
facet normal 0.48386583 0.5748326 0.65987986
 outer loop
  vertex -6.86052 -0.00053167343 2.9621415
  vertex -6.860803 -0.00029325485 2.9621415
  vertex -6.992512 -0.00063610077 3.0590177
 endloop
endfacet
facet normal 0.51149106 0.5019501 0.69744027
 outer loop
  vertex -6.86052 -0.00053167343 2.9621415
  vertex -6.992512 -0.00063610077 3.0590177
  vertex -6.8603945 -0.0006594658 2.9621415
 endloop
endfacet
facet normal 0.50018936 0.5335353 0.6820196
 outer loop
  vertex -6.8603945 -0.0006594658 2.9621415
  vertex -6.992512 -0.00063610077 3.0590177
  vertex -6.99239 -0.0007505417 3.0590177
 endloop
endfacet
facet normal 0.5332368 0.43266442 0.7269525
 outer loop
  vertex -6.8603945 -0.0006594658 2.9621415
  vertex -6.99239 -0.0007505417 3.0590177
  vertex -6.8602858 -0.00079345703 2.9621415
 endloop
endfacet
facet normal 0.5215948 0.4715217 0.71105987
 outer loop
  vertex -6.8602858 -0.00079345703 2.9621415
  vertex -6.99239 -0.0007505417 3.0590177
  vertex -6.9922824 -0.000869751 3.0590177
 endloop
endfacet
facet normal 0.5531943 0.35415533 0.7540226
 outer loop
  vertex -6.8602858 -0.00079345703 2.9621415
  vertex -6.9922824 -0.000869751 3.0590177
  vertex -6.8601975 -0.00093126297 2.9621415
 endloop
endfacet
facet normal 0.5418684 0.4011506 0.7385505
 outer loop
  vertex -6.8601975 -0.00093126297 2.9621415
  vertex -6.9922824 -0.000869751 3.0590177
  vertex -6.9921913 -0.000992775 3.0590177
 endloop
endfacet
facet normal 0.5679303 0.28000993 0.773983
 outer loop
  vertex -6.8601975 -0.00093126297 2.9621415
  vertex -6.9921913 -0.000992775 3.0590177
  vertex -6.86013 -0.0010685921 2.9621415
 endloop
endfacet
facet normal 0.557616 0.33413565 0.7598801
 outer loop
  vertex -6.86013 -0.0010685921 2.9621415
  vertex -6.9921913 -0.000992775 3.0590177
  vertex -6.992118 -0.0011153221 3.0590177
 endloop
endfacet
facet normal 0.57802737 0.21335769 0.7876312
 outer loop
  vertex -6.86013 -0.0010685921 2.9621415
  vertex -6.992118 -0.0011153221 3.0590177
  vertex -6.8600807 -0.0012016296 2.9621415
 endloop
endfacet
facet normal 0.57328194 0.24734342 0.7811332
 outer loop
  vertex -6.8600807 -0.0012016296 2.9621415
  vertex -6.992118 -0.0011153221 3.0590177
  vertex -6.992016 -0.0013518333 3.0590177
 endloop
endfacet
facet normal 0.5849487 0.15109198 0.79687285
 outer loop
  vertex -6.8600807 -0.0012016296 2.9621415
  vertex -6.992016 -0.0013518333 3.0590177
  vertex -6.8600473 -0.0013308525 2.9621415
 endloop
endfacet
facet normal 0.5849732 0.15082058 0.79690623
 outer loop
  vertex -6.8600473 -0.0013308525 2.9621415
  vertex -6.992016 -0.0013518333 3.0590177
  vertex -6.9919586 -0.0015788078 3.0590186
 endloop
endfacet
facet normal 0.59013695 0.07571108 0.80374515
 outer loop
  vertex -6.8600473 -0.0013308525 2.9621415
  vertex -6.9919586 -0.0015788078 3.0590186
  vertex -6.860017 -0.0015788078 2.9621425
 endloop
endfacet
endsolid 
